Soil_pH,Nitrogen_Level,Phosphorus_Level,Potassium_Level,Temperature,Humidity,Rainfall,Crop_Type,Crop_Growth_Stage,Recommended_Fertilizer,,
6.07,61,44,84,19.84,83.31,1693.22,Cotton,Harvest,MOP,,
6.39,59,56,18,24.4,46.27,1030.21,Maize,Vegetative,Urea,,
7.92,43,21,119,24.82,71.86,1166.16,Cotton,Flowering,Urea,,
5.86,88,46,34,27.87,53.23,2881.83,Wheat,Flowering,MOP,,
7.98,104,53,98,24.17,51.87,714.84,Potato,Sowing,Zinc Sulphate,,
4.85,48,31,87,29.46,52.03,2682.91,Rice,Harvest,Urea,,
7.61,56,20,40,36.52,68.36,2263.05,Maize,Sowing,Urea,,
7.89,39,64,22,21.94,62.28,1917.67,Wheat,Harvest,Urea,,
5.23,23,19,74,36.3,75.3,1947.46,Cotton,Vegetative,Urea,,
6.22,158,51,39,16.59,39.18,1384.23,Rice,Harvest,MOP,,
5.16,105,89,82,13.64,55.53,1428.78,Maize,Harvest,Compost,,
7.33,71,85,113,17.18,81.62,2429.03,Potato,Vegetative,NPK,,
6.64,62,64,38,16.2,30.19,2470.42,Wheat,Harvest,MOP,,
7.04,141,59,104,39.55,67.41,1799.24,Cotton,Vegetative,NPK,,
5.29,151,41,27,21.43,77.14,2352.06,Maize,Vegetative,MOP,,
5.35,96,77,12,29.54,53.03,2468.15,Wheat,Harvest,MOP,,
4.67,102,27,44,30.88,83.02,1129.91,Rice,Sowing,DAP,,
5.79,88,74,75,23.36,74.14,1945.4,Rice,Sowing,NPK,,
6.74,33,34,13,16.71,66.36,1420.22,Potato,Harvest,Urea,,
7.93,89,40,50,23.14,41.9,474.7,Potato,Harvest,Zinc Sulphate,,
7.17,24,28,88,24.21,70.21,2015.7,Wheat,Flowering,Urea,,
6.24,21,27,90,38.62,80.03,1844.96,Rice,Harvest,Urea,,
8.31,25,77,99,27.06,73.79,487.27,Rice,Sowing,Urea,,
7.38,53,42,104,39.1,64.49,398.28,Wheat,Sowing,Urea,,
8.22,41,79,39,27.3,72.87,898.98,Cotton,Flowering,Urea,,
6.61,151,16,96,14.35,88.61,2533.56,Sugarcane,Flowering,DAP,,
5.54,132,10,103,21.53,30.65,378.3,Maize,Flowering,DAP,,
4.71,153,89,20,33.77,69.84,1489.03,Rice,Flowering,MOP,,
7.4,86,68,42,22.65,77.58,701.3,Cotton,Sowing,Zinc Sulphate,,
4.99,96,43,47,12.99,68.33,909.95,Cotton,Flowering,Compost,,
5.71,109,61,119,12.88,46.39,2355.79,Potato,Flowering,Urea,,
6.63,135,20,14,17.11,79.37,2581.69,Sugarcane,Flowering,DAP,,
6.76,106,17,68,26.94,84.8,1824.81,Tomato,Harvest,DAP,,
6.9,87,62,108,34.9,71.01,2617.08,Wheat,Harvest,DAP,,
5.17,120,24,60,26.01,60.66,2599.24,Rice,Sowing,DAP,,
6.02,76,37,74,32.38,51.98,820.25,Maize,Flowering,DAP,,
6.97,153,23,77,29.37,49.8,2006.05,Rice,Vegetative,DAP,,
8.38,90,67,67,25.72,73.39,2379.32,Maize,Flowering,Zinc Sulphate,,
7.41,122,66,57,16.44,66.43,1770.95,Maize,Sowing,DAP,,
8.19,152,61,67,36.5,39.41,2456.18,Sugarcane,Flowering,Zinc Sulphate,,
7.55,79,46,111,18.27,38.47,1960.73,Potato,Flowering,Compost,,
6.87,128,11,46,17.58,34.27,996.48,Maize,Flowering,DAP,,
5.27,120,43,16,17.73,71.01,2119.67,Wheat,Flowering,MOP,,
7.17,28,43,69,12.87,48.86,1846.4,Maize,Sowing,Urea,,
6.99,151,67,68,24.96,31.21,1949.86,Cotton,Harvest,NPK,,
6.91,93,82,19,19.83,50.26,466.9,Tomato,Harvest,MOP,,
6.46,115,70,42,25.66,79.93,552.06,Cotton,Harvest,Compost,,
6.61,148,63,60,23.59,44.86,2481.03,Tomato,Sowing,Zinc Sulphate,,
5.84,106,76,87,25.59,68.01,1407.56,Potato,Flowering,Urea,,
6.58,134,39,45,18.93,56.38,802.78,Rice,Harvest,DAP,,
5.29,135,89,47,34.45,62.93,459.49,Maize,Flowering,Compost,,
7.72,147,68,64,26.03,65.75,936.13,Sugarcane,Sowing,MOP,,
5.24,110,67,39,16.25,57.29,1026.55,Tomato,Vegetative,MOP,,
4.84,98,33,35,37.05,33.47,2952.3,Maize,Flowering,DAP,,
6.24,137,24,104,13.28,64.06,2536.61,Maize,Flowering,DAP,,
7.13,26,31,51,32,53.85,419.68,Maize,Sowing,Urea,,
6.25,152,41,56,30.35,41.99,2295.66,Sugarcane,Flowering,SSP,,
5.61,135,84,28,12.19,83.79,1779,Rice,Vegetative,MOP,,
6.73,122,51,113,37.05,74.16,839.73,Potato,Vegetative,NPK,,
5.89,72,68,86,19.49,47.04,2290.42,Maize,Harvest,Zinc Sulphate,,
8.23,138,64,96,32.23,62.34,284.5,Rice,Harvest,Zinc Sulphate,,
8.19,22,14,92,18.31,87.79,2248.29,Sugarcane,Sowing,Urea,,
6.51,81,50,89,25.77,44.73,2706.81,Rice,Vegetative,NPK,,
5.81,51,66,34,39.17,86.84,2671.32,Rice,Harvest,Urea,,
7.45,21,62,99,28.32,71,2362.55,Wheat,Vegetative,Urea,,
4.65,99,47,94,18.89,62.45,2817.25,Maize,Harvest,Compost,,
6.4,143,10,27,23.75,88.99,2180.52,Tomato,Sowing,DAP,,
5.85,100,69,18,30.28,50.02,2122.84,Tomato,Harvest,MOP,,
8.18,72,85,97,23.36,46.69,273.34,Rice,Harvest,Zinc Sulphate,,
4.55,159,55,113,37.32,50.38,687.73,Maize,Harvest,Compost,,
6.71,143,13,26,36.02,75.05,2388,Wheat,Flowering,DAP,,
7.46,152,24,103,14.4,50.22,2993.01,Wheat,Harvest,DAP,,
6.44,23,21,13,33.55,36.17,2215.81,Rice,Sowing,Urea,,
4.84,75,10,64,38.27,68.66,1823.52,Rice,Flowering,DAP,,
8.39,99,86,63,19.51,43.38,713.57,Tomato,Sowing,Zinc Sulphate,,
6.57,64,39,37,17.15,30.25,2854.15,Wheat,Sowing,DAP,,
6.96,72,83,114,10.29,41.95,2019.25,Cotton,Harvest,DAP,,
5.45,92,15,49,13.47,79.15,1569.31,Rice,Sowing,DAP,,
6.43,35,82,18,38.83,86.41,2611.88,Tomato,Flowering,Urea,,
6.22,112,59,45,21.73,69.72,2869.19,Cotton,Harvest,Compost,,
4.8,132,11,17,21.62,48.63,1239.32,Potato,Flowering,DAP,,
4.92,49,15,71,18,56.19,1644.2,Sugarcane,Sowing,Urea,,
7.85,39,84,95,14.92,41.67,522.29,Sugarcane,Vegetative,Urea,,
5.46,125,86,98,25.26,82.85,2887.59,Tomato,Flowering,Compost,,
5.28,106,47,58,31.7,69.93,537.89,Sugarcane,Sowing,Compost,,
6.52,55,85,79,26.52,35.06,2801.28,Rice,Flowering,Urea,,
7.57,41,27,99,11.06,52.02,734.9,Tomato,Vegetative,Urea,,
4.75,148,28,51,34.1,62.28,2744.57,Rice,Harvest,DAP,,
6.81,40,37,11,37.95,77.84,1466.46,Sugarcane,Flowering,Urea,,
4.98,24,21,40,23.21,85.23,1857.78,Cotton,Sowing,Urea,,
4.65,139,61,85,20.99,37.96,299.74,Rice,Vegetative,Compost,,
4.71,101,86,28,16.9,80.07,1304.28,Rice,Vegetative,MOP,,
7.84,98,67,110,19.06,33.95,1581.5,Maize,Harvest,Zinc Sulphate,,
4.97,64,31,110,29.33,44.43,226.4,Maize,Flowering,DAP,,
4.68,77,54,74,33.1,31.26,2050.4,Maize,Sowing,Compost,,
6.25,64,71,83,19.97,33.83,2548.91,Wheat,Vegetative,NPK,,
7.88,57,51,69,20.19,31.95,269.38,Rice,Vegetative,Urea,,
5.55,70,76,71,23.53,38.76,1579.1,Sugarcane,Sowing,DAP,,
6.19,43,18,69,15.11,82.59,294.45,Wheat,Sowing,Urea,,
4.66,110,73,107,37.82,47.03,2645.22,Wheat,Harvest,Compost,,
6.3,44,24,25,31.16,58.78,650.28,Wheat,Harvest,Urea,,
6.81,89,39,114,23.01,59.23,363.87,Sugarcane,Harvest,DAP,,
6.78,68,35,16,13.67,89.72,2601.55,Wheat,Harvest,DAP,,
5.83,36,78,86,35.46,51.88,1444.62,Maize,Vegetative,Urea,,
5.76,62,31,77,24.51,45.91,467.15,Potato,Sowing,DAP,,
4.93,101,63,112,33.91,87.79,2014.17,Tomato,Vegetative,Compost,,
5.97,82,67,104,11,65.55,2175.68,Wheat,Sowing,Zinc Sulphate,,
4.9,43,88,83,18.21,47.37,1791.34,Cotton,Sowing,Urea,,
7.57,52,62,21,28.66,47.25,1129.96,Maize,Vegetative,Urea,,
8.37,36,28,107,24.64,35.18,1388.56,Rice,Vegetative,Urea,,
8.38,63,43,101,18.85,63.41,2873.55,Rice,Harvest,Zinc Sulphate,,
7.96,126,23,14,16.03,73.42,1696.21,Maize,Vegetative,DAP,,
6.9,118,31,101,19.05,58.48,1311.77,Tomato,Sowing,DAP,,
7.3,48,22,56,32.27,83.07,2182.94,Potato,Harvest,Urea,,
5.64,31,73,20,15.51,59.04,413.24,Tomato,Flowering,Urea,,
7.02,119,65,43,27.81,50.78,1012.64,Rice,Sowing,MOP,,
6.32,146,81,88,22.71,45.05,834.12,Sugarcane,Harvest,Compost,,
6.43,156,51,60,32.89,44.6,2104.29,Sugarcane,Harvest,SSP,,
7.53,105,75,14,16.05,48.99,1890.96,Potato,Harvest,MOP,,
5.63,72,72,57,18.1,89.52,2326.42,Wheat,Vegetative,NPK,,
5.77,80,51,94,21.96,51.65,1394.96,Potato,Vegetative,NPK,,
8.2,132,43,40,15,61.48,687.04,Tomato,Vegetative,Zinc Sulphate,,
4.72,67,38,49,23.84,46.48,711.92,Tomato,Flowering,DAP,,
6.44,127,35,16,22.48,38.61,2698.31,Cotton,Flowering,DAP,,
8.15,98,32,108,39.7,68.75,409.7,Potato,Harvest,DAP,,
6.94,66,45,94,27.82,62.71,1863.54,Tomato,Flowering,DAP,,
6.69,86,18,49,12.08,34.07,848.68,Wheat,Flowering,DAP,,
5.5,83,51,78,23.8,82.97,799.98,Cotton,Sowing,NPK,,
5.87,141,76,23,36.36,60.46,475.54,Potato,Vegetative,MOP,,
7.91,63,16,107,36,50.12,2941.99,Tomato,Sowing,DAP,,
6.74,24,32,19,38.85,76.76,370.76,Rice,Sowing,Urea,,
6.56,113,41,91,36.83,36.73,613.7,Maize,Flowering,DAP,,
4.9,98,32,90,15.29,58.43,1222.47,Wheat,Harvest,DAP,,
4.56,58,25,111,10.11,62.93,1476.23,Potato,Harvest,Urea,,
8.35,121,78,58,28.49,76.51,2862.24,Sugarcane,Sowing,Zinc Sulphate,,
6.01,111,22,105,31.07,52.21,877.01,Tomato,Sowing,DAP,,
6.91,40,19,26,13.94,81.3,2218.74,Wheat,Sowing,Urea,,
4.82,93,68,95,15.01,71.86,2037.89,Sugarcane,Flowering,Compost,,
7.23,47,11,98,38.89,76.26,1648.99,Maize,Sowing,Urea,,
8.23,132,89,60,38.31,88.14,944.97,Maize,Vegetative,Zinc Sulphate,,
6.8,47,61,89,14.71,80.69,638.58,Maize,Sowing,Urea,,
5,105,10,71,17.41,50.81,694.26,Wheat,Sowing,DAP,,
6.83,121,79,39,36.76,68.75,1168.78,Potato,Sowing,MOP,,
7.57,38,63,64,23.05,82.12,583.94,Sugarcane,Vegetative,Urea,,
6.13,82,28,43,33.94,61.51,2996.03,Rice,Flowering,DAP,,
8.02,135,37,78,21.88,70.97,1448.29,Cotton,Vegetative,DAP,,
7.09,57,14,117,32.09,40.34,1709.17,Maize,Vegetative,Urea,,
8.1,65,85,42,21.9,78.95,1926.08,Rice,Vegetative,Zinc Sulphate,,
6.99,111,39,14,36.98,75.45,748.2,Wheat,Harvest,DAP,,
5.03,28,28,113,19.77,83.33,1548.91,Cotton,Sowing,Urea,,
5.74,28,51,51,25.69,72.61,376.09,Potato,Vegetative,Urea,,
5.31,40,34,12,25.65,82.61,2913.67,Potato,Flowering,Urea,,
8.14,43,44,72,29.47,39.73,1523.91,Potato,Sowing,Urea,,
7.54,114,18,47,19.2,78.82,283.05,Rice,Harvest,DAP,,
7.21,112,48,22,29.28,87.18,1877.41,Potato,Harvest,MOP,,
5.7,59,65,17,14.23,78.93,480.32,Potato,Harvest,Urea,,
5.24,151,47,70,36.81,66.91,2411.95,Rice,Harvest,Compost,,
7.53,150,24,39,14.33,85.59,2869.4,Potato,Harvest,DAP,,
6.4,40,55,59,35.21,35.67,2766.37,Maize,Sowing,Urea,,
5.4,27,46,78,30.79,31.01,1397.79,Rice,Harvest,Urea,,
6.97,139,69,47,20.23,87.92,2195.23,Potato,Sowing,MOP,,
4.66,129,71,68,19.82,70.98,636.25,Rice,Vegetative,Compost,,
5.8,148,40,104,38.98,36.85,411.95,Potato,Harvest,NPK,,
6.37,33,39,11,15.85,50.4,2498.94,Cotton,Harvest,Urea,,
5.09,95,75,66,31.69,74.93,2146.47,Tomato,Flowering,Compost,,
8.44,55,16,16,15.51,75.02,2739.77,Cotton,Sowing,Urea,,
5.34,136,39,89,37.16,40.2,2760.85,Wheat,Sowing,DAP,,
5.02,64,42,19,32.26,58.21,1172.38,Maize,Harvest,MOP,,
5.31,30,47,38,37.98,78.44,1092.21,Maize,Flowering,Urea,,
7.58,86,28,103,36.37,88.01,1437.32,Tomato,Flowering,DAP,,
6.2,117,18,93,26.48,67.35,2063.91,Rice,Vegetative,DAP,,
6.76,109,41,115,14.57,68.29,213.97,Maize,Flowering,NPK,,
4.58,132,39,43,16.64,58.16,1696.91,Maize,Sowing,DAP,,
4.64,109,15,81,16.05,62.34,255.25,Tomato,Vegetative,DAP,,
6.28,108,70,107,16.62,35.94,1461.89,Sugarcane,Harvest,DAP,,
7.77,30,46,107,24.29,50.98,430.38,Tomato,Flowering,Urea,,
8.04,99,88,54,36.03,60.44,1774.21,Tomato,Harvest,Zinc Sulphate,,
4.85,103,80,109,10.69,46.5,1079.97,Potato,Harvest,Compost,,
6.65,125,87,80,17.15,51.59,1540.96,Tomato,Vegetative,NPK,,
8.15,135,29,67,27.9,88.27,2881.54,Rice,Vegetative,DAP,,
6.05,21,39,87,35.96,30.31,1154.71,Potato,Flowering,Urea,,
7.82,73,27,93,18.92,48.16,2213.99,Sugarcane,Sowing,DAP,,
5.03,112,72,110,21.48,65.04,2113.23,Wheat,Flowering,Compost,,
8.24,26,70,42,21.2,46.74,2633,Tomato,Vegetative,Urea,,
7.51,59,66,104,18.81,70.59,1136.35,Cotton,Sowing,Urea,,
8.27,64,31,106,30.96,47.96,357.02,Maize,Harvest,DAP,,
7.21,151,58,99,29.67,68.29,2917.77,Maize,Sowing,NPK,,
5.95,126,27,99,35.3,80.99,1214.6,Tomato,Flowering,DAP,,
8.25,53,70,60,37.53,69.52,742.47,Sugarcane,Vegetative,Urea,,
5.6,27,87,73,37.01,32.99,2759.48,Tomato,Sowing,Urea,,
5.83,51,77,47,26.2,77.71,733.71,Potato,Vegetative,Urea,,
7.3,94,16,89,15.57,42.77,1680.52,Maize,Vegetative,DAP,,
7.56,56,16,21,16.66,68.09,2315.4,Cotton,Sowing,Urea,,
8.22,55,74,72,27.71,68.8,2246.84,Rice,Flowering,Urea,,
5.32,29,49,74,37.55,78.22,282.5,Sugarcane,Sowing,Urea,,
7.69,89,33,69,25.91,60.35,766.82,Maize,Sowing,DAP,,
7.45,137,41,117,38.07,52.56,2687.78,Cotton,Flowering,Compost,,
4.76,114,19,29,17.87,61.08,1748.91,Maize,Flowering,DAP,,
6.05,91,18,75,12.59,62.75,2124.22,Maize,Vegetative,DAP,,
5.63,142,48,104,33.89,79.29,1326.42,Rice,Vegetative,NPK,,
5.72,80,12,27,36.38,42.3,2286.57,Sugarcane,Vegetative,DAP,,
8.43,55,78,51,23.44,80.81,1009.47,Potato,Vegetative,Urea,,
7.07,57,16,83,13.07,51.94,849.69,Tomato,Harvest,Urea,,
7.37,123,21,15,11.27,74.63,2991.91,Sugarcane,Vegetative,DAP,,
8.41,111,32,75,11.88,50.14,641.42,Cotton,Vegetative,DAP,,
6.01,25,72,89,23.17,72.53,2947.81,Tomato,Flowering,Urea,,
7.71,152,26,78,17.04,77.95,2794.23,Tomato,Harvest,DAP,,
6.24,111,87,111,23.86,63.48,2201.09,Potato,Sowing,Zinc Sulphate,,
7.98,20,73,95,24.65,67.17,1829.52,Potato,Harvest,Urea,,
5.22,33,74,31,23.74,72.47,212.68,Sugarcane,Vegetative,Urea,,
8.29,102,37,31,28.6,71.31,1978.8,Wheat,Harvest,DAP,,
5.38,50,67,74,30.38,73.64,2362.75,Rice,Harvest,Urea,,
5.8,140,27,109,21.88,80.98,2252.05,Maize,Flowering,DAP,,
7.52,98,53,58,20.11,43.23,681.78,Sugarcane,Sowing,Urea,,
6.08,121,73,86,21.05,42.88,1724.69,Wheat,Vegetative,NPK,,
6.93,51,46,21,12.11,88.24,1740.55,Sugarcane,Flowering,Urea,,
6.28,76,12,72,19.65,81.08,2028.07,Tomato,Harvest,DAP,,
7.47,50,23,22,16,65.5,2526.65,Tomato,Flowering,Urea,,
5.41,77,16,71,18.73,30.49,2155.05,Maize,Harvest,DAP,,
4.73,67,26,68,31.43,81.29,595.66,Sugarcane,Harvest,DAP,,
5.7,142,79,20,39.66,75.1,253.29,Maize,Sowing,MOP,,
6.4,60,88,91,37.71,87.38,582.44,Potato,Harvest,Zinc Sulphate,,
5.17,140,48,95,34.65,30.79,312.79,Cotton,Harvest,Compost,,
5.92,80,14,10,32.12,31.71,1422.97,Sugarcane,Sowing,DAP,,
6.1,151,88,77,38.35,61.05,994.51,Rice,Flowering,Zinc Sulphate,,
4.73,139,61,18,32.56,81.36,220.47,Maize,Vegetative,MOP,,
6.83,115,35,12,24.13,89.48,424.78,Potato,Vegetative,DAP,,
8.04,131,48,81,28.04,49.2,1313.12,Rice,Flowering,Zinc Sulphate,,
5.11,60,54,18,19.17,32.18,2831.33,Cotton,Sowing,MOP,,
6.89,45,86,91,10.1,41.73,2985.44,Rice,Flowering,Urea,,
7.16,38,40,78,20.61,82.62,340.34,Rice,Vegetative,Urea,,
6.18,106,86,31,22.14,57.99,2525.62,Tomato,Flowering,MOP,,
7.3,44,32,110,31.99,81.2,1544.72,Cotton,Flowering,Urea,,
6.14,66,49,78,35.78,56.63,1938.92,Potato,Vegetative,NPK,,
6.52,27,41,32,38.88,33.2,1616.71,Sugarcane,Flowering,Urea,,
4.53,22,13,89,20.55,67.05,2788.62,Cotton,Sowing,Urea,,
7.27,52,55,14,38.72,56.14,1539.76,Wheat,Vegetative,Urea,,
7.15,131,84,110,33.98,59.48,670.32,Maize,Vegetative,NPK,,
4.65,41,51,117,10.93,86.94,2383.59,Tomato,Vegetative,Urea,,
5.97,118,48,48,27.86,57.42,1638.57,Potato,Flowering,MOP,,
8.42,117,79,12,20.97,77.79,527.79,Potato,Vegetative,MOP,,
6.18,49,65,35,11.02,33.53,1492.46,Maize,Sowing,Urea,,
6.51,66,56,17,25.95,58.74,2124.71,Potato,Harvest,MOP,,
8.14,78,47,94,27.54,65.2,1028.35,Potato,Flowering,Zinc Sulphate,,
7.37,33,27,61,17.57,36.79,2753.53,Sugarcane,Flowering,Urea,,
6.83,92,11,91,38.2,48.13,2579.88,Potato,Sowing,DAP,,
7.69,124,63,78,28.31,74.38,1790.11,Cotton,Sowing,SSP,,
7.96,33,39,15,15.28,41.03,352.24,Tomato,Vegetative,Urea,,
6.33,68,13,36,31.64,37.71,1833.14,Maize,Flowering,DAP,,
6.4,22,16,95,24.97,47.96,1363.69,Maize,Vegetative,Urea,,
6.04,42,88,31,24.2,81.54,2227.39,Potato,Flowering,Urea,,
8.37,128,66,111,35.04,75.78,947.69,Potato,Harvest,Zinc Sulphate,,
7.29,62,39,65,14.15,76.61,1896.14,Rice,Flowering,DAP,,
4.83,90,53,111,24.73,49.35,1752.42,Cotton,Sowing,Compost,,
7.95,74,86,52,33.42,35.94,1675.18,Rice,Vegetative,Zinc Sulphate,,
6.42,145,38,36,29.81,31.92,524.55,Wheat,Flowering,DAP,,
4.78,101,45,54,10.16,65.17,1571.68,Wheat,Vegetative,Compost,,
6.7,60,57,55,33.62,72.14,1741.74,Wheat,Flowering,NPK,,
6.17,150,28,42,38.34,52.67,2797.44,Sugarcane,Vegetative,DAP,,
8.01,22,72,115,31.14,61.73,1490.42,Tomato,Flowering,Urea,,
5.32,119,11,104,36.28,46.74,1991.62,Tomato,Vegetative,DAP,,
7.81,42,23,37,20.82,51.86,1793.89,Cotton,Harvest,Urea,,
6.73,146,89,103,20.52,73.79,746.69,Sugarcane,Harvest,Zinc Sulphate,,
4.72,77,44,107,19.63,73.09,716.35,Wheat,Vegetative,Compost,,
8.39,137,30,118,32.05,31.69,2270.31,Potato,Sowing,DAP,,
6.55,136,26,90,38.26,86.65,1664.58,Sugarcane,Vegetative,DAP,,
5.66,101,41,60,36.56,46.14,2708.89,Maize,Harvest,MOP,,
6.38,121,32,73,14.51,84.46,2742.83,Sugarcane,Sowing,DAP,,
7.93,153,15,44,28.78,60.71,1031.81,Tomato,Sowing,DAP,,
5.72,127,38,45,39.88,59.95,484.28,Cotton,Vegetative,DAP,,
5.27,65,72,15,18.86,57.04,1163.43,Rice,Harvest,MOP,,
5.02,25,79,118,29.04,85.35,387.71,Cotton,Flowering,Urea,,
5.69,142,13,102,37.2,42.49,2387.51,Rice,Sowing,DAP,,
7.62,111,67,67,36.99,66.7,609.31,Tomato,Vegetative,NPK,,
6.39,38,40,32,19.64,49.07,2625.81,Potato,Harvest,Urea,,
5.41,33,31,23,12.82,84.91,1362.92,Sugarcane,Harvest,Urea,,
5.16,84,36,82,29.38,40.16,980.09,Sugarcane,Vegetative,DAP,,
5.83,115,25,65,38.41,70.57,1604.25,Cotton,Vegetative,DAP,,
8.26,65,15,88,25.24,55.31,1895.32,Potato,Flowering,DAP,,
5.87,35,89,111,23.73,69.67,2164.32,Tomato,Sowing,Urea,,
8.45,127,16,34,35.92,39.46,1146.91,Rice,Harvest,DAP,,
6.44,158,23,29,22.74,53.62,2952.32,Wheat,Sowing,DAP,,
5.22,37,12,116,30.43,36.44,1382.4,Potato,Flowering,Urea,,
8.06,127,58,95,21.66,88.13,2536.51,Wheat,Sowing,Zinc Sulphate,,
6.34,88,45,80,21.31,42.84,297.63,Tomato,Flowering,SSP,,
7.34,139,38,27,15.63,89.59,2378.3,Sugarcane,Vegetative,DAP,,
8.43,107,13,26,12.65,55.11,1743.75,Sugarcane,Sowing,DAP,,
4.7,109,49,23,36.55,34.29,1990.95,Potato,Flowering,MOP,,
4.89,35,50,35,15.44,31.05,1244.06,Potato,Sowing,Urea,,
7.38,121,31,113,11.87,65.94,1725.55,Potato,Flowering,DAP,,
5.63,153,88,41,27.47,66.88,2810.22,Maize,Harvest,Compost,,
5.24,144,13,102,26.38,61.49,1280.9,Sugarcane,Harvest,DAP,,
4.66,139,32,113,27.03,33.98,496.14,Potato,Sowing,DAP,,
4.59,95,13,68,24.04,49.89,2217.44,Sugarcane,Vegetative,DAP,,
7.6,92,77,80,14.26,51.54,1614.46,Maize,Sowing,Zinc Sulphate,,
5.04,60,27,66,10.63,72.29,1389.84,Maize,Sowing,DAP,,
6.37,125,10,82,11.39,55.13,2377.89,Cotton,Flowering,DAP,,
6.92,140,41,21,38.29,64.38,1774.1,Potato,Harvest,MOP,,
6.21,108,30,12,25.96,47.18,1967.87,Sugarcane,Harvest,DAP,,
4.61,137,47,41,21.99,73.56,2793.01,Wheat,Sowing,Compost,,
7.63,85,35,106,22.32,32.81,363.83,Sugarcane,Harvest,DAP,,
4.54,65,50,24,29.57,89.31,934.67,Sugarcane,Sowing,MOP,,
7.55,127,58,18,21.3,68.49,2715.02,Potato,Flowering,MOP,,
8.07,23,50,58,33.89,38.93,2419.64,Tomato,Flowering,Urea,,
6.23,157,68,53,17.8,73.05,728.08,Rice,Sowing,DAP,,
6.64,114,13,90,21.02,77.19,673.53,Rice,Flowering,DAP,,
6.41,125,22,37,38.05,77.32,2510.38,Cotton,Harvest,DAP,,
6.06,99,70,54,17.81,46.24,1748.02,Wheat,Flowering,NPK,,
8.05,70,60,22,29.85,87.52,2608.95,Rice,Harvest,MOP,,
8.08,153,44,56,20.94,31.06,2769.52,Potato,Harvest,Zinc Sulphate,,
5.84,140,74,30,24.14,52.79,394.72,Potato,Flowering,MOP,,
6.96,23,58,59,11.36,36.25,2915.38,Tomato,Vegetative,Urea,,
8.21,110,58,56,15.02,53.09,2206.13,Wheat,Flowering,Zinc Sulphate,,
8.35,73,23,14,13.06,33.43,2536.5,Maize,Harvest,DAP,,
6.54,22,46,16,35.34,68.7,1964.94,Sugarcane,Flowering,Urea,,
6.31,49,39,47,38.85,33.75,1054.45,Cotton,Sowing,Urea,,
5.61,95,23,46,12.04,66.95,1878.41,Wheat,Flowering,DAP,,
8.34,60,84,92,12.31,44.05,1644.44,Potato,Flowering,Zinc Sulphate,,
5.07,125,36,114,26.57,40.75,2809.81,Rice,Flowering,DAP,,
6.82,78,71,41,25.12,50.82,1754.09,Sugarcane,Flowering,DAP,,
5.63,59,12,65,29.52,68.46,278.11,Sugarcane,Vegetative,Urea,,
5.62,64,79,52,32.1,64.69,2121.07,Sugarcane,Flowering,Compost,,
6.12,34,48,76,33.92,70.83,341.51,Potato,Harvest,Urea,,
8.5,36,28,112,14.47,85.14,2843.2,Tomato,Sowing,Urea,,
4.72,127,85,108,11.14,42.2,1562.46,Cotton,Harvest,Compost,,
6.81,44,48,36,36.67,54.8,2910.42,Tomato,Vegetative,Urea,,
4.83,62,19,111,24.09,45.95,272.42,Maize,Vegetative,DAP,,
5.12,80,56,60,39.14,65.18,1691.98,Sugarcane,Flowering,Compost,,
6.26,150,32,57,25.98,47,833.38,Sugarcane,Harvest,DAP,,
6.54,47,68,81,25.3,63.48,1994.08,Sugarcane,Sowing,Urea,,
5.54,126,29,62,28.69,79.39,1594.99,Maize,Vegetative,DAP,,
5.77,143,54,92,15.1,63.06,1785.15,Rice,Harvest,Zinc Sulphate,,
4.85,103,53,103,17.62,80.29,1206.99,Potato,Harvest,Compost,,
5.71,46,27,57,37.17,66.68,344.32,Tomato,Harvest,Urea,,
8.37,102,57,113,16.37,82.22,497.07,Wheat,Flowering,Zinc Sulphate,,
8.28,119,84,19,16.99,85.83,2603.97,Sugarcane,Flowering,MOP,,
5.84,95,10,103,25.3,60.47,2167.76,Sugarcane,Flowering,DAP,,
6.78,54,41,18,29.23,77.44,2354.31,Rice,Sowing,Urea,,
8.14,116,73,95,10.03,58.13,543.47,Maize,Vegetative,Zinc Sulphate,,
4.52,119,16,104,23.7,72.31,337.88,Potato,Vegetative,DAP,,
7.74,32,80,55,21.97,32.25,248.37,Potato,Flowering,Urea,,
8.29,25,55,19,35.97,88.01,1661.08,Tomato,Flowering,Urea,,
4.87,93,33,45,35.19,83.66,1602.51,Maize,Harvest,DAP,,
5.15,29,78,19,37.18,83.6,509.81,Wheat,Vegetative,Urea,,
8.34,40,45,36,35.26,46.88,1170.54,Tomato,Flowering,Urea,,
6.65,146,76,88,33.6,46.99,1684.6,Maize,Harvest,MOP,,
4.56,75,59,28,35.77,54.16,2092.28,Maize,Flowering,MOP,,
5.53,76,68,20,15.24,82.81,2468,Rice,Sowing,MOP,,
6.3,149,67,41,20.23,81.52,1995.89,Rice,Vegetative,NPK,,
7.27,58,55,29,30.51,47.37,284.02,Rice,Sowing,Urea,,
7.43,80,79,55,37.69,62.51,1841.06,Wheat,Flowering,SSP,,
8.48,129,32,69,30.01,58.51,446.18,Maize,Flowering,DAP,,
5.65,33,21,88,16.24,69.04,1781.75,Rice,Vegetative,Urea,,
6.65,78,37,77,38.34,42.83,1252.76,Cotton,Sowing,DAP,,
6.63,128,67,26,32.81,35.1,1001.75,Potato,Harvest,MOP,,
6.12,60,70,74,31.5,31.64,1548.81,Sugarcane,Harvest,MOP,,
5.18,159,64,66,32.88,52.89,1268.14,Cotton,Flowering,Compost,,
8.41,144,43,28,29.77,86.8,2524.76,Wheat,Vegetative,MOP,,
7.91,55,27,14,10.66,71.09,834.18,Maize,Harvest,Urea,,
6.49,40,44,91,17.61,74.95,582.79,Maize,Flowering,Urea,,
6.91,75,57,90,38.7,86.71,2543.54,Tomato,Harvest,MOP,,
5.41,60,46,64,18.66,55.32,881.54,Sugarcane,Sowing,Compost,,
6.68,146,50,115,33.15,58.46,290.26,Wheat,Sowing,Urea,,
7.28,125,15,114,22.73,51.57,1283.55,Tomato,Vegetative,DAP,,
6.56,105,89,13,37.23,40.88,2493.33,Potato,Vegetative,MOP,,
8.46,57,48,61,26.73,75.98,1409.24,Wheat,Flowering,Urea,,
6.95,27,13,28,28.96,84.4,1516.24,Cotton,Sowing,Urea,,
5.98,125,25,40,17.19,78.83,332.15,Wheat,Flowering,DAP,,
7.59,127,61,12,11.73,32.86,2190.94,Maize,Sowing,MOP,,
5.18,149,28,76,32.7,47.95,1162.38,Maize,Harvest,DAP,,
6.04,83,26,38,12.03,65.53,2240.13,Tomato,Harvest,DAP,,
5.89,63,54,62,31.65,49.63,1350.72,Maize,Sowing,DAP,,
6.23,120,11,17,26.66,39.01,1675.3,Maize,Flowering,DAP,,
7.63,125,11,14,34.6,62.3,1850.56,Cotton,Flowering,DAP,,
6.44,84,64,73,16.17,61.29,751.29,Maize,Flowering,Compost,,
7.68,84,13,104,26.25,72.59,1023.24,Maize,Harvest,DAP,,
6.81,137,21,36,28.43,89.99,1839.59,Tomato,Harvest,DAP,,
5.87,143,63,42,12.23,68.89,2504.23,Sugarcane,Sowing,MOP,,
7.74,127,69,67,32.17,49.01,2892.04,Cotton,Sowing,Urea,,
5.45,114,38,71,21.67,87.38,1667.68,Cotton,Vegetative,DAP,,
5.4,155,70,91,13.87,64.28,406.96,Wheat,Harvest,Compost,,
6.52,86,55,97,21.61,68.74,2876.84,Wheat,Harvest,SSP,,
5.54,130,58,35,12.95,51.45,1378.15,Rice,Sowing,MOP,,
4.54,95,27,104,36.64,57.11,486.94,Maize,Vegetative,DAP,,
7.09,68,85,23,23.7,55.12,2922.17,Maize,Sowing,MOP,,
6.54,26,83,98,14.14,86.17,985.44,Sugarcane,Harvest,Urea,,
6.28,34,33,41,17.56,78.58,2039.15,Potato,Vegetative,Urea,,
8.37,104,26,112,31.74,35.44,603.53,Cotton,Sowing,DAP,,
6.78,57,65,50,33.58,48.83,2214.78,Cotton,Harvest,Urea,,
7.95,56,61,23,11.24,33.34,2933.68,Sugarcane,Flowering,Urea,,
5.06,141,80,57,11.8,61.01,2958.16,Tomato,Flowering,Compost,,
6.78,35,29,57,37.52,46.77,553.39,Cotton,Flowering,Urea,,
7.97,20,38,100,19.93,34.4,2352.38,Potato,Harvest,Urea,,
6.83,56,84,95,15.8,76.32,2060.01,Sugarcane,Vegetative,Urea,,
7.37,64,59,47,13.69,35.47,2444.12,Potato,Harvest,Zinc Sulphate,,
5.99,102,24,16,24.28,46.29,1132.98,Maize,Harvest,DAP,,
4.87,42,40,42,33.13,76.3,1324.89,Maize,Vegetative,Urea,,
6.33,113,22,116,25.63,60.69,1157.07,Tomato,Harvest,DAP,,
6.08,100,65,114,10.62,79.03,2346.25,Sugarcane,Harvest,MOP,,
7.97,85,28,106,24.52,54.87,2465.49,Maize,Flowering,DAP,,
5.48,158,79,33,19.35,78.89,898.04,Wheat,Flowering,MOP,,
8.37,77,37,35,30.49,62.29,1803.81,Wheat,Sowing,DAP,,
8.33,48,31,59,25.71,35.28,552.71,Rice,Vegetative,Urea,,
5.49,102,37,51,38.96,58.29,236.86,Sugarcane,Vegetative,DAP,,
5.89,148,89,104,27.94,63.21,1908.21,Cotton,Vegetative,NPK,,
8.08,152,42,100,28.97,66.73,2552.57,Cotton,Harvest,Zinc Sulphate,,
8.37,134,54,22,25.61,85.67,2738.35,Rice,Sowing,MOP,,
6.27,53,57,40,19.33,41.01,1937.01,Wheat,Vegetative,Urea,,
5.78,144,72,105,28.92,66.36,2464.34,Sugarcane,Harvest,Compost,,
6.6,97,35,32,19.99,75.12,1331.87,Rice,Vegetative,DAP,,
7.25,38,10,46,31.52,83.4,2650.94,Wheat,Harvest,Urea,,
5.59,107,71,113,17.11,61.52,2369.21,Sugarcane,Flowering,Compost,,
7.45,100,81,118,21.03,42.84,1063.88,Maize,Flowering,Zinc Sulphate,,
4.71,114,12,68,27.51,79.06,1872.21,Wheat,Harvest,DAP,,
4.7,91,86,67,28.85,84.3,343.52,Sugarcane,Vegetative,Compost,,
6.05,57,14,25,30.06,36.38,610.44,Wheat,Flowering,Urea,,
5.91,59,54,48,31.01,43.78,2850.63,Tomato,Sowing,Urea,,
5.76,139,21,81,19.55,82.29,227.31,Wheat,Flowering,DAP,,
6.46,107,57,91,36.78,59.06,769.06,Tomato,Harvest,DAP,,
5.78,109,23,100,10.9,40.15,588.66,Rice,Vegetative,DAP,,
5.27,49,62,18,15.65,68.72,2156.55,Tomato,Vegetative,Urea,,
5.74,151,54,73,12.1,57.5,495.94,Tomato,Flowering,MOP,,
8.4,152,41,101,30.15,88.08,256.36,Maize,Flowering,Zinc Sulphate,,
6.14,85,39,31,18.21,43.36,2805.37,Tomato,Flowering,DAP,,
6.28,114,21,84,15.97,51.73,2643.73,Potato,Flowering,DAP,,
6.81,46,53,63,24.42,39.97,1203.66,Potato,Vegetative,Urea,,
8.43,75,34,31,28.57,32.98,481.47,Tomato,Flowering,DAP,,
5.47,64,51,23,28.58,46.43,2098.97,Sugarcane,Vegetative,MOP,,
7.23,87,30,96,26.72,79.19,2672.72,Wheat,Vegetative,DAP,,
7.36,24,70,75,39.76,46.03,2929.03,Cotton,Vegetative,Urea,,
6.93,127,75,88,35.81,71.78,564.35,Tomato,Harvest,Zinc Sulphate,,
4.85,66,30,59,17.17,61.56,1880.59,Maize,Flowering,DAP,,
7.21,152,35,14,32.76,61.18,1405.54,Wheat,Flowering,DAP,,
4.76,24,41,102,27.08,76.89,638.9,Cotton,Vegetative,Urea,,
6.88,140,26,106,12.12,67.07,2462.11,Rice,Harvest,DAP,,
7.46,92,13,117,11.49,39.59,2390.13,Tomato,Harvest,DAP,,
5.34,66,48,103,33.99,43.25,2901.02,Sugarcane,Flowering,Compost,,
7.87,23,24,119,26.35,62.63,439.49,Maize,Flowering,Urea,,
4.62,110,42,26,27.14,80.72,868.85,Maize,Flowering,MOP,,
7.88,84,70,10,20.09,39.14,2517.21,Sugarcane,Harvest,MOP,,
6.34,115,23,23,37.91,36.41,1307.19,Wheat,Harvest,DAP,,
5.37,99,56,64,31.4,61.05,1532.62,Sugarcane,Flowering,Compost,,
5.04,106,11,117,37.83,41.32,1912.27,Sugarcane,Harvest,DAP,,
8.31,80,75,26,12.98,89.65,1343.67,Maize,Harvest,MOP,,
4.79,119,57,18,27.51,30.26,299.11,Wheat,Flowering,MOP,,
5.3,138,73,108,29.13,56.93,1891.16,Sugarcane,Sowing,Compost,,
5.89,128,75,104,13.78,39.75,840.84,Potato,Sowing,NPK,,
6.98,155,57,21,20.39,70.86,2912.84,Potato,Harvest,MOP,,
6.68,101,27,118,16.44,67.81,2132.91,Wheat,Harvest,DAP,,
5,32,60,75,39.53,78.42,2553.83,Rice,Sowing,Urea,,
5.66,62,13,24,26.3,63.8,2872.32,Tomato,Harvest,DAP,,
5.46,111,42,43,19.46,41.36,377.31,Potato,Flowering,Compost,,
5.35,39,32,46,29.93,33.2,616.34,Maize,Flowering,Urea,,
6.14,67,62,62,29.79,73.33,2462.47,Maize,Sowing,Compost,,
7.32,119,22,50,20.42,56.4,2677.42,Rice,Sowing,DAP,,
5.37,38,80,103,39.82,43.33,213.66,Sugarcane,Sowing,Urea,,
5.97,88,67,87,34.27,45.11,2846.63,Rice,Harvest,Zinc Sulphate,,
6.06,36,72,118,22.01,38.94,1472.26,Rice,Vegetative,Urea,,
8.41,55,74,13,29.8,47.01,1495.35,Maize,Flowering,Urea,,
8.32,101,51,17,31.32,77.52,2660.48,Cotton,Vegetative,MOP,,
7.7,89,49,96,15.21,67.24,1010.69,Maize,Sowing,MOP,,
5.47,135,30,80,36.34,89.24,1833.78,Rice,Harvest,DAP,,
4.77,20,89,26,34.78,61.46,1135.73,Maize,Vegetative,Urea,,
5.77,100,42,31,32.67,61.29,517.95,Cotton,Harvest,MOP,,
5.57,149,79,111,16.68,41.48,1204.02,Rice,Sowing,DAP,,
6.52,54,51,99,14.09,65.19,684.49,Tomato,Vegetative,Urea,,
7.61,146,46,17,15.42,66.5,1658.74,Maize,Flowering,MOP,,
7.93,46,81,31,12.79,42.39,1683.42,Sugarcane,Vegetative,Urea,,
7.88,65,10,49,38.21,35.28,1424.46,Rice,Flowering,DAP,,
5.94,27,86,118,35.54,52.13,686.68,Tomato,Sowing,Urea,,
7.25,112,35,31,12.72,40.33,532.45,Cotton,Vegetative,DAP,,
5.75,91,89,113,30.34,60.19,492.93,Maize,Flowering,Urea,,
4.74,133,48,14,17.37,61.57,514.06,Rice,Harvest,MOP,,
7.31,110,56,18,10.52,66.49,1025.66,Maize,Flowering,MOP,,
4.54,45,65,69,18.77,66.17,205.22,Potato,Flowering,Urea,,
6.14,122,67,29,23.2,70.49,374.32,Wheat,Vegetative,MOP,,
5.82,81,37,95,10.6,43.83,1517.24,Potato,Sowing,DAP,,
7.27,113,66,43,19.71,73.85,711.53,Rice,Flowering,NPK,,
7.56,80,80,108,31.01,61.49,937.46,Rice,Harvest,NPK,,
5.72,87,81,45,16.85,56.24,1189.3,Wheat,Harvest,DAP,,
7.75,48,54,92,24.55,68.87,311.02,Tomato,Flowering,Urea,,
5.68,65,74,101,36.63,60.08,816.06,Maize,Vegetative,NPK,,
6.29,120,13,80,10.85,61.54,2374.73,Sugarcane,Flowering,DAP,,
7.41,109,70,114,33.57,31.39,1154.51,Sugarcane,Harvest,Zinc Sulphate,,
7.27,152,70,47,21.52,78.12,721.25,Sugarcane,Flowering,MOP,,
8.45,107,52,76,26.23,55.45,753.68,Potato,Vegetative,Zinc Sulphate,,
5.4,146,28,41,16.93,61.08,2957.25,Wheat,Sowing,DAP,,
7.15,126,10,55,27.37,53.39,615.67,Potato,Vegetative,DAP,,
6.94,85,28,118,31.92,63.09,2735.17,Cotton,Vegetative,DAP,,
8.16,65,60,104,16.05,33.24,425.53,Rice,Vegetative,Zinc Sulphate,,
5.13,27,73,118,20.3,53.03,2648.41,Potato,Vegetative,Urea,,
7.51,120,72,34,27.02,70.12,1619.37,Cotton,Flowering,MOP,,
6.77,152,38,73,22.5,86.31,1904.38,Tomato,Sowing,DAP,,
5.6,92,28,42,18.79,80.95,888.61,Potato,Flowering,DAP,,
6.4,142,52,56,23.55,87.77,2716.1,Rice,Sowing,Zinc Sulphate,,
5.84,62,79,78,18.72,76.89,1844.01,Potato,Flowering,Zinc Sulphate,,
6.82,142,48,38,19.06,67.96,2091.96,Potato,Flowering,MOP,,
8.06,67,32,68,28.32,55.4,1758.93,Tomato,Vegetative,DAP,,
6.78,26,10,40,24.31,37.39,550.66,Cotton,Vegetative,Urea,,
7.03,59,70,35,30.31,45.05,2541.43,Cotton,Flowering,Urea,,
6.57,51,88,72,35.12,46.27,714.04,Wheat,Vegetative,Urea,,
4.7,124,34,67,38.29,55.67,1017.45,Wheat,Sowing,DAP,,
5.43,113,13,94,14.54,66.59,2074.65,Cotton,Vegetative,DAP,,
6.47,130,10,107,28.79,67.12,461.32,Rice,Flowering,DAP,,
5.74,108,49,110,27.47,57.33,2813.53,Tomato,Flowering,Compost,,
5.23,96,30,58,36.01,46.48,547.56,Maize,Flowering,DAP,,
6.52,28,52,74,36.88,33.39,2068.04,Cotton,Flowering,Urea,,
5.79,156,19,68,32.82,89.33,1978.34,Wheat,Sowing,DAP,,
5.53,83,75,71,27.86,86.37,2154.49,Tomato,Flowering,SSP,,
6.36,110,26,77,15.98,40.98,1413.37,Rice,Vegetative,DAP,,
5.03,114,22,56,18.3,66.32,1270.4,Maize,Flowering,DAP,,
8.21,112,19,31,28.08,47.74,2937.44,Cotton,Flowering,DAP,,
7.97,113,61,89,14.18,41.67,2488.04,Potato,Vegetative,Zinc Sulphate,,
7.33,143,19,118,15.52,71.06,1559.24,Potato,Sowing,DAP,,
4.92,89,56,73,37.34,77.17,710.35,Wheat,Vegetative,Compost,,
7.6,122,18,55,38.69,54.4,2693.55,Sugarcane,Sowing,DAP,,
7.73,83,55,68,10.16,33.54,2016.5,Rice,Harvest,NPK,,
7.57,114,77,41,35.87,54.09,580.17,Maize,Flowering,Urea,,
4.96,31,63,107,38.14,61.93,712.69,Wheat,Harvest,Urea,,
7.08,67,77,94,25.77,83.59,1714.3,Sugarcane,Sowing,NPK,,
7.84,82,13,100,23.47,69.41,1610.31,Cotton,Flowering,DAP,,
6.81,25,84,115,37.56,72.63,1345.99,Rice,Harvest,Urea,,
7.09,64,10,46,10.23,42.16,1395.25,Maize,Harvest,DAP,,
6.33,109,68,76,35.21,73.22,682.17,Wheat,Harvest,NPK,,
6.61,120,34,61,18.9,60.11,915.3,Tomato,Sowing,DAP,,
4.64,123,18,52,29.23,79.22,1579.58,Potato,Flowering,DAP,,
7.06,150,34,118,19.7,42.98,378.37,Cotton,Vegetative,DAP,,
4.83,146,80,43,25.69,60.89,1187.51,Wheat,Harvest,Compost,,
6.24,149,35,70,34.25,42.57,789.05,Tomato,Flowering,DAP,,
5.67,39,65,80,15.44,47.15,689.01,Sugarcane,Harvest,Urea,,
6.68,58,58,102,29.92,79.93,610.46,Potato,Flowering,Urea,,
5.03,159,74,76,36.95,71.27,592.53,Cotton,Flowering,Compost,,
7.27,55,70,54,37.03,73.71,649.23,Wheat,Flowering,Urea,,
7.68,111,18,111,36.82,34.11,1247.57,Rice,Sowing,DAP,,
5.15,28,19,50,25.55,73.73,484.07,Rice,Sowing,Urea,,
4.92,63,20,61,33.03,59.48,2711.72,Maize,Vegetative,DAP,,
5.08,94,45,75,23.41,57.55,1594.17,Rice,Sowing,Compost,,
8.01,72,65,21,23.8,54.76,1613.37,Rice,Harvest,MOP,,
6.61,49,41,24,18.52,81.11,791.06,Maize,Vegetative,Urea,,
6.37,134,81,25,18.56,40.65,2628.03,Tomato,Flowering,MOP,,
4.93,85,44,12,11.13,78.85,2518.77,Cotton,Sowing,MOP,,
7.1,57,13,36,25.94,85.7,295.89,Tomato,Vegetative,Urea,,
7.97,57,71,119,19.26,40.09,2250.73,Potato,Flowering,Urea,,
7.81,74,72,32,15.63,89.98,715.95,Wheat,Vegetative,MOP,,
7,95,17,73,13.65,89.43,1755.73,Cotton,Harvest,DAP,,
4.8,135,85,42,20.41,67.28,2637.45,Wheat,Vegetative,Compost,,
4.95,104,78,57,36.97,46.11,2815.35,Rice,Vegetative,Compost,,
4.7,42,70,100,25.49,55.78,716.47,Sugarcane,Harvest,Urea,,
5.53,115,72,97,26.71,40.22,2830.81,Maize,Sowing,NPK,,
5.04,68,70,64,11.63,37.21,394.83,Tomato,Harvest,Compost,,
5.54,132,46,111,25.6,72.24,2746.11,Potato,Sowing,Compost,,
6.04,133,13,36,30.03,64.79,2362.51,Cotton,Harvest,DAP,,
8.27,64,65,56,14.52,63.81,2758.71,Wheat,Vegetative,Zinc Sulphate,,
6.94,115,52,40,39.51,44.87,1225.21,Sugarcane,Vegetative,NPK,,
7.84,68,30,88,37.45,44.09,2834.18,Wheat,Vegetative,DAP,,
7.34,21,67,44,39.79,89.38,2491.85,Maize,Harvest,Urea,,
4.95,122,25,45,20.81,67.73,1119.3,Cotton,Vegetative,DAP,,
7.44,78,62,33,34.67,79.17,1149.02,Potato,Vegetative,MOP,,
5.6,79,27,26,19.86,52.71,1200.2,Maize,Harvest,DAP,,
7.06,41,66,54,32.47,80.62,1848.6,Potato,Harvest,Urea,,
5.86,108,47,107,38.43,73.34,709.32,Cotton,Sowing,MOP,,
8.49,125,41,71,14.65,51.01,1413.8,Maize,Harvest,Zinc Sulphate,,
5.55,72,28,10,14.21,73.06,389.45,Cotton,Vegetative,DAP,,
5.62,38,57,29,13.13,85.54,1203.28,Tomato,Harvest,Urea,,
8.22,68,83,79,33.95,42.82,2066.85,Tomato,Harvest,Zinc Sulphate,,
4.6,36,35,78,30,62.86,1850.51,Rice,Harvest,Urea,,
7.29,146,54,73,25.67,88,1086.3,Cotton,Harvest,SSP,,
7.4,38,54,102,33.22,79.28,920.17,Rice,Vegetative,Urea,,
7.85,49,24,79,35.5,67.22,1115.87,Sugarcane,Harvest,Urea,,
8.4,97,27,59,38.49,34.19,394.73,Tomato,Harvest,DAP,,
8.4,125,40,62,16.04,54.38,921.22,Cotton,Harvest,Zinc Sulphate,,
4.76,83,24,106,23.25,69.05,2182.54,Wheat,Harvest,DAP,,
7.79,51,24,118,37.69,54.58,700.5,Cotton,Vegetative,Urea,,
7.09,55,74,47,23.84,89.83,587.05,Cotton,Vegetative,Urea,,
7.09,29,55,61,24.63,75.2,2568.96,Sugarcane,Flowering,Urea,,
5.01,78,84,102,38.27,41.22,862.35,Wheat,Harvest,Compost,,
7.1,121,25,117,32.04,59.42,903.09,Rice,Harvest,DAP,,
8.43,137,64,70,26.56,53.04,1496.51,Potato,Vegetative,Zinc Sulphate,,
8.15,30,39,83,20.72,65.63,1521.35,Cotton,Flowering,Urea,,
6.26,98,50,105,37.46,56.79,721.37,Cotton,Flowering,Urea,,
4.66,110,76,34,10.27,44.27,1757.19,Wheat,Vegetative,MOP,,
5.95,121,26,101,19.63,73.46,2148.08,Tomato,Harvest,DAP,,
7.81,148,35,38,38.38,36.4,1556.58,Sugarcane,Vegetative,DAP,,
7.31,33,82,44,24.95,61.93,2707.22,Tomato,Flowering,Urea,,
6.34,150,73,56,28.72,48.61,2976.46,Tomato,Harvest,SSP,,
4.72,49,67,66,25.98,87.99,1680.11,Wheat,Vegetative,Urea,,
6.21,148,84,41,21.92,48.21,2923.55,Potato,Flowering,Zinc Sulphate,,
6.38,124,12,55,29.96,50.46,2010.17,Wheat,Flowering,DAP,,
8.21,62,37,45,32.99,72.43,1680.66,Maize,Harvest,DAP,,
7.06,57,13,80,20.93,37.71,2636.07,Rice,Sowing,Urea,,
5.75,108,49,19,27.72,49.48,2906.19,Tomato,Vegetative,MOP,,
6.6,63,84,55,12.48,71.75,2997.23,Sugarcane,Flowering,MOP,,
4.76,128,66,107,26.43,31.85,2325.69,Tomato,Flowering,Compost,,
8.39,74,74,106,32.43,48.66,1558.84,Cotton,Vegetative,Zinc Sulphate,,
5.94,74,56,35,27.56,30.5,1028.9,Tomato,Flowering,MOP,,
6.41,97,89,57,36.35,39.01,1762.35,Tomato,Harvest,NPK,,
5.92,126,43,57,18.59,66.25,2377.08,Tomato,Vegetative,NPK,,
7.23,76,54,22,24.75,57.4,275.11,Sugarcane,Harvest,MOP,,
7.15,149,41,39,12.62,39.36,949.42,Potato,Sowing,MOP,,
7.36,143,53,105,31,34.68,1192.89,Tomato,Vegetative,NPK,,
5.57,68,20,106,23.29,33.38,2383.85,Potato,Sowing,DAP,,
5.76,83,45,79,25.91,35.12,1917.95,Sugarcane,Vegetative,NPK,,
5,106,22,109,13.85,35.76,1391.98,Potato,Sowing,DAP,,
7.12,155,66,75,39.92,35.18,2773.95,Wheat,Flowering,Urea,,
4.66,88,34,16,33.16,33.3,1706.81,Cotton,Sowing,DAP,,
6.89,81,79,65,22.02,71.82,2226.95,Cotton,Vegetative,NPK,,
7.98,140,46,39,27.1,86.48,2035.32,Tomato,Harvest,MOP,,
8.06,71,13,119,28.56,81.36,2603.82,Maize,Flowering,DAP,,
6.3,52,35,64,38.82,45.95,2474.66,Cotton,Harvest,Urea,,
6.34,39,22,99,33.05,42.26,2969.29,Maize,Flowering,Urea,,
4.81,131,81,98,20.49,32.87,1261.74,Potato,Vegetative,Compost,,
7.18,56,60,42,39.33,39.36,661.64,Potato,Harvest,Urea,,
7.79,125,56,51,19.05,64.07,2327.49,Tomato,Harvest,Compost,,
5.48,124,42,15,27.31,89.89,2649.2,Wheat,Vegetative,MOP,,
6.19,70,89,17,31.02,81.54,352.24,Rice,Flowering,MOP,,
7.86,48,51,82,18.13,60.9,1132.05,Tomato,Flowering,Urea,,
8.01,156,40,84,38.69,55.41,2460.14,Potato,Vegetative,Zinc Sulphate,,
5.47,105,49,97,16.48,38.87,2113.62,Sugarcane,Flowering,Compost,,
6.7,59,25,79,23.25,55.12,2314.84,Sugarcane,Harvest,Urea,,
5.27,119,65,49,15.4,65.69,1720.96,Cotton,Flowering,Compost,,
4.91,42,83,65,36.25,65.73,1269.15,Cotton,Vegetative,Urea,,
8.14,122,45,89,16.65,63.45,2471.9,Sugarcane,Sowing,Zinc Sulphate,,
7.78,27,89,26,11.04,79.44,1752.71,Rice,Vegetative,Urea,,
7.54,93,65,97,11.17,60.61,1642.05,Rice,Flowering,NPK,,
4.7,83,57,16,22.41,58.37,2257.56,Tomato,Flowering,MOP,,
7.87,112,89,49,25.68,48.35,734.43,Rice,Harvest,Zinc Sulphate,,
6.25,139,67,113,11.25,40.81,1840.81,Cotton,Flowering,NPK,,
5.87,128,24,67,12.79,30.08,1052.36,Potato,Flowering,DAP,,
6.69,115,81,71,12.92,49.33,260.06,Cotton,Harvest,DAP,,
4.87,99,24,100,30.06,67.98,2296.83,Potato,Flowering,DAP,,
7.53,122,30,83,18.99,63.53,1529.12,Rice,Flowering,DAP,,
6.83,36,73,63,26.88,61.83,2729.09,Sugarcane,Sowing,Urea,,
5.25,39,16,18,12.21,76.34,1600.47,Maize,Harvest,Urea,,
5.25,134,61,60,36.76,43.97,228.53,Sugarcane,Flowering,Compost,,
5.24,31,28,19,19.13,70.71,1344.49,Potato,Harvest,Urea,,
4.73,143,55,58,33.35,66.43,679.01,Maize,Vegetative,Compost,,
6.85,141,47,39,34.8,50.34,2779.02,Potato,Sowing,MOP,,
7.86,91,22,18,39.64,43.11,1448.24,Rice,Flowering,DAP,,
4.57,104,53,55,32.23,63.76,1629.94,Cotton,Vegetative,Compost,,
4.7,129,31,35,23.28,86.71,1223.39,Rice,Sowing,DAP,,
6.79,37,80,73,14.58,34.58,1662.23,Wheat,Vegetative,Urea,,
7.78,48,44,43,11.44,87.18,431.82,Tomato,Flowering,Urea,,
5.81,154,12,108,36.59,57.89,1484.45,Tomato,Vegetative,DAP,,
5.9,59,25,36,23.4,72.6,2057.64,Tomato,Sowing,Urea,,
6.89,120,54,93,32.5,78.19,1242.31,Cotton,Vegetative,NPK,,
5.6,139,25,97,24.89,39.09,1299.47,Maize,Vegetative,DAP,,
4.61,153,75,36,36.39,32.7,2544.77,Tomato,Harvest,MOP,,
7.44,74,47,50,32.49,37.71,1702.55,Cotton,Harvest,SSP,,
7,92,33,92,12.56,50.46,1845.42,Tomato,Flowering,DAP,,
6.82,107,59,27,32.56,87.39,1031.09,Rice,Harvest,MOP,,
7.47,144,66,59,18,32.57,1552.34,Maize,Vegetative,NPK,,
7.2,41,65,52,33.19,85.19,351.09,Wheat,Harvest,Urea,,
5.32,69,75,50,38.46,63.68,1404.83,Sugarcane,Sowing,Compost,,
5.91,46,87,85,37.9,36.14,2447.55,Wheat,Sowing,Urea,,
5,67,86,113,13.75,39.16,652.08,Tomato,Flowering,Compost,,
5.02,85,82,27,11.64,71.36,2340.54,Tomato,Harvest,MOP,,
7.2,149,71,70,33.31,66.51,1247.8,Sugarcane,Harvest,Zinc Sulphate,,
7.93,65,23,81,31.3,40.05,275.77,Tomato,Flowering,DAP,,
8.35,90,75,109,15.29,84.26,2868.98,Cotton,Vegetative,Zinc Sulphate,,
7.01,147,69,111,30.54,37.97,707.8,Rice,Sowing,Urea,,
5.24,30,30,62,10.46,60.69,1137.35,Rice,Harvest,Urea,,
4.92,45,44,89,28.93,61.7,1546.04,Tomato,Harvest,Urea,,
7.75,68,39,62,34.97,82.23,2858.44,Sugarcane,Flowering,DAP,,
6.82,82,48,22,29.26,31.33,1827.27,Rice,Sowing,MOP,,
6.97,40,34,35,11.96,38.19,2734.95,Cotton,Harvest,Urea,,
7.63,98,53,99,39.73,40.24,1780.5,Wheat,Harvest,Compost,,
7.31,99,68,65,20.68,33.77,775.11,Cotton,Vegetative,NPK,,
7.84,28,15,94,21.41,67.89,1780.24,Cotton,Flowering,Urea,,
4.72,135,12,70,12.54,43.78,481.24,Wheat,Harvest,DAP,,
7.49,139,45,59,15.01,64.6,527.76,Tomato,Harvest,Zinc Sulphate,,
7.9,74,10,30,18.14,76.96,523.86,Potato,Sowing,DAP,,
5.64,60,43,17,33.98,54.51,234.31,Maize,Sowing,MOP,,
7.06,25,74,106,30.75,76.13,623.6,Maize,Sowing,Urea,,
5.76,20,35,79,27.51,76.67,1188.34,Sugarcane,Vegetative,Urea,,
8.33,114,27,73,35.92,45.81,401.93,Sugarcane,Sowing,DAP,,
4.63,152,45,59,39.93,30.94,217.26,Maize,Flowering,Compost,,
6.82,45,15,11,21.54,36.2,514.36,Potato,Vegetative,Urea,,
5.17,20,84,81,21.74,79.41,2820.96,Maize,Harvest,Urea,,
7.35,20,53,79,32.08,54.32,1671.79,Cotton,Vegetative,Urea,,
5.2,112,49,15,29.33,80.35,1418.07,Tomato,Harvest,MOP,,
5.44,57,39,31,10.4,62.85,1564.04,Rice,Flowering,Urea,,
6.48,60,87,98,29.66,41.84,1753.46,Sugarcane,Harvest,Compost,,
8.16,152,83,55,31.59,72.73,501.93,Rice,Flowering,Zinc Sulphate,,
5.35,82,40,104,39.58,63.49,1837.32,Wheat,Harvest,Compost,,
5.08,105,67,70,27.6,51.11,2535.83,Maize,Vegetative,Compost,,
7.54,103,64,44,30.53,35.26,1769.81,Cotton,Sowing,MOP,,
6.5,159,45,71,33.66,36.14,2672.53,Wheat,Vegetative,NPK,,
8.15,153,88,78,12.88,41.31,587.04,Sugarcane,Flowering,Zinc Sulphate,,
5.09,128,39,95,32.04,70.38,2512.48,Cotton,Vegetative,DAP,,
7.08,123,57,66,26.41,73.68,2055.32,Wheat,Flowering,Zinc Sulphate,,
5.43,54,87,34,13,67.85,1890.28,Wheat,Vegetative,Urea,,
5.13,94,26,91,30.1,50.24,1848.57,Rice,Flowering,DAP,,
7.23,144,36,82,17.04,56.43,533.05,Maize,Vegetative,DAP,,
6.87,71,72,34,26.14,72.57,1997.44,Potato,Sowing,MOP,,
7.52,52,86,102,18.43,69.59,1316.58,Cotton,Flowering,Urea,,
5.74,33,23,42,13.14,76.38,377.12,Cotton,Harvest,Urea,,
6.29,72,35,116,17.53,44.47,774.72,Potato,Flowering,DAP,,
6.12,80,52,17,23.16,30.27,1439.22,Cotton,Sowing,MOP,,
8.44,32,84,113,24.82,45.99,2980.34,Tomato,Sowing,Urea,,
5.67,34,10,22,14.45,50.87,1405.87,Wheat,Sowing,Urea,,
5.68,74,33,70,19.63,87.63,619.38,Potato,Harvest,DAP,,
5.92,66,29,17,35.78,43.06,2724.79,Maize,Sowing,DAP,,
6.76,116,81,114,37.31,79.58,298.67,Cotton,Sowing,DAP,,
5.51,94,17,117,26.06,67.35,554.84,Tomato,Harvest,DAP,,
8.16,34,39,36,24.71,40.05,1526.43,Wheat,Sowing,Urea,,
5.56,40,27,63,27.44,54.21,459.78,Tomato,Harvest,Urea,,
8.08,55,86,12,16.44,60.61,1800.44,Maize,Vegetative,Urea,,
4.91,63,22,42,39.81,50.65,641.75,Wheat,Vegetative,DAP,,
7.13,148,57,104,32.36,43.57,2022.4,Cotton,Vegetative,NPK,,
8.13,61,69,37,17.16,45.17,529.46,Rice,Flowering,MOP,,
5.17,52,35,94,18.16,65.11,2468.29,Potato,Flowering,Urea,,
8.37,122,18,61,29.45,71.29,2254.72,Potato,Sowing,DAP,,
6.31,59,62,38,19.69,58.14,2791.13,Tomato,Harvest,Urea,,
8.28,116,80,102,20.66,86.5,391.57,Cotton,Flowering,Zinc Sulphate,,
7.21,134,18,70,33.43,73.71,1754.83,Sugarcane,Harvest,DAP,,
5.71,121,35,82,18.01,83.51,2184.79,Sugarcane,Vegetative,DAP,,
5.25,83,42,70,31.16,58.54,2727.46,Rice,Harvest,Compost,,
5.71,47,42,31,38.05,30.89,1549.75,Tomato,Vegetative,Urea,,
4.87,99,61,81,13.72,65.52,2863.68,Cotton,Flowering,Compost,,
5.08,131,49,66,14.33,79.1,542.94,Cotton,Harvest,Compost,,
4.92,105,13,54,38.29,62.19,1413.04,Maize,Harvest,DAP,,
6.19,125,37,90,16.11,64.07,908.88,Sugarcane,Vegetative,DAP,,
7.68,67,63,96,10.63,88.5,635.09,Rice,Harvest,DAP,,
5.07,28,77,112,36.06,51.97,1002.99,Tomato,Vegetative,Urea,,
5.02,129,58,39,18.47,78.11,2061.21,Maize,Flowering,MOP,,
7.07,102,15,88,18.95,60.3,1552.97,Wheat,Vegetative,DAP,,
5.29,97,42,23,16.81,57.82,708.34,Wheat,Vegetative,MOP,,
4.89,85,14,98,37.53,38.73,288.82,Maize,Harvest,DAP,,
5.17,158,27,89,33.23,74.9,2785.8,Rice,Harvest,DAP,,
8.19,109,12,57,27.9,79.4,1079.58,Maize,Harvest,DAP,,
7.79,91,11,27,23.6,55.85,557.24,Rice,Flowering,DAP,,
5.92,34,74,41,14.31,75.81,609.21,Tomato,Harvest,Urea,,
7.12,128,44,119,37.78,64.87,909.59,Cotton,Flowering,DAP,,
6.65,59,60,47,32.49,45.45,846.27,Wheat,Flowering,Urea,,
7.21,105,77,62,18.37,85.42,982.74,Potato,Sowing,Compost,,
7.23,52,44,24,38.42,71.81,831.43,Wheat,Harvest,Urea,,
7.01,145,81,46,38.06,82.7,1405.81,Maize,Vegetative,NPK,,
5.56,149,53,58,29.79,46.89,2343.69,Tomato,Harvest,MOP,,
4.66,128,38,42,39.55,84.98,276.1,Sugarcane,Harvest,DAP,,
6.32,129,45,22,15.62,51.88,733.3,Maize,Vegetative,MOP,,
8.06,35,87,80,31.94,30.57,2193.56,Cotton,Vegetative,Urea,,
6.78,33,51,73,14.57,34.5,616.86,Maize,Flowering,Urea,,
7.83,65,16,28,30.75,35.36,2275.72,Potato,Vegetative,DAP,,
8.47,69,22,94,37.6,42.43,1641.47,Rice,Sowing,DAP,,
5.15,132,31,65,26.08,41.19,2668.52,Potato,Harvest,DAP,,
7.27,152,66,46,32.89,33.47,228.45,Cotton,Harvest,MOP,,
7.2,62,54,67,14.29,83.72,2396.2,Tomato,Vegetative,NPK,,
8.42,67,63,18,29,79.7,1802.19,Potato,Vegetative,MOP,,
8.44,40,11,13,11.9,75.77,1512.86,Wheat,Vegetative,Urea,,
7.25,74,81,104,11.11,58.75,608.02,Rice,Flowering,NPK,,
5.47,135,66,80,29.02,55.51,855.38,Maize,Flowering,Compost,,
7.69,127,84,22,27.18,55.52,2400.88,Sugarcane,Harvest,MOP,,
4.93,21,43,72,19.88,45.71,617.22,Potato,Flowering,Urea,,
7.62,150,53,113,25.39,66.5,1676.57,Sugarcane,Harvest,NPK,,
8.14,32,78,72,30.53,33.54,781.36,Rice,Harvest,Urea,,
6.03,40,62,70,29.34,69.53,1569.96,Maize,Flowering,Urea,,
7.02,144,71,45,12.21,60.83,913.27,Sugarcane,Flowering,SSP,,
6.22,57,42,17,30.34,78.99,1183.11,Potato,Sowing,Urea,,
6.25,44,85,99,29.79,88.36,2446.84,Rice,Vegetative,Urea,,
5.74,116,78,36,30.09,82.6,303.93,Potato,Sowing,MOP,,
7.55,51,10,35,35.42,73.2,2788.03,Sugarcane,Harvest,Urea,,
8.24,62,44,54,27.3,55.97,1094.27,Rice,Harvest,Zinc Sulphate,,
8.26,32,34,51,38.14,42.87,1868.92,Rice,Flowering,Urea,,
5.2,97,13,23,39.4,69.89,820.91,Maize,Sowing,DAP,,
8,44,82,93,32.56,42.1,1204.46,Sugarcane,Vegetative,Urea,,
7.45,68,76,115,20.76,31.22,1487.06,Potato,Flowering,MOP,,
5.51,107,19,118,14.29,64.39,2128.49,Potato,Flowering,DAP,,
4.77,139,29,101,34.6,53.65,2644.65,Tomato,Harvest,DAP,,
5.57,155,49,81,14.4,82.56,2625.16,Rice,Vegetative,NPK,,
8.15,145,76,61,14.39,68.75,1143.63,Wheat,Harvest,Zinc Sulphate,,
7.03,30,84,78,37.57,68.84,448.39,Rice,Flowering,Urea,,
7.38,29,24,62,26.8,77.27,2790.05,Tomato,Sowing,Urea,,
5.53,78,37,60,18.8,50.14,285.95,Rice,Vegetative,DAP,,
7.38,84,44,86,38.89,87.49,2666.98,Cotton,Flowering,NPK,,
4.61,152,16,11,31.22,43.28,272.3,Rice,Flowering,DAP,,
6,99,63,57,26.05,82.3,2934.54,Potato,Harvest,Urea,,
7.01,111,51,87,19.88,84.65,231.21,Maize,Vegetative,NPK,,
5.08,152,47,58,30.3,32.34,247.6,Maize,Flowering,Compost,,
7.79,131,73,68,31.93,67.91,1624.39,Tomato,Sowing,MOP,,
5.44,106,66,76,31.36,74.97,2066.96,Rice,Flowering,Compost,,
7.11,132,38,89,15.86,87.23,1187.79,Maize,Vegetative,DAP,,
6.12,137,75,18,30.92,45.08,1896.51,Potato,Flowering,MOP,,
6.88,111,82,112,27.44,63.71,2568.4,Potato,Harvest,Compost,,
4.93,20,15,11,35.5,76.39,2427.64,Rice,Flowering,Urea,,
4.57,131,11,84,28.74,38.9,2675.42,Maize,Flowering,DAP,,
8.14,138,48,97,14.39,81.18,645.65,Tomato,Vegetative,Zinc Sulphate,,
5.58,139,15,52,19.56,54.22,828.98,Wheat,Flowering,DAP,,
7.78,53,23,102,32.31,68.39,1845.6,Potato,Flowering,Urea,,
8.5,114,27,23,32.2,32.52,2226.27,Rice,Sowing,DAP,,
5.35,51,79,49,16.68,43.38,500.62,Rice,Sowing,Urea,,
5.56,135,85,64,20.64,58.69,691.77,Wheat,Vegetative,NPK,,
7.15,41,31,68,10.46,47.35,2784.21,Maize,Sowing,Urea,,
8.36,117,87,95,19.95,87.47,272.35,Maize,Vegetative,Zinc Sulphate,,
8.16,64,22,56,10.79,77.7,1325.02,Sugarcane,Vegetative,DAP,,
6.51,86,82,43,36.19,81.89,790.4,Wheat,Flowering,Urea,,
7.68,40,19,45,30,57.98,2368.1,Potato,Sowing,Urea,,
5.04,48,36,42,39.07,58.42,2618.04,Wheat,Sowing,Urea,,
8.41,52,23,112,36.76,78.31,891.57,Cotton,Harvest,Urea,,
8.36,109,18,72,28.1,53.25,1851.67,Maize,Sowing,DAP,,
5.15,145,18,116,25.09,58.85,2560.99,Tomato,Sowing,DAP,,
5.7,64,66,27,36.51,61.72,1875.82,Rice,Harvest,MOP,,
4.9,92,44,31,18.95,66.43,1881.97,Wheat,Sowing,MOP,,
5.59,101,35,98,16.71,69,1356.02,Tomato,Flowering,DAP,,
7.76,148,50,110,22.3,70.85,2028.46,Cotton,Harvest,Compost,,
6.01,30,76,14,11.6,56.64,2888.94,Maize,Harvest,Urea,,
4.85,126,39,41,19.06,47.71,1038.96,Rice,Sowing,DAP,,
5.87,110,38,58,12.51,85.21,761.67,Cotton,Flowering,DAP,,
8.43,79,77,45,11.58,79.6,2882.79,Wheat,Flowering,Zinc Sulphate,,
7.02,157,23,82,26.54,30.21,368.49,Rice,Sowing,DAP,,
6.16,121,61,23,31.24,60.78,2551.75,Tomato,Vegetative,MOP,,
5.17,25,48,73,26.1,46.48,2747.43,Tomato,Vegetative,Urea,,
8.44,144,30,41,12.12,68.56,814.4,Rice,Sowing,DAP,,
7.78,135,80,18,21.85,60.16,1391.99,Sugarcane,Vegetative,MOP,,
5.63,27,15,96,13.33,31.27,544.48,Cotton,Vegetative,Urea,,
4.78,89,64,118,29.5,73.67,1227.51,Rice,Flowering,Compost,,
4.73,59,49,57,34.79,46.52,1480.5,Wheat,Sowing,Urea,,
4.98,105,79,61,13.5,45.61,1626.79,Rice,Sowing,Compost,,
6.82,48,34,118,12.01,31.92,542.89,Sugarcane,Flowering,Urea,,
8.22,28,13,18,22.18,79.7,1330.13,Sugarcane,Harvest,Urea,,
6.49,40,43,94,19.1,64.73,1950.41,Tomato,Sowing,Urea,,
7.87,51,31,117,17.82,59.09,1600.4,Tomato,Flowering,Urea,,
6.28,91,65,41,16.34,70.55,2555.97,Rice,Vegetative,NPK,,
7.33,29,55,117,19.51,50.72,2863,Maize,Vegetative,Urea,,
7.43,106,65,19,38.96,64.17,2487.19,Rice,Flowering,MOP,,
5.2,103,87,102,35.73,44.96,332.67,Sugarcane,Sowing,Compost,,
5.94,105,84,107,28.04,33.78,801.08,Sugarcane,Sowing,Zinc Sulphate,,
7.05,60,36,95,34.01,63.68,445.3,Tomato,Vegetative,DAP,,
4.78,50,44,78,10.44,43.27,1414.73,Wheat,Sowing,Urea,,
5.95,128,25,20,13.34,75,2226.64,Wheat,Flowering,DAP,,
6.64,51,29,67,18.77,57.11,290.6,Maize,Sowing,Urea,,
8.48,32,24,37,29.32,45.02,947.74,Wheat,Harvest,Urea,,
6.4,140,87,97,36.5,66.5,462.92,Potato,Flowering,Zinc Sulphate,,
7.76,137,81,43,16.93,37,1348.3,Potato,Harvest,Zinc Sulphate,,
6.23,125,33,62,14.18,75.69,2790.93,Rice,Vegetative,DAP,,
7.69,34,71,115,35.44,57.13,1355.94,Rice,Sowing,Urea,,
6.88,83,89,49,22.27,78.76,1977.26,Potato,Vegetative,NPK,,
8.05,136,53,73,30.99,38.29,1283.67,Sugarcane,Vegetative,Zinc Sulphate,,
6.14,27,23,19,26.44,52.95,2248.08,Tomato,Sowing,Urea,,
6.92,24,82,35,15.28,40.8,2280.48,Rice,Harvest,Urea,,
7.02,40,86,52,31.02,33.67,586.53,Sugarcane,Harvest,Urea,,
6.17,136,60,114,22.62,87.32,2028.97,Rice,Harvest,Urea,,
5.08,143,31,80,18.63,73.6,1281.79,Rice,Vegetative,DAP,,
4.87,134,41,53,37.08,49.54,2607.29,Rice,Harvest,Compost,,
4.57,63,89,80,10.18,44.77,641.89,Rice,Vegetative,Compost,,
7.99,72,34,66,22.15,42.26,2712.81,Wheat,Harvest,DAP,,
5.45,85,58,57,19.02,32.58,1632.26,Wheat,Flowering,Compost,,
5.35,124,32,88,11.63,36.16,915.46,Sugarcane,Vegetative,DAP,,
7.44,145,46,71,12.41,36.17,1137.05,Cotton,Sowing,Zinc Sulphate,,
5.78,139,12,119,15.17,69.98,214.03,Rice,Sowing,DAP,,
6.52,76,69,118,25.15,65.68,2859.75,Sugarcane,Harvest,Zinc Sulphate,,
5.15,74,68,70,18.48,64.09,829.93,Tomato,Vegetative,Compost,,
8.34,149,32,76,35.14,74.07,2747.26,Sugarcane,Flowering,DAP,,
7.91,113,42,54,17.2,45.07,2588.3,Tomato,Harvest,Zinc Sulphate,,
7.96,84,63,70,31.61,50.55,1177.42,Rice,Vegetative,Zinc Sulphate,,
6.13,129,48,99,16.31,37.6,790.55,Rice,Harvest,Compost,,
7.55,150,34,80,11.28,65.26,1394.5,Potato,Vegetative,DAP,,
5.08,24,72,11,17.94,85.97,2813.99,Tomato,Vegetative,Urea,,
4.53,85,68,83,35.13,81.79,2594.33,Sugarcane,Flowering,Compost,,
4.58,109,40,103,12.47,63.3,1568.13,Sugarcane,Flowering,Compost,,
6.85,156,58,56,20.33,68.68,1727.54,Wheat,Flowering,Compost,,
6.32,159,69,76,10.24,89.54,1344.21,Wheat,Sowing,NPK,,
6.57,56,73,111,28.91,61.04,2845.32,Rice,Harvest,Urea,,
4.53,138,47,38,38.28,82.24,2968.97,Tomato,Vegetative,MOP,,
6.19,117,80,72,21.53,60.04,1009.63,Potato,Harvest,SSP,,
7.37,73,86,34,27.31,32.87,2859.22,Sugarcane,Flowering,MOP,,
6.27,141,17,119,23.57,86.08,2861.18,Rice,Sowing,DAP,,
7.43,86,22,13,39.2,36.71,1525.64,Maize,Vegetative,DAP,,
5.43,75,35,56,32.08,72.25,1361.73,Potato,Harvest,DAP,,
7.75,65,19,78,11.33,44.28,2634.05,Tomato,Harvest,DAP,,
6.85,24,65,72,13.26,84.06,2840.56,Rice,Vegetative,Urea,,
5.34,75,13,15,24.11,42.03,1326.66,Potato,Harvest,DAP,,
5.45,81,40,92,28.95,38.4,1578.17,Rice,Flowering,Compost,,
7.01,78,26,27,18.71,56.32,1135.85,Sugarcane,Flowering,DAP,,
7.82,47,17,111,30.24,59.8,785.04,Sugarcane,Harvest,Urea,,
6.16,25,61,45,27.3,79.14,2989.4,Tomato,Flowering,Urea,,
5.53,80,46,85,23.05,75.74,728.72,Potato,Flowering,DAP,,
7.97,112,29,97,27.47,49.7,2479.7,Wheat,Flowering,DAP,,
7.18,31,56,66,37.49,53.1,1377.63,Tomato,Harvest,Urea,,
6.29,81,83,39,17.3,64.6,434.26,Cotton,Sowing,MOP,,
6.45,131,60,23,33.74,63.09,1109.81,Rice,Harvest,MOP,,
5.32,24,67,48,10.36,81.72,432.77,Wheat,Sowing,Urea,,
7.01,85,53,11,12.54,58.35,2949.46,Tomato,Vegetative,MOP,,
5.93,87,20,43,38.49,83.61,942.56,Maize,Flowering,DAP,,
8.48,105,21,67,30.93,42.3,2288.9,Rice,Vegetative,DAP,,
6.42,128,19,93,29,82.06,1391.73,Potato,Flowering,DAP,,
6.44,133,86,109,20.02,48.26,2102.39,Potato,Sowing,MOP,,
6.76,99,63,96,15.53,77.36,914.21,Tomato,Harvest,NPK,,
8.17,85,43,44,21.4,63.92,463.59,Cotton,Vegetative,Zinc Sulphate,,
7.7,95,39,43,27.95,82.53,2463.93,Potato,Harvest,DAP,,
6.3,24,24,94,29.03,43.88,2206.8,Maize,Sowing,Urea,,
7.37,152,17,111,15.09,72.09,506.34,Rice,Vegetative,DAP,,
6.84,105,49,119,23.37,80.94,2246.65,Sugarcane,Harvest,DAP,,
6.47,99,31,17,27,76.6,1873.39,Cotton,Flowering,DAP,,
5.27,109,14,52,38.8,63.96,680.17,Potato,Harvest,DAP,,
6.36,156,29,72,26.48,70.52,2511.7,Sugarcane,Vegetative,DAP,,
5.48,51,58,71,27.42,41.79,2156.92,Potato,Vegetative,Urea,,
8.16,102,61,103,32.96,42.99,1619.09,Maize,Harvest,Zinc Sulphate,,
5.84,55,75,29,22.57,46.04,700.18,Wheat,Harvest,Urea,,
8.31,156,28,61,21.52,79.68,1712.46,Sugarcane,Vegetative,DAP,,
6.63,35,23,93,27.73,40.05,655.59,Cotton,Vegetative,Urea,,
7.03,25,16,96,33.5,47.94,715.07,Sugarcane,Sowing,Urea,,
6.67,91,66,93,29.13,85.23,875.76,Wheat,Sowing,Urea,,
5.02,129,89,55,15.58,75.31,2032.63,Rice,Flowering,Compost,,
6,119,19,96,21.93,73.99,2103.03,Potato,Vegetative,DAP,,
4.9,78,31,13,25.38,57.31,403.73,Wheat,Sowing,DAP,,
6.99,55,14,71,25.71,72.14,2022.51,Maize,Flowering,Urea,,
6.29,53,85,19,20.19,63.94,296.87,Rice,Sowing,Urea,,
7.61,149,33,49,25.67,34.29,2733.96,Sugarcane,Sowing,DAP,,
5.38,32,24,14,30.19,64.59,2380.26,Sugarcane,Harvest,Urea,,
5.16,76,35,105,24.04,57.13,2228.3,Potato,Sowing,DAP,,
6.13,26,64,27,23.54,36.84,869.79,Tomato,Flowering,Urea,,
8.21,78,27,70,34.05,50.66,2965.16,Wheat,Vegetative,DAP,,
7.34,130,52,66,32.71,83.69,2788.09,Rice,Harvest,NPK,,
6.18,135,15,72,22.67,78.22,1571.79,Wheat,Harvest,DAP,,
6.57,70,54,98,39.88,84.83,297.13,Rice,Sowing,MOP,,
4.84,22,34,90,11.99,73.02,1631.89,Wheat,Vegetative,Urea,,
8.44,73,25,14,19.78,67.95,631.14,Potato,Harvest,DAP,,
7.17,113,64,108,11.1,38.35,1859.55,Cotton,Vegetative,NPK,,
5.64,53,65,115,35.18,36.43,2962.44,Cotton,Sowing,Urea,,
6.84,42,38,30,32.67,44.81,2319.39,Rice,Vegetative,Urea,,
4.94,67,73,109,30.51,48.85,1102.32,Potato,Vegetative,Compost,,
8.36,74,10,28,16.43,66.42,1303.65,Rice,Vegetative,DAP,,
5.2,36,54,32,31.23,82.64,2844.81,Wheat,Flowering,Urea,,
7.09,98,35,78,20.66,83.44,508.46,Cotton,Flowering,DAP,,
5.48,81,59,42,36.06,70.94,2692.46,Wheat,Sowing,Compost,,
7.37,144,36,13,15.99,64.43,408.69,Sugarcane,Sowing,DAP,,
7.61,80,44,106,16.54,44.66,1361.03,Rice,Sowing,NPK,,
7.19,63,89,44,38.82,86.28,2287.26,Cotton,Sowing,Zinc Sulphate,,
6.96,90,38,68,25.51,70.27,1306.19,Sugarcane,Sowing,DAP,,
8.07,144,16,51,23.39,62.01,1799.14,Rice,Harvest,DAP,,
4.81,147,71,99,20.55,36.24,1574.18,Cotton,Flowering,Compost,,
5.82,22,80,110,34.94,79.55,1893,Sugarcane,Sowing,Urea,,
5.49,86,43,95,20.58,50.94,678.63,Wheat,Sowing,Compost,,
8.45,131,57,84,20.68,84.04,1818.66,Wheat,Harvest,Zinc Sulphate,,
6.06,118,14,58,13.7,40.1,2964.34,Cotton,Harvest,DAP,,
7.43,155,17,99,25.62,32.92,742.89,Tomato,Sowing,DAP,,
7.24,139,81,50,37.71,56.08,387.46,Maize,Harvest,NPK,,
5.35,152,52,86,38.73,34.7,1297.01,Maize,Harvest,Compost,,
5.46,122,61,87,39.87,33.71,1248.21,Rice,Flowering,Compost,,
5.63,159,83,114,24.19,72.82,552.06,Rice,Vegetative,NPK,,
6.14,82,10,58,33.25,45.44,1800.13,Potato,Sowing,DAP,,
5.44,155,47,80,26.58,68.33,1425.26,Potato,Flowering,Compost,,
4.58,53,16,89,26.44,64.25,2543.28,Potato,Vegetative,Urea,,
8.02,41,65,93,34.19,38.45,1384.28,Sugarcane,Flowering,Urea,,
8.36,69,55,118,35.06,53.15,2959.86,Tomato,Vegetative,Zinc Sulphate,,
5.87,159,33,55,10.59,33.96,2383.58,Sugarcane,Harvest,DAP,,
5.85,110,44,73,38.28,55.3,1564.86,Tomato,Flowering,DAP,,
4.53,101,82,59,34.69,40.94,1746.15,Potato,Sowing,Compost,,
7.22,38,51,52,31.63,35.78,2626.9,Wheat,Harvest,Urea,,
7.8,142,76,36,35.56,49.02,2367.63,Maize,Harvest,MOP,,
5.09,152,53,43,26.12,30.21,2041.66,Rice,Vegetative,Compost,,
5.14,35,13,95,33.2,75.47,947.07,Potato,Flowering,Urea,,
7.66,132,86,72,27.96,39.49,1348.97,Maize,Vegetative,NPK,,
6.97,38,33,111,26.29,67.55,2404.12,Sugarcane,Sowing,Urea,,
4.68,127,80,110,16.35,79.95,1956.9,Maize,Sowing,Compost,,
6.99,41,28,76,35.42,85.03,2878.2,Wheat,Harvest,Urea,,
5.74,54,59,36,36.52,63.45,2644.08,Rice,Flowering,Urea,,
5.97,92,27,16,39.14,77.3,1395.86,Wheat,Harvest,DAP,,
7.58,74,37,108,13.61,57.29,1022.69,Rice,Sowing,DAP,,
7.74,152,38,118,18.75,59.41,547.39,Wheat,Flowering,DAP,,
6.1,92,82,32,30.56,62.81,1341.36,Sugarcane,Sowing,MOP,,
8.29,134,54,75,35.66,70.21,834.71,Tomato,Flowering,Zinc Sulphate,,
6.13,30,16,97,32.54,70.2,246.78,Cotton,Harvest,Urea,,
7.59,97,54,11,23.67,77.12,587,Potato,Harvest,MOP,,
6.44,129,35,45,31.78,67.02,1468.43,Wheat,Sowing,DAP,,
8.09,103,79,67,12.16,82.96,2698.77,Wheat,Harvest,Zinc Sulphate,,
8.13,116,58,90,29.88,72.55,1098.69,Potato,Harvest,Zinc Sulphate,,
4.85,151,27,20,10.24,85.74,1435.14,Tomato,Harvest,DAP,,
8.25,146,49,16,11.43,75.03,1275.4,Maize,Vegetative,MOP,,
7.8,99,27,75,32.72,74.32,1233.13,Sugarcane,Vegetative,DAP,,
7.67,134,56,88,24.33,81.62,2223.39,Cotton,Sowing,NPK,,
5.3,83,10,119,11.79,69.35,1616.89,Cotton,Harvest,DAP,,
7.72,86,42,40,24.46,40.77,1343.64,Rice,Harvest,Compost,,
7.9,115,48,55,11.88,34.98,2841.3,Tomato,Vegetative,Zinc Sulphate,,
5.66,53,32,79,20.38,48.95,973.6,Rice,Vegetative,Urea,,
8.31,132,23,110,14.72,78.86,2531.98,Cotton,Flowering,DAP,,
4.7,108,53,119,16.58,31.3,1642.02,Cotton,Harvest,Compost,,
5.1,154,46,62,15.87,39,1436.73,Potato,Sowing,Compost,,
6.65,44,80,102,21.15,36.37,376.3,Sugarcane,Sowing,Urea,,
6.8,47,85,77,13.24,32.23,2603.78,Cotton,Flowering,Urea,,
7.08,88,46,55,25.83,78.62,957.85,Rice,Vegetative,NPK,,
4.57,95,37,46,22.21,46.78,2102.2,Rice,Vegetative,DAP,,
8.34,101,16,85,35.2,73.74,2648.54,Maize,Flowering,DAP,,
4.68,155,61,36,34.78,38.51,1701.18,Cotton,Flowering,MOP,,
5.07,138,26,34,34.73,54.54,1993.87,Sugarcane,Vegetative,DAP,,
4.56,113,71,118,24.09,36.99,1152.51,Potato,Sowing,Compost,,
6.77,156,46,21,18.72,30.15,2234.31,Wheat,Flowering,MOP,,
8.23,131,23,69,22.46,66.79,2038.49,Rice,Harvest,DAP,,
7.16,62,60,26,30.62,58.86,1445.4,Wheat,Sowing,MOP,,
7.79,44,64,59,25.89,55,1976.89,Rice,Vegetative,Urea,,
4.55,113,66,85,28.73,34.72,935.45,Sugarcane,Vegetative,Compost,,
6.67,85,13,104,30.81,65.29,2041.9,Wheat,Flowering,DAP,,
6.34,36,58,18,37.55,76.8,2083.68,Maize,Vegetative,Urea,,
6.5,128,44,92,38.32,34.03,1445.69,Potato,Sowing,Zinc Sulphate,,
4.79,154,62,38,35.21,54.81,898.25,Sugarcane,Flowering,MOP,,
7.24,41,41,34,11.95,48.69,2448.58,Rice,Flowering,Urea,,
6.51,29,19,24,39.38,83.51,2311.56,Cotton,Vegetative,Urea,,
7.56,109,71,18,31.11,45.76,359.86,Potato,Sowing,MOP,,
6.44,61,11,22,30.8,86.66,1583.95,Wheat,Vegetative,DAP,,
5.1,47,72,56,10.69,79.7,457.91,Cotton,Sowing,Urea,,
7.09,119,85,53,24.38,36.01,1094.78,Tomato,Sowing,DAP,,
5.19,30,25,115,28.79,58.84,1382.27,Rice,Flowering,Urea,,
7.99,156,25,12,18.36,68.94,695.28,Wheat,Harvest,DAP,,
6.95,100,12,83,12.5,65.58,1512.93,Wheat,Vegetative,DAP,,
5.13,74,27,27,25.97,70.75,2177.42,Tomato,Vegetative,DAP,,
8.35,24,51,19,23.39,55.58,1423.5,Potato,Flowering,Urea,,
6.57,88,41,45,11.32,84.28,855.59,Tomato,Vegetative,NPK,,
4.79,57,59,101,25.58,46.22,1361.49,Wheat,Sowing,Urea,,
7.01,85,58,66,13.23,35.65,1858.74,Tomato,Sowing,MOP,,
5.51,83,12,12,22.74,88.68,2821.9,Sugarcane,Vegetative,DAP,,
7.71,96,81,29,18.11,69.12,1598.45,Sugarcane,Flowering,MOP,,
7.77,38,14,27,39.11,69.55,2686.02,Tomato,Sowing,Urea,,
8.42,118,66,58,11.04,79.05,2956.76,Sugarcane,Vegetative,Zinc Sulphate,,
6.51,44,53,46,26.8,55.29,1765.25,Sugarcane,Vegetative,Urea,,
6.32,67,34,29,14.56,53.17,611.79,Potato,Sowing,DAP,,
7.51,92,79,83,19.58,86.95,2650.88,Rice,Sowing,Compost,,
5.03,54,32,107,15.52,53.21,2614.6,Tomato,Vegetative,Urea,,
6.69,68,19,73,39.85,34.71,2631.97,Maize,Sowing,DAP,,
6.68,108,19,31,10.97,48.47,2861.54,Rice,Harvest,DAP,,
4.86,105,42,30,26.24,82.41,974.02,Tomato,Flowering,MOP,,
6.17,150,82,106,28.24,35.7,1133.61,Potato,Sowing,MOP,,
7.91,144,27,89,33.17,73,2123.87,Wheat,Flowering,DAP,,
7.92,92,76,115,28.78,45.98,1778.93,Tomato,Flowering,Zinc Sulphate,,
4.9,130,83,44,16.94,74.75,2631.43,Sugarcane,Sowing,Compost,,
4.86,124,36,109,27.94,60.87,912.62,Potato,Flowering,DAP,,
5.55,107,44,10,39.25,68.19,2043.55,Wheat,Vegetative,MOP,,
8,27,71,21,35.45,44.59,2833.15,Sugarcane,Vegetative,Urea,,
5.02,153,27,22,23.6,40.09,804.44,Cotton,Vegetative,DAP,,
7.38,28,16,17,24.32,33.8,1059.26,Cotton,Harvest,Urea,,
4.9,34,80,40,13.99,79.53,1340.77,Sugarcane,Vegetative,Urea,,
6.99,83,19,14,27.1,72.63,443.86,Cotton,Vegetative,DAP,,
5.92,143,36,53,18.41,47.6,695.24,Potato,Sowing,DAP,,
7.66,30,77,60,13.24,80.21,1269.86,Sugarcane,Vegetative,Urea,,
5.43,114,85,109,24.23,80.02,408.3,Maize,Sowing,Compost,,
7.06,139,76,34,11.35,38.27,1215.41,Wheat,Harvest,MOP,,
5.44,64,64,54,13.6,72.82,883.6,Rice,Vegetative,Compost,,
7.35,96,57,22,16.57,47.54,2620.63,Rice,Harvest,MOP,,
7.99,113,76,44,39.72,58.03,1903.78,Potato,Vegetative,Zinc Sulphate,,
5.01,78,35,41,34.25,55.81,2715.77,Rice,Flowering,DAP,,
7.97,159,49,81,26.25,66.01,768.08,Sugarcane,Flowering,Zinc Sulphate,,
6.87,104,80,31,16.98,50.83,428.64,Sugarcane,Vegetative,MOP,,
5.01,45,55,15,25.57,34.4,1191.33,Potato,Flowering,Urea,,
6.21,133,83,58,29.47,70.36,357.99,Maize,Flowering,Zinc Sulphate,,
5.14,56,76,20,10.14,87.63,2673.84,Sugarcane,Sowing,Urea,,
7.3,42,20,80,39.64,70.07,726.83,Potato,Harvest,Urea,,
7.54,84,60,24,28.8,62.38,595,Potato,Vegetative,MOP,,
4.92,64,41,77,39.65,39.82,2405.79,Tomato,Sowing,Compost,,
6.52,93,81,49,24.07,67.51,2194.74,Rice,Harvest,MOP,,
7.76,121,29,43,28.71,66.67,359.48,Cotton,Harvest,DAP,,
8.24,47,14,116,23.84,67.13,1626.78,Wheat,Harvest,Urea,,
6.55,148,50,113,10.28,83.54,1456.78,Sugarcane,Flowering,SSP,,
8.3,91,22,95,35.5,72.98,1283.2,Rice,Flowering,DAP,,
6.64,60,84,39,23.47,77,554.76,Wheat,Sowing,MOP,,
6.08,42,12,28,24.13,48.8,2404.59,Tomato,Harvest,Urea,,
7.89,106,24,110,20.8,46.22,871.88,Wheat,Sowing,DAP,,
6.47,26,65,71,22.98,42.41,1483.06,Sugarcane,Flowering,Urea,,
6.39,91,52,71,31.77,76.7,2666.98,Tomato,Flowering,Urea,,
6.46,62,83,47,31.02,71.92,1091.08,Potato,Vegetative,NPK,,
7.89,33,76,39,34.25,50.53,300.05,Sugarcane,Flowering,Urea,,
7.83,119,55,41,39.24,38.47,2689.57,Sugarcane,Sowing,Zinc Sulphate,,
6.11,130,57,92,21.73,80.8,1582.89,Potato,Sowing,Compost,,
5.83,110,87,34,20.17,53.06,1591.78,Maize,Sowing,MOP,,
6.47,103,45,110,24.81,41.38,1743.96,Potato,Harvest,MOP,,
6.79,121,32,118,14.63,38.66,703.82,Rice,Sowing,DAP,,
5.45,33,64,96,32.74,85.18,2201.68,Sugarcane,Flowering,Urea,,
7.68,47,64,21,27.43,37.81,847.87,Potato,Sowing,Urea,,
6.45,49,63,18,16.34,51.58,1043.21,Wheat,Flowering,Urea,,
5.84,98,74,46,35.92,67.93,1967.33,Maize,Flowering,SSP,,
4.93,73,60,26,28.57,54.48,2299.32,Rice,Vegetative,MOP,,
5.46,159,41,44,11.02,58.65,2245.73,Cotton,Vegetative,Compost,,
8.3,133,29,114,15.9,78.16,432.82,Sugarcane,Sowing,DAP,,
5.72,139,45,103,36.73,89.95,2312.82,Potato,Vegetative,NPK,,
5.18,94,41,69,21.43,58.03,2055.63,Sugarcane,Vegetative,Compost,,
6.34,89,66,13,39.53,52.73,1894.27,Cotton,Harvest,MOP,,
5.73,86,38,50,25.89,54.41,2907.25,Sugarcane,Harvest,DAP,,
4.64,34,55,77,16.24,52.15,1171.11,Potato,Flowering,Urea,,
5.79,151,44,97,27.82,58.43,2112.64,Potato,Flowering,DAP,,
6.68,117,88,12,13.07,49.99,1805.05,Rice,Vegetative,MOP,,
6.71,121,83,18,34.23,57.76,1286.29,Maize,Harvest,MOP,,
5.93,124,61,20,28.84,86.73,2407.07,Potato,Harvest,MOP,,
6.29,105,24,105,38.92,47.17,1328.81,Wheat,Vegetative,DAP,,
8.36,56,60,116,30.7,69.11,1763.96,Cotton,Vegetative,Urea,,
6.01,142,40,70,11.47,59.22,1769.76,Tomato,Vegetative,NPK,,
5.53,151,84,113,24.29,73.94,1631.72,Rice,Vegetative,NPK,,
5.47,29,25,102,25.94,58.34,1480.73,Rice,Vegetative,Urea,,
6.33,46,45,107,37.5,39.63,669.78,Cotton,Harvest,Urea,,
7.54,103,48,107,22.97,82.35,874.37,Maize,Harvest,SSP,,
5.32,24,20,30,27.81,70.55,545.81,Tomato,Harvest,Urea,,
7.34,118,29,34,15.58,61.55,2225.78,Maize,Sowing,DAP,,
4.58,148,65,94,17.34,79.87,2284.03,Wheat,Vegetative,Compost,,
6.18,50,51,71,26.46,88.57,1987.88,Wheat,Flowering,Urea,,
7.6,38,56,93,30.91,54.56,2769.4,Wheat,Flowering,Urea,,
5.85,73,15,33,23.06,51.18,941.9,Tomato,Sowing,DAP,,
6.75,147,44,78,22.98,75.22,2498.87,Maize,Vegetative,NPK,,
5.32,151,17,50,17.68,57.28,720.33,Sugarcane,Sowing,DAP,,
7.47,67,80,66,30.94,35.15,389.9,Tomato,Sowing,DAP,,
4.71,68,46,75,10.16,51.26,200.36,Sugarcane,Vegetative,Compost,,
7.91,136,59,18,25.38,78.52,1825.77,Potato,Flowering,MOP,,
5.29,75,25,116,10.11,72.4,2380.47,Sugarcane,Harvest,DAP,,
8,93,18,17,27.8,81.77,2504.36,Cotton,Sowing,DAP,,
5.91,25,84,105,10.93,38.8,1517.83,Cotton,Sowing,Urea,,
7.39,95,69,67,38.2,44.64,364.42,Cotton,Sowing,NPK,,
5.78,132,60,80,24.34,42.88,300.13,Cotton,Sowing,Compost,,
8.12,145,55,47,30.52,88.28,2768.58,Maize,Sowing,Zinc Sulphate,,
5.01,55,80,29,35.61,40.14,460.23,Cotton,Harvest,Urea,,
5.21,44,21,56,17.06,65.88,2397.06,Wheat,Flowering,Urea,,
6.47,74,73,88,26.2,67.97,394.79,Cotton,Vegetative,NPK,,
4.83,76,30,112,35.9,67.13,713.38,Rice,Flowering,DAP,,
5.28,90,14,37,26.13,71.5,656.03,Sugarcane,Harvest,DAP,,
8.28,67,15,104,21.78,59.04,975.9,Rice,Flowering,DAP,,
8.41,123,52,69,21.07,35.02,1335.76,Rice,Vegetative,Zinc Sulphate,,
6.01,22,35,31,21.52,72.07,549.23,Potato,Sowing,Urea,,
8.19,104,63,113,28.46,46.87,2924.84,Wheat,Vegetative,Zinc Sulphate,,
6.68,39,12,60,11.37,34.55,205.61,Maize,Sowing,Urea,,
5.58,92,20,33,22.46,40.19,2361.93,Wheat,Harvest,DAP,,
7.31,79,34,107,26.82,47.23,1674.22,Tomato,Vegetative,DAP,,
7.14,97,21,82,33.59,55.95,439.61,Maize,Harvest,DAP,,
8.46,37,74,70,25.9,81.68,536.09,Wheat,Flowering,Urea,,
5.56,116,13,11,37.79,62.19,1852,Maize,Harvest,DAP,,
7.19,85,61,118,23.31,58.32,1082.71,Cotton,Vegetative,NPK,,
4.71,50,74,98,29.52,41.48,1460.53,Wheat,Flowering,Urea,,
4.95,28,79,85,10.53,87.56,1737.73,Rice,Harvest,Urea,,
4.52,66,43,64,17.15,84.51,1805.37,Tomato,Vegetative,Compost,,
8.5,20,25,13,34.46,78.96,1831.31,Wheat,Harvest,Urea,,
7.71,102,84,113,27.59,49.39,396.14,Rice,Vegetative,NPK,,
7.65,119,23,67,38.39,63.7,2273.34,Maize,Sowing,DAP,,
6.54,148,83,22,32.59,53.33,1021.81,Cotton,Vegetative,MOP,,
5.7,29,70,102,23.49,54.17,520.41,Cotton,Harvest,Urea,,
5.11,61,62,105,33.36,34.33,486.16,Cotton,Sowing,Compost,,
5.64,143,67,36,24.03,38.4,863.64,Rice,Harvest,MOP,,
6,44,72,39,19.91,87.67,1960.3,Sugarcane,Flowering,Urea,,
7.53,114,22,119,11.41,66.61,1521.38,Sugarcane,Harvest,DAP,,
6.66,54,54,112,35.97,30.38,499.81,Wheat,Sowing,Urea,,
4.81,158,64,71,22.57,78.55,290.59,Sugarcane,Sowing,Compost,,
4.57,29,42,74,30.56,35.22,269.06,Sugarcane,Harvest,Urea,,
4.91,27,71,20,14.59,72.49,1379.06,Sugarcane,Sowing,Urea,,
6.14,124,48,96,34.87,67.25,2406.79,Sugarcane,Vegetative,NPK,,
8.23,153,22,58,34.73,33.78,1806.16,Rice,Vegetative,DAP,,
7.05,143,82,26,24.46,61.86,2467.1,Cotton,Harvest,MOP,,
7.71,83,22,24,30.16,32.85,1094.29,Maize,Flowering,DAP,,
6.37,65,25,36,25.64,33.86,592.95,Rice,Harvest,DAP,,
5.95,123,63,19,26.57,33.07,2448.4,Tomato,Harvest,MOP,,
4.93,57,39,89,36.66,45.33,2237.96,Tomato,Harvest,Urea,,
8,105,48,110,39.01,78.11,1849.5,Tomato,Harvest,Zinc Sulphate,,
7.63,21,73,37,21.02,51.75,2685.73,Sugarcane,Harvest,Urea,,
5.17,43,79,11,19.95,68.37,1965.9,Sugarcane,Flowering,Urea,,
6.55,120,21,112,19.11,37.49,1672.28,Rice,Flowering,DAP,,
6.45,86,11,44,33.12,85.97,1606.47,Maize,Flowering,DAP,,
7,109,42,24,31.69,60.25,1928.65,Cotton,Flowering,MOP,,
8.28,113,24,68,11.31,31.48,1646.55,Sugarcane,Harvest,DAP,,
6.82,112,61,84,12.65,62.24,963.56,Wheat,Flowering,Compost,,
6.66,90,44,42,29.39,41.07,2870.84,Potato,Harvest,MOP,,
4.7,156,47,64,18.25,41.75,2882.57,Maize,Vegetative,Compost,,
4.75,35,89,89,12.75,66.02,667.17,Potato,Vegetative,Urea,,
5.25,138,51,84,22.41,43.58,1685.67,Potato,Harvest,Compost,,
4.63,127,16,93,36.32,42.84,2410.92,Sugarcane,Vegetative,DAP,,
7.47,120,65,61,20.99,62.46,353.37,Wheat,Vegetative,NPK,,
7.39,49,14,28,30.87,44.13,545.98,Tomato,Harvest,Urea,,
5.04,143,49,48,37.02,36.63,1725.7,Rice,Harvest,Compost,,
7.84,75,70,96,15.08,54.5,279.35,Cotton,Harvest,Zinc Sulphate,,
5.12,113,74,69,28.29,33.12,2532.38,Wheat,Flowering,Compost,,
5.7,51,75,19,37.23,84.32,2644.86,Sugarcane,Sowing,Urea,,
5.5,97,77,81,15.8,57.09,2261.67,Wheat,Vegetative,NPK,,
5.99,42,74,75,39.66,30.79,2502.61,Rice,Vegetative,Urea,,
5.52,36,51,65,20.95,43.48,2080.8,Potato,Harvest,Urea,,
6.46,141,44,16,16.53,87.47,597.23,Sugarcane,Harvest,MOP,,
6.13,158,75,99,35.13,59.78,283.59,Tomato,Harvest,DAP,,
8.45,60,34,49,24.04,51.53,2574.64,Potato,Flowering,DAP,,
4.72,34,15,28,30.12,48.91,2180.05,Maize,Flowering,Urea,,
5.07,110,17,79,24.69,55.02,1315.69,Wheat,Vegetative,DAP,,
4.71,71,44,106,29.31,42.71,2431.14,Maize,Flowering,Compost,,
7,79,62,20,11.06,74.95,349.18,Rice,Flowering,MOP,,
4.72,76,28,61,20.51,60.5,1093.44,Wheat,Flowering,DAP,,
7.85,52,18,109,29.72,75.09,1157.18,Cotton,Flowering,Urea,,
6.55,39,42,21,20.52,45.26,493.65,Rice,Flowering,Urea,,
6.61,132,17,101,33.27,30.09,2276.75,Wheat,Harvest,DAP,,
6.75,87,47,71,38.83,87.97,2377.08,Wheat,Vegetative,NPK,,
5.18,120,41,82,11.12,60.72,1832.88,Cotton,Flowering,Compost,,
5.29,120,32,32,35.66,34.78,1370,Tomato,Harvest,DAP,,
5.78,52,43,49,15.07,36.23,1899.75,Potato,Sowing,Urea,,
6.87,50,55,79,37.52,56.08,2715.47,Tomato,Sowing,Urea,,
5.34,41,41,59,38.4,71.72,1201.71,Potato,Flowering,Urea,,
4.97,125,10,73,27.08,53.8,1135.89,Wheat,Sowing,DAP,,
8.38,49,16,28,24.37,79.21,1943.64,Wheat,Sowing,Urea,,
4.59,24,33,93,32.75,49.74,2114.19,Tomato,Flowering,Urea,,
7.71,80,11,27,37.54,32.74,1481.7,Maize,Vegetative,DAP,,
7.65,136,27,36,16.97,30.5,2606.78,Maize,Vegetative,DAP,,
5.69,32,65,106,21.47,81.57,1186.41,Sugarcane,Vegetative,Urea,,
5.04,156,41,102,22.53,89.07,1994.57,Wheat,Flowering,Compost,,
5.08,37,86,82,35.37,37.97,2069.83,Rice,Sowing,Urea,,
7.29,146,79,118,14.11,33.72,1025.49,Tomato,Vegetative,NPK,,
7.07,159,19,53,28.69,84.86,252.78,Rice,Sowing,DAP,,
7.63,138,49,67,20.53,36.05,2514.51,Wheat,Harvest,Zinc Sulphate,,
8.25,32,83,71,36.57,43.7,1550.77,Tomato,Flowering,Urea,,
7.27,143,43,59,20.19,78.1,467.27,Potato,Harvest,Urea,,
5.12,95,42,100,39.34,89.88,2881.17,Tomato,Vegetative,Compost,,
5.47,137,84,62,10.47,59.16,1030,Sugarcane,Vegetative,Compost,,
7.87,117,66,112,17.19,42.65,1528.51,Maize,Harvest,Zinc Sulphate,,
5.34,52,31,70,23.72,80.86,1555.39,Maize,Sowing,Urea,,
4.79,101,57,84,17.69,53.66,1238.24,Tomato,Sowing,Compost,,
7.31,86,85,59,32.12,46.36,624.43,Tomato,Harvest,SSP,,
6.11,73,41,63,34.44,59.42,2172.02,Potato,Harvest,NPK,,
8.18,25,54,51,30.93,81.35,747.36,Sugarcane,Vegetative,Urea,,
7.1,55,11,68,39.11,43.98,2110.51,Wheat,Vegetative,Urea,,
4.86,74,87,17,23.68,55.43,2445.9,Sugarcane,Sowing,MOP,,
8.29,146,64,23,39.39,56.65,264.77,Rice,Sowing,MOP,,
5.53,90,68,119,13.74,79.97,2249,Wheat,Flowering,Zinc Sulphate,,
5.85,113,42,22,35.38,70.56,1986.49,Wheat,Harvest,MOP,,
6.11,41,23,80,11.15,76.83,748.17,Potato,Harvest,Urea,,
4.7,68,77,88,25.96,71.6,1936.54,Sugarcane,Harvest,Compost,,
6.49,155,75,111,24.53,65.56,1378.16,Sugarcane,Harvest,Zinc Sulphate,,
4.99,155,83,53,35.69,37.94,436.86,Cotton,Harvest,Compost,,
6.1,119,68,52,31.02,79.98,1666.33,Potato,Harvest,Zinc Sulphate,,
5.9,56,24,27,23.23,66.44,2925.2,Cotton,Vegetative,Urea,,
7.59,97,40,45,36.87,72.07,2016.67,Maize,Sowing,Urea,,
7.71,140,38,40,36.58,76.72,1125.53,Cotton,Harvest,DAP,,
5.11,40,84,13,10.74,48.7,1777.8,Tomato,Harvest,Urea,,
5.97,120,82,86,36.13,56.24,2265.84,Maize,Sowing,SSP,,
5.99,146,56,48,25.8,62.48,637.48,Rice,Sowing,NPK,,
5.11,25,66,103,35.17,50.57,1680.72,Cotton,Vegetative,Urea,,
7.69,138,67,64,15.44,45.51,1619.22,Sugarcane,Sowing,NPK,,
7.33,147,40,28,14.53,76.61,1254.36,Maize,Vegetative,MOP,,
5.26,59,62,77,31.67,75.22,2291.78,Tomato,Flowering,Urea,,
5.97,151,73,74,18.26,79.91,1782.03,Potato,Vegetative,NPK,,
4.92,117,11,49,26.77,71.8,2156.91,Potato,Sowing,DAP,,
7.01,141,69,105,30.66,48.7,1868.69,Tomato,Flowering,Zinc Sulphate,,
4.99,120,57,85,28.31,49.62,2386.63,Maize,Sowing,Compost,,
8.44,83,57,85,30.97,61.67,1975.01,Tomato,Harvest,Zinc Sulphate,,
7.62,117,70,93,28.61,80.14,2097.68,Rice,Vegetative,NPK,,
6.06,99,13,84,21.37,50.78,831.39,Cotton,Flowering,DAP,,
6.81,42,35,39,12.71,75.96,2568.43,Sugarcane,Harvest,Urea,,
8.15,106,31,117,35.66,48.34,635.05,Maize,Flowering,DAP,,
6.72,108,52,104,35.38,50.31,1151.49,Rice,Vegetative,NPK,,
5.2,112,29,37,10.17,75.14,2690.34,Rice,Flowering,DAP,,
6.01,119,57,117,35.23,70.71,504.04,Cotton,Vegetative,NPK,,
7.87,146,70,58,14.53,42.49,2626.7,Sugarcane,Harvest,Zinc Sulphate,,
7.08,98,32,102,19.99,79.62,1531.02,Cotton,Harvest,DAP,,
7.1,120,70,50,22.4,77.08,714.04,Maize,Harvest,Zinc Sulphate,,
7.97,118,89,95,30.39,77.85,2264.14,Potato,Flowering,Zinc Sulphate,,
8.08,58,72,118,12.77,58.22,994.87,Sugarcane,Sowing,Urea,,
8.18,66,28,58,34.8,49.72,2098.15,Tomato,Flowering,DAP,,
4.88,56,84,38,38.28,80.99,2414.51,Potato,Vegetative,Urea,,
6.68,111,85,10,38.58,65.29,1794.12,Tomato,Flowering,MOP,,
7.46,49,22,94,12.76,85.86,2400.8,Cotton,Vegetative,Urea,,
7.53,87,11,40,37.58,45.23,2818.13,Tomato,Harvest,DAP,,
6.93,26,60,36,27.03,88.54,1741.12,Sugarcane,Vegetative,Urea,,
5.17,116,84,44,31.81,52.75,626.63,Tomato,Sowing,Compost,,
7.69,66,10,17,37.92,53.07,2186.88,Rice,Vegetative,DAP,,
7.38,66,50,49,29.83,44.33,1348.21,Potato,Vegetative,NPK,,
4.84,98,19,67,23.7,87.9,1687.65,Potato,Vegetative,DAP,,
6.36,145,12,81,25.75,32.38,1955.08,Rice,Harvest,DAP,,
5.2,118,17,15,30.54,58.4,2208.98,Wheat,Vegetative,DAP,,
5.85,120,89,24,38.34,51.93,1991.42,Rice,Harvest,MOP,,
4.57,152,45,30,36.69,39.56,852.04,Cotton,Harvest,MOP,,
6.1,106,49,46,27.31,72.79,2294.86,Rice,Sowing,MOP,,
6.7,114,48,79,16.33,83.9,2460.56,Potato,Sowing,Zinc Sulphate,,
6.98,111,56,63,20.4,44.61,305.49,Potato,Flowering,MOP,,
7.15,71,69,38,20.85,59.86,1062.8,Maize,Flowering,MOP,,
7.85,57,17,67,18.68,64.69,2937.84,Rice,Harvest,Urea,,
5.36,132,83,98,32.4,53.43,697.64,Potato,Harvest,Compost,,
4.98,159,46,96,35.08,85.29,711.9,Potato,Sowing,Compost,,
7.91,96,72,111,19.59,57.69,1855.71,Potato,Sowing,Zinc Sulphate,,
5.13,86,36,100,35.38,88.97,1146.85,Cotton,Flowering,DAP,,
8.4,140,12,115,32.03,47.71,2039.94,Maize,Vegetative,DAP,,
7.87,38,48,96,23.23,34.39,935.41,Potato,Sowing,Urea,,
6.5,109,15,28,30.96,64.5,1392.8,Wheat,Flowering,DAP,,
8.43,49,19,101,33.08,79.4,2995.61,Rice,Flowering,Urea,,
4.89,111,38,43,26.83,53.3,1245.63,Wheat,Harvest,DAP,,
5.71,37,38,67,23.29,41.11,441.26,Cotton,Flowering,Urea,,
7.05,82,29,80,13.05,74.29,2278.82,Tomato,Sowing,DAP,,
5.9,26,88,22,10.04,46.25,1848.01,Sugarcane,Harvest,Urea,,
8.21,107,75,13,38.12,76.18,1444.82,Potato,Flowering,MOP,,
4.76,135,21,20,18.02,45.74,2744.42,Cotton,Harvest,DAP,,
6.7,82,22,59,29.89,63.44,610.56,Rice,Sowing,DAP,,
6.86,107,48,30,38.3,83.26,1571.25,Tomato,Sowing,MOP,,
7.11,94,48,69,34.55,42.28,737,Tomato,Flowering,SSP,,
5.52,142,54,30,13.68,79.24,433.78,Tomato,Vegetative,MOP,,
5.96,58,50,52,34.06,45.93,1438.59,Wheat,Vegetative,Urea,,
7.87,157,89,54,31.79,69.64,2852.57,Cotton,Sowing,Zinc Sulphate,,
5.28,126,52,51,19.88,44.62,2221.79,Wheat,Vegetative,Compost,,
7.81,39,71,35,30.69,36.87,856.63,Maize,Harvest,Urea,,
6.75,125,12,40,34.78,69.84,1495.34,Tomato,Vegetative,DAP,,
7.55,118,18,58,18.74,65.69,2432.86,Potato,Harvest,DAP,,
7.35,134,53,77,36.07,54.09,747.16,Wheat,Flowering,MOP,,
5.33,77,43,12,12.36,32.2,770.35,Tomato,Vegetative,MOP,,
6.78,89,28,48,25.82,58.52,706.89,Cotton,Flowering,DAP,,
7.97,81,27,57,17,38.92,1900.84,Maize,Vegetative,DAP,,
6.23,148,55,30,31.84,51.57,281.06,Cotton,Sowing,MOP,,
8.37,158,50,111,15.25,65.17,1845.34,Sugarcane,Vegetative,Zinc Sulphate,,
6.31,78,58,27,20.24,86.36,2511.04,Rice,Flowering,MOP,,
5.07,117,61,106,13.82,60.68,2391.43,Potato,Flowering,Compost,,
6.06,101,83,115,34.36,41.69,2067.13,Cotton,Vegetative,NPK,,
8.31,156,52,44,13.97,86.77,814.58,Maize,Sowing,Zinc Sulphate,,
5.78,65,19,41,31.69,31.55,2485.97,Potato,Sowing,DAP,,
7.97,156,47,64,31.22,68.57,2880.9,Sugarcane,Sowing,Zinc Sulphate,,
8.03,90,47,20,14.27,45.74,714.59,Wheat,Harvest,MOP,,
5.9,122,56,112,26.98,75.45,2748.92,Cotton,Sowing,Compost,,
4.83,61,16,67,24.91,49.87,2588.37,Potato,Sowing,DAP,,
7.4,47,21,104,27.84,55.72,2941.98,Potato,Harvest,Urea,,
5.75,119,61,103,38.12,76.23,1093.97,Cotton,Harvest,Urea,,
7.63,80,42,47,12.42,83.87,2815.4,Wheat,Vegetative,NPK,,
6.27,59,33,55,34.62,40.95,702.65,Tomato,Sowing,Urea,,
6.44,78,57,29,35.86,47.78,690.5,Maize,Harvest,MOP,,
7.61,158,40,113,13.79,30.26,499.57,Wheat,Vegetative,NPK,,
6.03,76,32,35,29.68,81.39,1397.76,Sugarcane,Sowing,DAP,,
6.27,142,80,20,31.06,86.83,234.11,Tomato,Harvest,MOP,,
6,159,81,75,26.46,46.77,1267.76,Cotton,Flowering,Zinc Sulphate,,
5.97,156,24,112,25.09,53.07,1952.59,Wheat,Flowering,DAP,,
6.6,76,47,90,19.53,55.74,419.13,Tomato,Flowering,SSP,,
7.74,86,37,97,30.67,54.59,2491.73,Cotton,Harvest,DAP,,
5.95,49,30,103,18.57,53.57,1019.62,Cotton,Harvest,Urea,,
6.6,140,36,46,23.8,58.55,330.08,Potato,Sowing,DAP,,
7.18,73,56,15,35.72,39.23,1248.91,Tomato,Vegetative,MOP,,
5.58,51,65,63,12.69,33.46,587.62,Tomato,Flowering,Urea,,
5.61,41,23,96,25.85,73.41,2426.78,Cotton,Vegetative,Urea,,
8.23,155,30,56,24.58,80.79,1135.22,Potato,Harvest,DAP,,
7.39,128,23,108,21.35,78.61,527.64,Tomato,Vegetative,DAP,,
6.81,85,79,56,27.93,67.6,1470.25,Tomato,Harvest,SSP,,
7.09,33,85,35,10.47,88.13,1465.53,Wheat,Flowering,Urea,,
4.62,152,37,34,24.77,30.09,971.71,Wheat,Sowing,DAP,,
6.97,32,46,45,24.57,49.17,1115.59,Potato,Flowering,Urea,,
6.54,106,76,30,25.48,48.6,2352.75,Potato,Harvest,MOP,,
6.68,143,42,115,16.37,50.98,1988.43,Rice,Flowering,Zinc Sulphate,,
5.94,96,21,67,16.23,78,801.04,Tomato,Harvest,DAP,,
4.83,102,21,52,29.42,51.09,2854.92,Wheat,Vegetative,DAP,,
5.27,43,84,32,12.78,61.63,1053.23,Potato,Sowing,Urea,,
8.3,54,60,74,19.18,66.84,1693.63,Sugarcane,Flowering,Urea,,
6.13,87,44,68,34.92,80.72,1799.14,Maize,Vegetative,NPK,,
6.37,93,21,70,13.11,66.95,798.27,Rice,Harvest,DAP,,
4.71,53,28,83,24.04,52.88,1015.43,Cotton,Sowing,Urea,,
4.65,53,68,98,30.06,71.68,1545.94,Wheat,Flowering,Urea,,
7.37,38,22,95,14.25,60.93,917.7,Tomato,Sowing,Urea,,
6.65,22,28,81,19.37,61.7,1055.76,Maize,Vegetative,Urea,,
6.53,135,45,114,26.76,50.11,1916.82,Maize,Sowing,Urea,,
5.47,55,13,73,19.82,30.1,2254.51,Maize,Sowing,Urea,,
7.48,23,22,42,13.3,51.35,2442.75,Cotton,Flowering,Urea,,
5.17,141,15,85,16.97,48.16,540.82,Potato,Vegetative,DAP,,
5.26,150,53,57,13.28,36.02,2263.59,Rice,Sowing,Compost,,
6.34,147,85,48,39.51,41.92,2821.82,Maize,Vegetative,NPK,,
5.65,28,89,21,17.07,88.85,1826.05,Rice,Harvest,Urea,,
5.49,65,17,85,25.92,46.79,1893.1,Sugarcane,Sowing,DAP,,
7.08,33,42,20,22.86,61.09,2874.91,Sugarcane,Vegetative,Urea,,
7.1,22,61,57,27.09,62.96,2634.41,Maize,Flowering,Urea,,
7.8,21,85,17,24.94,63.6,1761.47,Potato,Harvest,Urea,,
6.17,105,22,60,31.81,32.84,2344.38,Maize,Sowing,DAP,,
4.79,119,19,17,36.19,76.29,706.52,Sugarcane,Harvest,DAP,,
5.59,157,43,110,18.56,73.82,1356.72,Rice,Vegetative,NPK,,
8.42,130,36,89,15.51,88.63,2203.15,Rice,Sowing,DAP,,
6.89,72,67,109,39.53,41.08,1008.03,Rice,Sowing,Zinc Sulphate,,
7.34,102,76,91,35.98,63.23,1470.91,Wheat,Flowering,SSP,,
4.53,41,53,117,20.92,78.23,683.64,Tomato,Flowering,Urea,,
6.57,39,78,94,36.84,37.46,2713.85,Sugarcane,Vegetative,Urea,,
4.65,119,14,77,30.12,77.37,2707.87,Wheat,Sowing,DAP,,
6.78,129,46,80,23.12,46.2,1539.41,Wheat,Harvest,SSP,,
8.18,87,80,107,36.2,46.85,737.61,Tomato,Flowering,Zinc Sulphate,,
8.37,115,65,107,30.26,86.74,2101.79,Sugarcane,Flowering,Zinc Sulphate,,
6.66,27,60,118,34.79,48.83,797.9,Wheat,Harvest,Urea,,
6.33,70,65,45,22.53,65.05,840.06,Tomato,Vegetative,NPK,,
8.28,70,51,110,33.96,56.41,2921.73,Tomato,Vegetative,Zinc Sulphate,,
7.19,66,22,39,21.01,34.69,478.72,Wheat,Sowing,DAP,,
4.76,62,43,99,32.05,87.03,1261.88,Potato,Flowering,Compost,,
6.36,156,43,21,23.07,42.82,1753.65,Cotton,Sowing,MOP,,
5.46,99,62,84,22.16,46.06,501.81,Sugarcane,Vegetative,Compost,,
6.38,22,12,38,33.9,52.63,309.04,Maize,Sowing,Urea,,
6.32,32,83,12,13.75,59.91,1718.55,Maize,Harvest,Urea,,
6.83,59,46,71,37.85,38.66,520.77,Rice,Flowering,Urea,,
5.93,58,61,20,25.26,67.8,903.27,Rice,Sowing,Urea,,
5.16,77,15,82,29.08,60.88,1592.36,Tomato,Flowering,DAP,,
6.51,76,30,99,22.16,48.18,1172.99,Maize,Sowing,DAP,,
7.82,43,54,68,29.38,71.56,2189.56,Rice,Sowing,Urea,,
7.16,138,14,81,31.3,60.84,2894.87,Wheat,Sowing,DAP,,
5.85,41,12,94,36.05,80.44,2308.94,Tomato,Vegetative,Urea,,
8.24,70,29,81,35.63,81.32,2999.98,Potato,Sowing,DAP,,
8.15,95,85,51,20.73,88.81,1288.96,Maize,Harvest,Zinc Sulphate,,
5.34,146,70,15,28.48,34.04,1054.67,Maize,Vegetative,MOP,,
4.66,80,44,64,33.42,54.31,795.24,Potato,Sowing,Compost,,
7.47,68,41,91,32.95,60.09,2677.66,Rice,Vegetative,NPK,,
7.81,42,28,15,36.73,44.03,1291.82,Rice,Flowering,Urea,,
8.37,23,24,30,34.96,85.32,2190.64,Tomato,Harvest,Urea,,
8.06,95,83,53,31.54,35.29,2089.38,Wheat,Sowing,Zinc Sulphate,,
6.9,56,66,57,32.47,55.71,359.81,Potato,Flowering,Urea,,
6.62,112,35,96,34.22,41.11,2663.01,Wheat,Flowering,DAP,,
4.61,153,79,45,35.14,70.93,1562.3,Cotton,Harvest,Compost,,
5.49,155,11,91,20.58,72.3,825.93,Maize,Harvest,DAP,,
6.34,98,58,100,33.45,82.35,2941.44,Tomato,Harvest,SSP,,
7.01,81,57,54,38.48,54.54,2308.84,Wheat,Harvest,MOP,,
6.73,130,41,12,16.99,76.51,1926.85,Wheat,Harvest,MOP,,
7.47,139,12,68,11.45,62.97,2967.45,Wheat,Flowering,DAP,,
5.62,72,29,21,12.17,78.74,2318.44,Wheat,Sowing,DAP,,
6.76,141,46,93,16.5,35.12,539.2,Maize,Sowing,Zinc Sulphate,,
4.85,47,29,28,37.59,57.81,2975.21,Rice,Vegetative,Urea,,
6.15,37,69,32,13.8,39.03,1873.28,Rice,Flowering,Urea,,
7.5,26,68,14,32.43,77.42,1038.42,Sugarcane,Harvest,Urea,,
7.27,40,51,60,36.01,39.16,2489.06,Rice,Harvest,Urea,,
8.46,60,32,28,36.33,30.48,334.18,Rice,Flowering,DAP,,
5.61,127,50,21,22.5,85.77,2032.23,Sugarcane,Harvest,MOP,,
6.49,157,82,101,24.86,59.08,645.96,Cotton,Vegetative,NPK,,
5.82,50,36,66,19.7,89.11,445.12,Cotton,Harvest,Urea,,
6.26,61,55,46,14.42,57.18,1191.16,Potato,Harvest,MOP,,
7.93,78,26,43,16.37,65.45,1197.82,Potato,Vegetative,DAP,,
7.24,137,11,89,14.04,74.65,1881.47,Sugarcane,Sowing,DAP,,
8.03,123,24,72,22.23,46.85,1783.22,Sugarcane,Flowering,DAP,,
5.31,62,84,13,15.11,37.97,2126.25,Maize,Sowing,MOP,,
7.99,149,66,63,22.1,69.67,687.5,Tomato,Vegetative,Zinc Sulphate,,
4.74,153,50,115,35.54,60.64,2638.42,Tomato,Flowering,Compost,,
8.05,96,82,63,29.64,79.61,2604.29,Sugarcane,Vegetative,Zinc Sulphate,,
5.82,108,23,15,29.88,32.7,805.56,Maize,Harvest,DAP,,
5.76,118,17,16,34.36,62.69,1526.01,Cotton,Sowing,DAP,,
6.55,56,85,43,11.24,41.15,1566.44,Maize,Harvest,Urea,,
8.26,137,16,77,33.84,67.04,2779.47,Rice,Harvest,DAP,,
4.69,154,76,24,15.89,75.63,2735.73,Rice,Vegetative,MOP,,
5.91,155,35,22,20.38,45.78,388.91,Sugarcane,Vegetative,DAP,,
7.93,119,12,82,19.24,58.91,2882.48,Cotton,Sowing,DAP,,
6.08,74,55,46,13.17,55.21,391.97,Potato,Harvest,SSP,,
5.3,124,13,90,15.21,75.29,1738.8,Sugarcane,Harvest,DAP,,
6.2,93,66,47,38.69,65.99,1072.46,Cotton,Sowing,NPK,,
6.04,77,55,87,28.01,37.24,1293.3,Maize,Vegetative,NPK,,
8.16,123,23,110,24.22,88.6,1954.81,Rice,Sowing,DAP,,
7.55,35,12,40,32.73,84.74,1834.68,Wheat,Sowing,Urea,,
6.52,48,22,75,34.41,64.72,668.97,Wheat,Flowering,Urea,,
8.45,27,17,119,13.31,76.65,2915.39,Maize,Flowering,Urea,,
6.36,119,65,92,32.23,31.2,280.34,Wheat,Flowering,Compost,,
4.73,142,11,92,37.97,42.09,1161.46,Cotton,Harvest,DAP,,
5.55,71,55,69,27.56,76.07,2443.86,Maize,Harvest,MOP,,
6.24,110,40,22,28.42,36.37,2582.62,Wheat,Flowering,MOP,,
5.13,96,44,30,36.11,32.56,2432.41,Wheat,Vegetative,MOP,,
8.29,125,71,104,30.38,66.94,1243,Rice,Sowing,Zinc Sulphate,,
7.57,44,55,53,39.86,32.05,2085.52,Cotton,Harvest,Urea,,
5.57,111,33,37,18.48,40.99,2340.04,Wheat,Flowering,DAP,,
6.86,92,74,66,35.36,34.8,1818.27,Potato,Flowering,DAP,,
7.39,140,53,10,28.37,62.06,2101.25,Rice,Flowering,MOP,,
8.27,45,60,108,20.97,70.62,1750.15,Rice,Sowing,Urea,,
8.03,109,55,19,36.49,41,353.86,Wheat,Vegetative,MOP,,
6.56,105,42,17,39.89,58.13,965.2,Sugarcane,Harvest,MOP,,
7.6,148,73,86,11.74,31.21,2167.42,Potato,Sowing,NPK,,
6.75,159,35,72,37.77,45.88,876.29,Potato,Vegetative,DAP,,
6.71,49,48,92,16.09,40.78,1475.3,Wheat,Sowing,Urea,,
4.96,33,67,76,16.16,39.96,1696.92,Rice,Flowering,Urea,,
5,149,35,76,11.25,43.5,2078.72,Rice,Sowing,DAP,,
6.62,150,84,36,37.67,78.32,925.6,Wheat,Vegetative,MOP,,
5.58,25,76,27,32.78,86.99,1866.6,Sugarcane,Vegetative,Urea,,
4.58,39,82,44,11.6,72.36,1870.23,Maize,Vegetative,Urea,,
7.39,59,66,53,29.01,34.34,2566.07,Sugarcane,Sowing,Urea,,
4.63,134,79,107,13.6,67.69,1745.73,Sugarcane,Harvest,Compost,,
6.88,143,82,103,32.54,74.05,1026.21,Sugarcane,Harvest,Compost,,
6.66,90,17,17,22.27,36.67,1663.57,Tomato,Vegetative,DAP,,
8.38,52,43,94,11.55,47.66,500.37,Potato,Sowing,Urea,,
6.44,70,78,55,34.88,55.7,1901.7,Wheat,Vegetative,NPK,,
4.75,109,19,92,27.17,48.64,2765.17,Maize,Vegetative,DAP,,
6.71,109,31,52,33.19,61.1,1683.47,Sugarcane,Harvest,DAP,,
7.86,136,21,55,30.24,37.86,1018.07,Sugarcane,Vegetative,DAP,,
8.49,98,38,49,23.03,56.68,1335.47,Cotton,Sowing,DAP,,
6.22,39,40,103,30.96,74,2725.2,Sugarcane,Vegetative,Urea,,
5.78,38,15,65,10.44,57.66,2476.59,Cotton,Harvest,Urea,,
8.13,75,16,36,20.19,42.63,2448.89,Maize,Flowering,DAP,,
5.26,20,88,29,33.34,78.13,1779.42,Sugarcane,Vegetative,Urea,,
6.96,56,22,87,32.89,53.66,1309.96,Tomato,Vegetative,Urea,,
6.12,37,72,66,36.62,55.51,570.82,Rice,Sowing,Urea,,
4.66,98,33,21,28.33,51.46,2931.72,Wheat,Vegetative,DAP,,
5.89,153,28,32,38.27,47.38,701.49,Rice,Harvest,DAP,,
5.56,120,78,21,26.73,66.12,905.93,Tomato,Sowing,MOP,,
7.24,41,31,117,25.01,41.27,2339.93,Potato,Flowering,Urea,,
8.3,30,69,53,15.92,76.15,1182.1,Potato,Flowering,Urea,,
5.57,91,31,48,33.37,58.9,1834.83,Potato,Harvest,DAP,,
7.75,28,26,51,30.76,83.02,2332.6,Tomato,Harvest,Urea,,
4.72,150,56,103,23.82,86.33,1757.14,Sugarcane,Sowing,Compost,,
6.65,154,16,57,12.61,52.98,1574.01,Sugarcane,Vegetative,DAP,,
4.78,65,26,100,13.77,39.53,341.97,Cotton,Sowing,DAP,,
8.24,77,85,97,13.43,60.32,1565.44,Maize,Flowering,Zinc Sulphate,,
7.57,47,71,76,21.27,46.23,1474.07,Rice,Vegetative,Urea,,
7.13,50,72,103,14.77,55.59,2665.43,Tomato,Sowing,Urea,,
7.8,71,16,44,35.83,52.65,1452.7,Sugarcane,Sowing,DAP,,
7.09,156,38,106,36.98,57.03,1963.84,Wheat,Harvest,DAP,,
8.38,110,81,46,35.7,59.91,2366.45,Wheat,Vegetative,Zinc Sulphate,,
7.36,27,13,49,28.27,67.65,1509.6,Maize,Vegetative,Urea,,
8.2,127,25,25,27.89,30.23,930.4,Tomato,Sowing,DAP,,
6.57,105,89,57,36.73,45.39,2703.07,Tomato,Harvest,DAP,,
4.97,37,84,27,22.19,40.22,2707.45,Potato,Vegetative,Urea,,
6.61,139,68,27,11.87,72.63,2719.54,Rice,Sowing,MOP,,
5.01,68,50,23,24.11,79.94,963.77,Tomato,Sowing,MOP,,
6.87,30,69,105,26.61,73.55,1083.29,Cotton,Harvest,Urea,,
6.43,136,84,85,26.48,88.48,2772.63,Cotton,Sowing,Urea,,
6.99,149,78,51,14.77,34.63,552.19,Tomato,Vegetative,NPK,,
4.54,72,67,11,33.5,57.89,2036.47,Potato,Flowering,MOP,,
5.28,111,85,62,31.96,83.96,1018.49,Cotton,Vegetative,Compost,,
6.47,25,49,99,16.9,49.15,2219.66,Potato,Sowing,Urea,,
8.3,119,67,96,26.54,78.14,2534.26,Cotton,Vegetative,Zinc Sulphate,,
6.03,31,70,69,33.71,63.7,1342.72,Tomato,Flowering,Urea,,
6.2,140,54,44,10.23,88.71,623.24,Wheat,Flowering,SSP,,
7.36,146,86,73,18.25,52.26,2250.26,Wheat,Sowing,MOP,,
6.92,56,57,42,24.16,55.03,356.04,Sugarcane,Vegetative,Urea,,
5.7,144,20,50,35.35,39.83,241.98,Sugarcane,Harvest,DAP,,
6.14,27,65,72,33.97,39.58,2656.13,Tomato,Flowering,Urea,,
5.37,139,32,98,14.53,81.66,2487.06,Potato,Sowing,DAP,,
8.36,135,86,13,23.88,54.44,1829.47,Rice,Flowering,MOP,,
5.02,50,42,30,19.14,67.23,2063.05,Rice,Flowering,Urea,,
5.99,158,61,13,22.04,75.14,2867.29,Maize,Sowing,MOP,,
4.6,35,37,104,26.22,56.29,375.75,Potato,Vegetative,Urea,,
5.39,49,13,65,24.98,87.23,806.46,Wheat,Harvest,Urea,,
7.62,58,60,88,14.25,86.29,2241.77,Maize,Sowing,Urea,,
5.3,63,19,13,13.65,70.81,939.3,Cotton,Vegetative,DAP,,
4.82,135,61,13,13.91,89.71,780.34,Tomato,Harvest,MOP,,
6.4,56,81,117,35.24,30.16,1438.17,Sugarcane,Sowing,Urea,,
4.54,111,18,12,10.6,30.56,2226.35,Sugarcane,Sowing,DAP,,
4.84,38,27,64,16.07,34.05,789.46,Maize,Harvest,Urea,,
7.73,119,75,78,38.68,86.61,1402.73,Tomato,Sowing,NPK,,
7.59,158,49,92,11.98,66.29,1652.69,Maize,Vegetative,NPK,,
8.16,88,75,111,11.09,85.66,682.23,Wheat,Vegetative,Zinc Sulphate,,
7.92,149,31,41,21.62,37.63,1535.01,Cotton,Flowering,DAP,,
7.23,44,89,67,14.54,31.92,2624.45,Potato,Sowing,Urea,,
4.71,134,83,82,26.97,62.6,2288.98,Rice,Flowering,Compost,,
7.63,109,43,76,20.16,40.51,1609.65,Rice,Sowing,SSP,,
7.88,49,57,43,16.27,81.59,550.79,Maize,Flowering,Urea,,
7.7,36,25,72,39.96,55.22,265.4,Maize,Vegetative,Urea,,
6.53,104,58,98,20.23,76.23,388.28,Maize,Harvest,Urea,,
5.43,130,72,19,29.23,60.99,2300.61,Rice,Vegetative,MOP,,
7.88,111,49,41,36.22,61.72,2172.24,Sugarcane,Harvest,Zinc Sulphate,,
7.41,95,65,14,37.67,70.91,2288.98,Sugarcane,Sowing,MOP,,
8.42,59,86,38,22.3,50.13,1060.19,Tomato,Vegetative,Urea,,
5.12,153,57,16,39.28,86.93,451.79,Rice,Flowering,MOP,,
5.4,107,46,24,31.74,54.02,2200.13,Sugarcane,Harvest,MOP,,
5.35,130,21,11,27.5,53.88,2782.91,Wheat,Vegetative,DAP,,
7.67,74,88,19,30.8,72.45,1466.14,Potato,Vegetative,MOP,,
5.25,111,41,20,20.8,68.18,2340.08,Maize,Flowering,MOP,,
4.77,132,32,62,22.73,89.75,2238.61,Potato,Vegetative,DAP,,
8.49,27,83,65,27.59,81.01,2590.34,Cotton,Flowering,Urea,,
4.6,27,81,49,19.81,47.08,279.46,Cotton,Vegetative,Urea,,
7.84,88,30,67,33.06,36.09,2874.85,Sugarcane,Harvest,DAP,,
5.96,62,84,94,17.53,36.4,2623,Rice,Sowing,DAP,,
7.87,117,21,85,33.9,51.7,2654.14,Potato,Vegetative,DAP,,
6.72,69,58,77,14.56,58.63,2989.79,Wheat,Sowing,NPK,,
8.11,23,56,101,16.52,68.23,1990.53,Potato,Vegetative,Urea,,
8.2,127,71,102,32.59,81.46,428.69,Cotton,Flowering,Zinc Sulphate,,
4.54,55,47,86,17.89,89.37,2503.83,Cotton,Harvest,Urea,,
4.8,152,35,91,33.86,54.52,577.65,Sugarcane,Flowering,DAP,,
5.5,38,49,36,33.52,62.73,2266.1,Rice,Harvest,Urea,,
7.18,129,25,12,17.72,66.04,1387.27,Cotton,Harvest,DAP,,
8.05,33,28,108,12.19,63.51,218.52,Tomato,Vegetative,Urea,,
6.34,67,59,48,14.99,35.42,1420.18,Wheat,Sowing,DAP,,
6.93,91,65,31,32.58,36.9,2430.66,Maize,Flowering,MOP,,
5.25,123,38,90,35.41,83.33,444.72,Tomato,Sowing,DAP,,
7.72,94,47,101,21.49,70.54,206.19,Rice,Flowering,MOP,,
8.37,127,70,70,14.93,70.73,1467.73,Potato,Flowering,Zinc Sulphate,,
5.57,129,45,47,12.26,78.89,204.19,Maize,Harvest,SSP,,
6.48,101,19,25,16.47,35.05,2817.27,Tomato,Flowering,DAP,,
4.84,82,56,78,39.39,54.93,2509.61,Potato,Flowering,Compost,,
6.74,74,53,95,15.11,44.8,1964.33,Maize,Vegetative,NPK,,
6.51,51,71,26,12.59,69.65,248.49,Rice,Sowing,Urea,,
5.08,128,16,70,33.56,42.9,1795.5,Wheat,Harvest,DAP,,
6.27,104,78,84,28.46,71.53,2079.04,Potato,Harvest,Zinc Sulphate,,
5.84,131,28,95,26.04,53.27,1844.85,Wheat,Flowering,DAP,,
6.59,125,42,53,23.44,56.36,2851.3,Potato,Harvest,Compost,,
6.84,76,33,53,31.06,79.08,2527.76,Tomato,Sowing,DAP,,
4.53,63,32,109,30.95,50.89,1222.26,Sugarcane,Flowering,DAP,,
7.54,111,62,50,22.73,45.4,2145.44,Tomato,Harvest,Zinc Sulphate,,
7.35,157,30,119,17.03,81.02,1491.21,Rice,Vegetative,DAP,,
5.97,131,46,117,35.24,71.12,2799.37,Rice,Vegetative,NPK,,
4.71,159,58,115,14.94,54.23,1930.75,Potato,Flowering,Compost,,
7.52,150,34,113,26.02,59.91,1829.8,Sugarcane,Sowing,DAP,,
8.32,84,48,64,30.78,50.87,1601.95,Wheat,Harvest,Zinc Sulphate,,
5.46,120,39,12,29.17,63.07,1257.67,Tomato,Vegetative,DAP,,
5.79,59,52,100,28.56,38.32,614.56,Potato,Harvest,Urea,,
5.24,121,87,118,29.88,83.31,967.01,Rice,Sowing,Compost,,
6.81,49,63,22,36.27,63.24,1131,Rice,Flowering,Urea,,
5.12,124,41,86,20.96,53.12,631.25,Potato,Sowing,Compost,,
5.92,62,58,60,28.82,64.3,2475.6,Maize,Sowing,NPK,,
7.29,110,11,63,30.91,39.67,206.21,Maize,Harvest,DAP,,
6.74,49,56,103,27.71,34.71,2764.16,Wheat,Sowing,Urea,,
6.05,60,32,27,37.09,62.89,559.19,Tomato,Vegetative,DAP,,
6.18,63,15,49,29.64,34.23,342.71,Maize,Vegetative,DAP,,
6.75,56,50,106,22.73,69.65,2986.52,Maize,Harvest,Urea,,
4.52,136,51,90,35.37,78.01,2999.43,Wheat,Flowering,Compost,,
4.81,153,62,114,24.69,89.3,736.92,Wheat,Sowing,Compost,,
8.03,102,81,19,25.9,76.15,574.63,Sugarcane,Sowing,MOP,,
4.81,143,48,50,27.47,88.45,753.77,Rice,Sowing,Compost,,
7.33,20,19,53,19.68,31.33,1631.71,Rice,Sowing,Urea,,
8.18,29,59,97,31.68,63.53,1099.31,Wheat,Harvest,Urea,,
5.58,45,84,115,12.94,39.88,1141.83,Wheat,Flowering,Urea,,
5.98,83,17,102,36.07,44.71,2466.8,Cotton,Flowering,DAP,,
6.78,87,10,17,32.64,74.07,2692.54,Potato,Vegetative,DAP,,
8.03,37,81,45,20.61,45.17,2915.53,Potato,Harvest,Urea,,
8.27,102,78,65,16.79,40.79,1641.27,Potato,Vegetative,Zinc Sulphate,,
7.46,129,10,23,21.64,52.31,889.18,Maize,Sowing,DAP,,
4.85,109,76,38,34.15,35,1753.77,Cotton,Harvest,MOP,,
7.18,39,36,16,10.95,38.79,2638.94,Rice,Harvest,Urea,,
6.14,140,70,98,24.04,38.79,286.55,Wheat,Vegetative,NPK,,
6.38,81,57,51,17.62,43.56,2751.48,Sugarcane,Sowing,Urea,,
4.7,94,32,39,36.25,82.24,834.33,Potato,Flowering,DAP,,
5.26,44,53,101,22.42,47.71,1069.41,Rice,Harvest,Urea,,
7.66,143,49,83,30.94,46.43,1219.35,Wheat,Sowing,Urea,,
6.32,102,20,56,20.74,37.56,2758.53,Potato,Vegetative,DAP,,
5.71,115,20,43,19.89,30.97,692.79,Rice,Sowing,DAP,,
6.04,84,40,71,19.78,39.62,824.43,Cotton,Flowering,Compost,,
7.92,86,69,25,30.35,73.38,2247.09,Tomato,Sowing,MOP,,
7.5,77,64,83,38.93,88.19,2817.13,Wheat,Sowing,Zinc Sulphate,,
5.59,59,33,38,16.24,74.63,493.26,Maize,Vegetative,Urea,,
4.97,119,71,24,29.32,81.19,1662.3,Tomato,Harvest,MOP,,
5.51,155,28,101,17.96,77.2,2760.49,Sugarcane,Vegetative,DAP,,
8.18,122,49,60,26.48,47.76,2681.05,Wheat,Flowering,Zinc Sulphate,,
6.83,81,26,65,26.25,73.87,2855.68,Rice,Vegetative,DAP,,
6.63,27,59,97,23.5,75.04,2725.89,Potato,Flowering,Urea,,
6.89,44,21,51,24.96,45.51,1081.17,Tomato,Harvest,Urea,,
5.96,99,24,29,36.41,85.24,782.43,Tomato,Harvest,DAP,,
7.73,91,48,56,12.66,89.88,2724.13,Tomato,Flowering,SSP,,
6.59,82,22,73,34.91,63.68,2193.47,Potato,Sowing,DAP,,
4.97,94,28,102,23.87,49,1259.86,Wheat,Flowering,DAP,,
5.02,26,82,11,20.01,51.46,2196.22,Maize,Sowing,Urea,,
6.65,117,66,119,15.31,64.95,1060.14,Maize,Flowering,MOP,,
8.25,104,69,41,34.44,30.47,1827.76,Tomato,Sowing,Zinc Sulphate,,
5.73,88,65,63,27.76,48.5,853.33,Tomato,Flowering,NPK,,
7.98,69,34,51,31.85,32.94,1772.88,Potato,Harvest,DAP,,
7.56,141,13,39,19.45,67.45,2784.85,Wheat,Vegetative,DAP,,
5.49,36,61,18,21.79,66.24,2360.03,Cotton,Harvest,Urea,,
4.65,25,16,28,37.41,65.46,2036.98,Potato,Sowing,Urea,,
4.91,128,77,15,38.84,39.06,888.84,Sugarcane,Vegetative,MOP,,
7.41,94,79,81,32.2,86.67,377.43,Tomato,Vegetative,NPK,,
5.3,101,54,107,32.48,62.05,2189.6,Sugarcane,Harvest,Compost,,
5.99,57,18,67,30.83,63.35,1813.07,Maize,Vegetative,Urea,,
6.51,82,18,10,27.62,62.66,795.29,Rice,Vegetative,DAP,,
7.4,147,12,22,27.85,61.46,2817.33,Potato,Harvest,DAP,,
4.95,159,86,15,38.91,86.31,1745.65,Tomato,Harvest,MOP,,
6.13,22,72,108,32.53,66.12,1801.2,Maize,Flowering,Urea,,
6.44,106,11,38,29.66,59.11,1036.53,Tomato,Sowing,DAP,,
6.66,140,40,75,15.67,75.99,2662.28,Potato,Harvest,NPK,,
7.77,152,47,83,39.31,45.09,2695.89,Cotton,Sowing,NPK,,
5.19,48,16,40,25.61,41.52,2202.41,Potato,Sowing,Urea,,
7.73,117,19,81,38.31,56.35,477.97,Maize,Vegetative,DAP,,
7.27,127,86,50,31.41,30.94,436.28,Cotton,Sowing,MOP,,
6.72,152,68,48,11.2,47.61,1514.26,Cotton,Harvest,SSP,,
7.3,122,10,66,26.17,55.2,597.91,Rice,Flowering,DAP,,
6.15,51,46,37,36.78,64.72,1129.38,Wheat,Sowing,Urea,,
5.05,152,34,40,11.55,62.59,679.76,Rice,Sowing,DAP,,
7.16,54,75,22,36,52.04,1068.32,Rice,Harvest,Urea,,
6.6,121,85,80,28.4,50.6,2840.16,Potato,Harvest,Zinc Sulphate,,
7.06,99,14,60,11.34,30.08,2309.42,Wheat,Harvest,DAP,,
5.85,118,65,74,21.21,82.87,587.26,Wheat,Flowering,MOP,,
8.13,107,88,54,10.91,43.88,2072.96,Wheat,Vegetative,Zinc Sulphate,,
6.85,152,51,117,10.05,51.48,285.42,Rice,Flowering,MOP,,
4.84,28,73,62,36.89,31.22,2954.15,Maize,Sowing,Urea,,
6.3,151,58,66,32.46,87.41,1688.75,Maize,Harvest,NPK,,
7.53,52,55,35,18.68,59.67,1615.16,Tomato,Harvest,Urea,,
7.68,110,80,119,13.41,31.4,872.94,Rice,Harvest,Zinc Sulphate,,
6.48,30,11,25,11.63,45.07,1481.93,Wheat,Sowing,Urea,,
8.08,88,76,21,37.52,82.76,1673.47,Rice,Vegetative,MOP,,
5.57,157,13,25,28.77,52.54,2042.95,Tomato,Sowing,DAP,,
6.14,150,71,107,14.82,71.36,328.55,Maize,Flowering,Urea,,
8.09,142,89,63,30.44,66.83,1158.09,Wheat,Harvest,Zinc Sulphate,,
8.09,129,36,100,39.97,58.32,1283.59,Rice,Harvest,DAP,,
7.24,36,76,61,33.64,79.99,617.62,Maize,Sowing,Urea,,
7.94,151,26,98,23.4,32.42,871.4,Wheat,Sowing,DAP,,
4.86,114,61,92,34.43,84.75,862.68,Tomato,Harvest,Compost,,
7.96,86,80,80,32.33,73.08,2469.05,Wheat,Harvest,Zinc Sulphate,,
5.78,47,66,85,12.66,81.82,2124.22,Sugarcane,Flowering,Urea,,
5.21,124,39,119,37.77,31.02,2783.7,Wheat,Vegetative,DAP,,
5.46,135,81,33,36.52,35.09,1067.7,Maize,Sowing,MOP,,
6.17,78,80,67,27.72,42.35,2668.65,Maize,Flowering,DAP,,
5.5,93,74,48,25.24,65.61,2618.64,Cotton,Sowing,MOP,,
5.78,49,25,78,16.83,35.55,1454.28,Potato,Vegetative,Urea,,
5.04,71,36,10,35.03,85.89,1963.24,Maize,Flowering,DAP,,
5.68,38,83,80,22.96,74.92,1874.27,Tomato,Sowing,Urea,,
6.79,56,56,99,27.38,78.46,1061.92,Maize,Vegetative,Urea,,
6.27,126,23,97,15.1,65.03,933.8,Maize,Flowering,DAP,,
5.89,55,11,70,16.41,67.86,673.09,Wheat,Sowing,Urea,,
7.49,87,48,57,39.56,43.26,2545.46,Cotton,Vegetative,NPK,,
8.07,123,64,71,24.82,84.6,1693.88,Potato,Harvest,Zinc Sulphate,,
7.53,140,35,90,34.47,68.94,1147.42,Cotton,Harvest,DAP,,
5.83,63,53,13,34.89,55.06,1627.98,Rice,Vegetative,MOP,,
7.48,52,78,89,39.45,82.9,425.65,Tomato,Harvest,Urea,,
5.11,129,47,109,39.49,81.83,496.75,Rice,Harvest,Compost,,
5.02,109,89,78,23.71,30.03,2326.19,Cotton,Vegetative,Compost,,
5.88,82,21,78,38.51,85.49,2723.48,Cotton,Vegetative,DAP,,
7.73,91,26,61,20.96,51.81,1096.75,Wheat,Sowing,DAP,,
5.49,99,34,116,28.23,55.33,1345.69,Tomato,Flowering,DAP,,
4.75,53,73,55,34.65,35.12,1246.43,Maize,Harvest,Urea,,
5.03,130,20,26,37.41,82.65,1541.32,Potato,Flowering,DAP,,
7.93,46,27,114,25.72,62.35,1359.15,Cotton,Sowing,Urea,,
7.04,151,45,94,22.54,84.34,1281.47,Potato,Vegetative,NPK,,
5.51,125,12,39,31.86,76.85,2047.85,Potato,Vegetative,DAP,,
6.72,72,79,58,23.68,83.88,961.92,Sugarcane,Harvest,Compost,,
6.61,56,80,60,30.15,86.9,2839.38,Wheat,Sowing,Urea,,
7.12,119,18,42,34.13,83.15,1063.73,Rice,Harvest,DAP,,
5.43,98,75,118,35.23,42.59,800.82,Wheat,Sowing,Compost,,
7.96,132,56,96,17.63,34.21,2921.34,Cotton,Vegetative,Zinc Sulphate,,
5.74,89,59,67,27.14,67.22,840.65,Sugarcane,Flowering,MOP,,
7.28,109,73,115,10.75,39.3,1702.7,Cotton,Harvest,Compost,,
4.56,139,56,102,33.93,81.79,1120.97,Tomato,Sowing,Compost,,
5.99,44,84,115,13.75,86.85,416.93,Potato,Vegetative,Urea,,
5.91,46,76,48,36.15,37.28,2868.16,Rice,Harvest,Urea,,
6.67,32,51,111,22.2,44.15,1247.94,Tomato,Sowing,Urea,,
4.79,106,58,80,15.02,67.51,2005.49,Wheat,Sowing,Compost,,
7.66,118,39,46,33.87,73.52,2614.31,Rice,Vegetative,DAP,,
5.37,107,17,80,16.01,60.74,1748.36,Cotton,Sowing,DAP,,
7.21,159,46,24,21.83,52.14,2195.99,Cotton,Sowing,MOP,,
7.71,73,17,70,27.01,48.36,2396.9,Wheat,Vegetative,DAP,,
6.75,39,72,102,20.8,69.96,1268.32,Cotton,Flowering,Urea,,
7.46,26,20,19,15.37,74.67,1960.57,Tomato,Sowing,Urea,,
7.15,109,67,29,22.18,47.33,776.68,Maize,Harvest,MOP,,
5.92,113,43,118,14.33,49.56,354.94,Wheat,Sowing,SSP,,
7.74,149,48,18,31.57,57.6,2962.83,Rice,Sowing,MOP,,
5.68,73,25,79,15.15,57.01,459.29,Sugarcane,Harvest,DAP,,
6.78,27,80,29,24.47,80.56,1400.42,Potato,Sowing,Urea,,
7.48,138,13,73,26.81,56.21,388.73,Cotton,Sowing,DAP,,
6.02,147,55,94,38.35,88.7,2783.56,Sugarcane,Harvest,Compost,,
5.71,82,31,16,12.35,48.66,505.74,Rice,Flowering,DAP,,
6.34,136,80,111,37.91,71.57,2402.22,Tomato,Vegetative,NPK,,
7.77,128,22,73,16.25,75.54,2204.09,Sugarcane,Vegetative,DAP,,
8.22,107,51,57,35.23,67.82,326.12,Wheat,Flowering,Zinc Sulphate,,
6.68,88,43,107,12.71,52.02,2219.55,Tomato,Vegetative,NPK,,
7.15,143,22,56,39.66,45.44,2914.07,Potato,Flowering,DAP,,
8.11,23,38,73,34.23,66.26,1658.82,Tomato,Flowering,Urea,,
4.89,125,56,76,11.89,69.52,1010.61,Rice,Vegetative,Compost,,
5.43,126,78,54,16.42,45.46,1725.92,Wheat,Sowing,Compost,,
7.34,40,20,26,26.46,50.19,538.82,Wheat,Harvest,Urea,,
7.79,105,72,60,25.71,81.72,2876.69,Sugarcane,Vegetative,NPK,,
7.93,60,60,52,28.88,78.63,1222.93,Maize,Harvest,Zinc Sulphate,,
6.16,97,69,75,23.91,41.03,1479.61,Wheat,Vegetative,NPK,,
4.86,148,56,115,32.02,86,1323.91,Wheat,Flowering,Compost,,
6.25,70,13,85,20.45,67.68,277.99,Rice,Vegetative,DAP,,
5.42,137,16,22,15.29,59.81,296.19,Potato,Flowering,DAP,,
5.66,43,40,111,11.01,42.05,1774.64,Tomato,Vegetative,Urea,,
7.59,95,83,109,19.74,73.81,1606.51,Maize,Flowering,NPK,,
4.8,103,39,85,22.81,85.25,2962.19,Cotton,Flowering,DAP,,
7.81,56,38,36,29.77,33.9,937.06,Wheat,Vegetative,Urea,,
6.21,103,52,99,34.19,61.24,1231.74,Rice,Flowering,Zinc Sulphate,,
6.88,85,31,56,17.2,82.63,2966.01,Sugarcane,Sowing,DAP,,
4.86,33,57,49,24.8,87.15,334.07,Rice,Vegetative,Urea,,
5.85,107,57,78,17.01,34.33,1999.38,Tomato,Vegetative,NPK,,
4.86,34,66,41,38.53,77.46,484.61,Maize,Vegetative,Urea,,
8.35,80,31,109,29.43,46.88,2849.92,Rice,Flowering,DAP,,
7.73,117,36,54,30.34,62.49,1006.65,Cotton,Sowing,DAP,,
6.34,136,72,111,25.94,77.02,2479.47,Sugarcane,Sowing,NPK,,
5.39,155,13,89,18.45,62.71,2751.52,Sugarcane,Sowing,DAP,,
8.23,22,12,83,16.01,36.6,2571.64,Potato,Harvest,Urea,,
5.88,94,49,46,29.7,65.43,1759.33,Wheat,Harvest,Compost,,
5.14,156,37,24,37.65,37.07,2925.57,Maize,Vegetative,DAP,,
6.75,34,24,84,16.39,50.85,2094.5,Sugarcane,Flowering,Urea,,
8.28,51,60,18,27.15,63.49,2401.21,Sugarcane,Harvest,Urea,,
4.52,30,35,91,25.88,89.48,883.54,Cotton,Sowing,Urea,,
5.45,150,44,106,29.25,73.62,1371.44,Tomato,Vegetative,Compost,,
8.25,45,89,64,27.63,48.2,1874.92,Rice,Vegetative,Urea,,
5.18,26,24,18,18.18,82.59,608.27,Cotton,Sowing,Urea,,
4.95,111,14,73,30.74,43.57,2904.04,Maize,Vegetative,DAP,,
6.78,58,55,50,18.18,53.04,507.18,Tomato,Sowing,Urea,,
7.95,23,33,24,29.59,68.82,2252.01,Maize,Flowering,Urea,,
6.41,49,11,45,19,54.63,362.45,Sugarcane,Vegetative,Urea,,
8.48,70,68,45,12.47,73.77,487.39,Wheat,Vegetative,Zinc Sulphate,,
7.22,55,45,74,13.82,69.04,1945.33,Rice,Harvest,Urea,,
4.8,114,54,37,35.02,70.04,1466.95,Rice,Flowering,MOP,,
8.47,132,85,42,13.64,55.22,210.2,Maize,Flowering,Zinc Sulphate,,
6.13,136,46,74,19.92,33.31,1302.26,Cotton,Flowering,NPK,,
5.65,79,66,63,18.63,82.36,900.25,Sugarcane,Sowing,SSP,,
6.73,70,21,15,11.74,34.44,2640.44,Tomato,Flowering,DAP,,
5.72,34,44,84,27.99,57.84,2182.65,Potato,Sowing,Urea,,
4.85,110,31,57,33.96,48.12,2265,Tomato,Vegetative,DAP,,
4.51,143,81,100,39.77,47.78,2862.66,Rice,Sowing,Compost,,
6.3,103,36,78,38.08,43.6,2187.61,Cotton,Flowering,DAP,,
7.85,23,16,83,11.48,46.3,649.6,Cotton,Harvest,Urea,,
6.79,40,12,37,17.73,87.32,2824.47,Potato,Harvest,Urea,,
8.5,110,13,25,22.36,88.32,516.7,Maize,Flowering,DAP,,
5.65,88,17,116,36.25,64.26,739.3,Sugarcane,Flowering,DAP,,
5.62,157,54,35,20.8,61.48,998.41,Sugarcane,Vegetative,MOP,,
5.14,69,86,59,27.11,32.9,690.28,Tomato,Vegetative,Compost,,
5.16,29,82,63,29.79,78.22,251.3,Wheat,Flowering,Urea,,
5.64,109,29,101,18.94,40.23,1485.64,Sugarcane,Harvest,DAP,,
7.67,86,14,87,27.46,38.56,2126.31,Maize,Flowering,DAP,,
8.12,39,55,22,11.53,55.44,1379.44,Potato,Sowing,Urea,,
8.4,130,78,74,24.41,50.85,857.37,Cotton,Vegetative,Zinc Sulphate,,
5.43,88,44,44,21.36,35.8,2672.13,Rice,Vegetative,Compost,,
8.03,44,74,88,20.67,38.88,1287.24,Cotton,Harvest,Urea,,
5.81,108,24,38,17.05,89.54,2548.87,Rice,Flowering,DAP,,
4.95,73,26,40,34.53,74.09,699.8,Wheat,Sowing,DAP,,
7.98,31,85,21,36.46,65.91,1133.47,Tomato,Harvest,Urea,,
7.04,84,55,78,36.64,48.22,2449.83,Wheat,Harvest,DAP,,
5.16,86,70,119,21.88,55.71,285.25,Potato,Flowering,Compost,,
6.22,152,52,41,17.77,67.68,2777.37,Wheat,Harvest,Urea,,
5.65,98,88,19,12.95,77.06,1310.36,Potato,Vegetative,MOP,,
7.45,151,87,14,30.17,86.78,2938.35,Potato,Flowering,MOP,,
6.31,38,31,36,19.91,37.36,2163.81,Tomato,Harvest,Urea,,
8.46,100,18,48,18.3,41.5,2858.3,Cotton,Harvest,DAP,,
4.72,74,56,30,21.14,64.05,385.39,Maize,Vegetative,MOP,,
5.92,80,12,25,26.64,86.31,2221.64,Sugarcane,Harvest,DAP,,
6.43,120,61,38,14.86,57.15,2651.3,Tomato,Harvest,MOP,,
6.51,43,40,88,38.84,68.04,2965.18,Potato,Harvest,Urea,,
5.76,73,22,111,31.98,47.62,293.53,Potato,Vegetative,DAP,,
7.42,100,11,80,11.4,78.7,432.8,Potato,Sowing,DAP,,
8,38,87,91,19.2,66.32,2248.72,Rice,Sowing,Urea,,
8.25,56,16,92,11.51,52.91,308.99,Maize,Sowing,Urea,,
7.72,47,38,90,16.88,62.56,231.83,Potato,Harvest,Urea,,
7.9,99,13,23,18.6,71.69,1726.2,Sugarcane,Flowering,DAP,,
6.7,90,13,50,31.54,42.81,1682.5,Tomato,Sowing,DAP,,
7.8,40,30,83,31.56,50.49,1917.8,Rice,Flowering,Urea,,
5.71,54,54,98,11.36,45.03,239.43,Cotton,Harvest,Urea,,
6.09,129,37,50,27.64,87.61,1609.23,Tomato,Vegetative,DAP,,
5.77,20,17,53,38.83,32.58,1002.71,Rice,Flowering,Urea,,
6.37,111,51,82,28.85,33.39,2316.97,Cotton,Harvest,Urea,,
5.64,110,26,25,38.82,51.34,1174.98,Sugarcane,Sowing,DAP,,
8.35,89,18,33,21.42,62.28,1198.47,Maize,Sowing,DAP,,
5.75,151,70,30,23.79,49.73,2031.85,Rice,Harvest,MOP,,
4.89,20,78,68,24.86,81.42,2049.86,Sugarcane,Harvest,Urea,,
6.61,118,50,107,37.72,40.16,363.24,Wheat,Flowering,DAP,,
4.73,111,38,48,21.41,51.88,1952.81,Potato,Sowing,DAP,,
4.94,101,85,80,39.5,59.28,2041.99,Potato,Harvest,Compost,,
5.38,135,63,16,26.29,42.13,1481.07,Potato,Harvest,MOP,,
6.36,144,41,37,16.54,47.41,2518.02,Maize,Sowing,MOP,,
6.23,71,74,60,13.11,86.84,225.48,Potato,Vegetative,NPK,,
7.7,118,52,44,15.19,61.21,2911.45,Wheat,Sowing,Urea,,
7.46,72,78,67,11.18,82.18,1252.87,Potato,Harvest,Urea,,
6.21,104,85,19,30.77,46.16,1867.96,Wheat,Sowing,MOP,,
5.83,99,89,47,25.51,66.74,296.11,Maize,Sowing,NPK,,
5.77,75,25,41,32.14,75.79,2184.92,Rice,Flowering,DAP,,
7.6,122,30,71,33.47,55.3,1722.36,Sugarcane,Flowering,DAP,,
4.71,106,42,107,37.94,67.48,2889.02,Maize,Harvest,Compost,,
4.55,52,35,97,13.51,81.79,1383.09,Tomato,Sowing,Urea,,
7.68,42,12,59,15.58,38.45,2221.24,Rice,Sowing,Urea,,
6.41,25,32,50,26.45,51.28,407.84,Potato,Vegetative,Urea,,
5.02,104,63,56,13.89,79.43,380.69,Potato,Harvest,Compost,,
5.44,24,56,119,12.78,43.85,2857.22,Tomato,Harvest,Urea,,
8.23,96,45,114,29.99,63.37,909.25,Maize,Harvest,Zinc Sulphate,,
7.94,102,44,11,31.74,56.28,2754.71,Maize,Vegetative,MOP,,
7.34,28,52,51,35.3,69.89,445.35,Potato,Harvest,Urea,,
6.43,22,42,13,37.47,70.08,1985.67,Rice,Sowing,Urea,,
6.58,65,14,10,23.27,64.71,1744.43,Wheat,Sowing,DAP,,
8.4,58,13,31,39.4,86.81,2905.3,Cotton,Harvest,Urea,,
8.36,32,67,20,11.14,40.52,1331.24,Rice,Sowing,Urea,,
5.36,60,61,20,36.1,80.11,335.54,Cotton,Harvest,MOP,,
7.74,158,81,118,19.64,59.37,1527.42,Cotton,Harvest,DAP,,
5.29,60,84,23,37.65,69.71,2507.72,Maize,Vegetative,MOP,,
5.35,94,59,100,16.68,46.42,346.9,Rice,Flowering,Compost,,
7.2,54,36,106,32.23,35.68,301.35,Rice,Harvest,Urea,,
6.12,86,19,101,22.76,76.66,2500.9,Wheat,Harvest,DAP,,
8.23,151,71,96,21.44,45.11,2507.13,Cotton,Flowering,Zinc Sulphate,,
4.86,43,29,82,11.78,53.42,759.94,Wheat,Vegetative,Urea,,
6.55,113,41,68,31.18,32.85,2040.93,Sugarcane,Vegetative,NPK,,
8.17,115,57,27,15.26,69.01,379.96,Tomato,Harvest,MOP,,
8.12,132,58,70,23.89,71.25,2343.71,Cotton,Harvest,Zinc Sulphate,,
5.13,103,35,116,14.24,84.1,1054.55,Wheat,Flowering,DAP,,
5.97,75,44,33,28.13,83.46,845.43,Wheat,Flowering,MOP,,
6.98,23,37,36,16.93,72.31,2097.4,Cotton,Vegetative,Urea,,
5.14,77,74,44,27.83,49.33,2752.36,Potato,Sowing,Compost,,
8.37,81,35,77,38.4,52.48,316.21,Potato,Vegetative,DAP,,
8.16,154,67,31,37.63,52.9,602.46,Wheat,Sowing,MOP,,
5.17,156,15,20,16.01,37.78,916.04,Sugarcane,Flowering,DAP,,
4.98,41,59,80,12.98,86.84,2797.83,Rice,Harvest,Urea,,
4.84,23,58,114,11.28,79.09,2656.05,Sugarcane,Flowering,Urea,,
8.14,147,67,67,34.86,38.72,2740.08,Cotton,Harvest,Zinc Sulphate,,
5.27,54,55,110,17.48,86.79,1259.44,Maize,Harvest,Urea,,
6.17,52,30,107,18.52,80.59,848.57,Potato,Flowering,Urea,,
6.3,154,34,85,16.79,85.13,736.65,Potato,Harvest,DAP,,
6.9,124,72,13,35.2,47.14,2669.47,Cotton,Harvest,MOP,,
4.79,140,75,118,39.37,50.13,847.42,Tomato,Harvest,Compost,,
5.41,83,44,75,32.66,58.2,1686.35,Tomato,Sowing,Compost,,
8.23,140,89,74,34.71,43.45,1128.87,Potato,Sowing,Zinc Sulphate,,
8.13,37,89,27,28.62,57.93,1597.02,Potato,Vegetative,Urea,,
7.63,22,42,68,25.86,30.55,1168.15,Rice,Sowing,Urea,,
4.58,78,59,32,31.65,82.65,1020.26,Sugarcane,Flowering,MOP,,
5.81,135,33,107,11.07,39.74,1396.5,Potato,Flowering,DAP,,
7.01,58,32,13,11.84,60.05,1132.19,Wheat,Harvest,Urea,,
5.6,83,46,62,30.62,85.73,2551.14,Wheat,Harvest,Compost,,
8.14,100,72,115,20.05,79.26,1825.84,Maize,Sowing,Zinc Sulphate,,
7.04,79,65,118,24.67,76.57,693.27,Sugarcane,Flowering,NPK,,
4.79,124,72,92,33.46,66.33,860.65,Wheat,Vegetative,Compost,,
8.14,128,28,49,27.31,56.18,349.95,Cotton,Vegetative,DAP,,
8.33,24,30,115,34.16,56.76,1039.13,Wheat,Harvest,Urea,,
4.81,65,48,49,22.57,35.22,2074.65,Tomato,Vegetative,Compost,,
6.63,151,81,60,18.62,33.89,712.28,Potato,Sowing,Compost,,
5.71,33,35,114,17.05,80.61,477.77,Rice,Sowing,Urea,,
6.07,30,60,18,13.95,54.52,1098.84,Sugarcane,Flowering,Urea,,
5.22,41,69,32,11.1,33.24,1915.06,Wheat,Flowering,Urea,,
6.81,125,87,22,11.59,69.78,1523.78,Wheat,Harvest,MOP,,
8.33,24,15,10,18.13,71,1130.13,Rice,Vegetative,Urea,,
6.51,159,16,85,18.35,43.65,2672.26,Tomato,Flowering,DAP,,
4.83,98,69,19,21.45,54.64,1511.96,Potato,Flowering,MOP,,
6.98,43,70,36,27.75,64.41,1474.13,Wheat,Vegetative,Urea,,
5.86,32,14,28,32.78,65.78,288.64,Maize,Harvest,Urea,,
7.92,115,17,113,15.93,60.67,1990.16,Potato,Vegetative,DAP,,
6.24,45,42,105,32.78,51.85,1486.17,Tomato,Vegetative,Urea,,
5.27,59,66,31,14.17,34.13,606.22,Sugarcane,Flowering,Urea,,
5.26,45,21,98,39.66,31.34,882.47,Tomato,Sowing,Urea,,
7.58,49,46,20,18.55,57.57,766.62,Wheat,Flowering,Urea,,
5.56,83,24,84,35.12,42.18,541.88,Cotton,Harvest,DAP,,
7.57,130,26,99,15.71,86.31,1419.52,Wheat,Harvest,DAP,,
5.32,92,46,25,38.52,68.43,1217.2,Potato,Vegetative,MOP,,
5.79,107,60,38,34.8,65.13,1208.34,Maize,Sowing,MOP,,
6.36,143,38,39,20.78,54.39,904.28,Potato,Vegetative,DAP,,
8.27,156,12,20,22.64,49.77,1421.99,Potato,Sowing,DAP,,
8.23,147,84,66,10.12,40.79,1733.06,Cotton,Vegetative,Zinc Sulphate,,
5.33,57,35,74,17.54,33.61,1912.2,Potato,Vegetative,Urea,,
5.93,90,54,15,18.68,68.07,815.51,Maize,Vegetative,MOP,,
5.1,159,15,86,23.58,76.75,2237.96,Rice,Sowing,DAP,,
6.54,55,63,100,14.17,81.47,275.68,Cotton,Sowing,Urea,,
6.34,141,28,116,24.36,73.46,2301.23,Cotton,Sowing,DAP,,
8.1,30,22,44,30.05,83.82,992.31,Maize,Flowering,Urea,,
8.22,147,66,106,21.14,88.97,1236,Maize,Flowering,Zinc Sulphate,,
6.03,46,82,68,16.97,87.7,1825.99,Rice,Vegetative,Urea,,
6.47,93,66,23,26.43,65.53,1909.26,Cotton,Vegetative,MOP,,
8.08,100,55,52,10.87,43.45,1379.23,Potato,Harvest,Zinc Sulphate,,
7.73,126,21,55,20.23,36.38,2826.12,Cotton,Vegetative,DAP,,
4.51,84,38,31,25.83,89.64,2603.31,Potato,Flowering,DAP,,
5.78,146,74,69,20.08,48.5,830.1,Tomato,Flowering,DAP,,
6.19,53,58,115,20.36,32.04,1848.95,Potato,Harvest,Urea,,
5.42,83,13,94,35.45,53.46,2218.76,Cotton,Flowering,DAP,,
5.3,36,86,11,38.02,74.89,807.44,Cotton,Flowering,Urea,,
4.65,124,37,78,34.82,83.45,251.66,Rice,Sowing,DAP,,
7.07,108,59,24,12.97,58.65,2931.69,Wheat,Sowing,MOP,,
5.55,127,21,59,18.69,47.64,2883.38,Cotton,Harvest,DAP,,
4.71,158,27,93,31.34,76.7,1096.97,Sugarcane,Vegetative,DAP,,
5.42,87,15,99,39.23,60.23,869.52,Rice,Flowering,DAP,,
7.71,61,77,65,17.27,35.16,632.92,Potato,Flowering,SSP,,
7.91,31,85,72,36.95,83.26,2124.01,Tomato,Vegetative,Urea,,
6.43,87,32,97,32.17,69.35,2314.82,Wheat,Vegetative,DAP,,
6.16,60,37,44,39.5,32.21,1377.13,Maize,Sowing,DAP,,
8.41,23,84,97,12.81,30.54,879.87,Potato,Sowing,Urea,,
5.3,145,49,35,21.84,35.26,1456.43,Potato,Harvest,MOP,,
5.36,96,57,114,24.34,79.32,1645.81,Tomato,Vegetative,Compost,,
5.67,93,43,95,30.16,58.88,1721.53,Wheat,Harvest,Urea,,
5.19,28,71,36,29.62,50.12,1441.43,Maize,Vegetative,Urea,,
6.02,20,67,28,37.19,44.96,210.45,Sugarcane,Sowing,Urea,,
8.14,127,43,46,35.16,60.41,1520.98,Rice,Harvest,Zinc Sulphate,,
6.96,112,66,45,11.66,34.98,1172.36,Wheat,Vegetative,NPK,,
6.15,91,38,102,24.6,67.03,1758.37,Tomato,Vegetative,DAP,,
8.24,36,86,49,22.21,52.83,394.26,Maize,Harvest,Urea,,
4.69,108,61,72,39.91,81.51,2661.73,Cotton,Harvest,Compost,,
5.34,39,17,48,22.82,75.27,2651.23,Sugarcane,Sowing,Urea,,
6.76,78,25,116,30.48,31.1,1779.52,Sugarcane,Sowing,DAP,,
6.96,140,39,21,18.53,39.99,2263.94,Rice,Harvest,DAP,,
4.66,96,35,53,28.44,58.44,1426.13,Rice,Sowing,DAP,,
6.11,69,66,89,16.2,69.52,1852.84,Rice,Vegetative,NPK,,
7.1,113,48,57,28.11,72.91,1929.49,Tomato,Sowing,MOP,,
7.29,154,42,104,36.05,78.97,1190.89,Rice,Sowing,DAP,,
7.05,74,87,88,10.58,32.95,2890.44,Cotton,Sowing,DAP,,
5.78,70,40,42,25.14,31.11,1887.29,Sugarcane,Vegetative,NPK,,
4.87,95,89,88,39.47,66.03,2973.49,Cotton,Sowing,Compost,,
6.21,149,30,41,14.78,73.43,1410.64,Rice,Harvest,DAP,,
5.02,33,59,31,15.5,77.2,290.5,Wheat,Vegetative,Urea,,
8.29,125,15,15,24.12,39.34,1046.82,Tomato,Sowing,DAP,,
6.4,96,69,39,36.13,88.12,2022.21,Tomato,Vegetative,MOP,,
5.77,148,82,114,26.88,43.77,2748.96,Maize,Harvest,SSP,,
7.57,138,22,26,25.26,45.02,1922.46,Wheat,Flowering,DAP,,
6.49,130,67,117,12.6,39.26,1520.94,Sugarcane,Flowering,MOP,,
5.74,20,53,11,38.86,32.59,426.08,Sugarcane,Vegetative,Urea,,
7.75,130,88,89,20.41,78.58,605.32,Cotton,Harvest,Zinc Sulphate,,
7.97,45,41,64,17.55,30.34,349.71,Maize,Harvest,Urea,,
7.19,135,68,21,22.35,57.83,2191.31,Rice,Flowering,MOP,,
4.69,32,54,118,22.43,35.52,2527.06,Rice,Vegetative,Urea,,
6.77,53,64,21,23.76,32.69,660.43,Wheat,Sowing,Urea,,
7.55,81,58,60,30.66,86.08,1110.65,Tomato,Flowering,Compost,,
5.05,92,70,57,36.04,79.52,1541.5,Maize,Harvest,Compost,,
5.41,70,49,48,11.72,53.69,599.8,Cotton,Harvest,Compost,,
8.03,60,43,90,24.72,57.52,1365.34,Rice,Flowering,Zinc Sulphate,,
4.58,74,21,115,22.42,82.09,2907.13,Sugarcane,Flowering,DAP,,
7.51,113,24,114,10.33,77.81,2213.61,Rice,Vegetative,DAP,,
6.4,154,18,79,34.49,71.5,667.41,Maize,Sowing,DAP,,
6.29,21,29,114,13.13,62.19,476.68,Potato,Vegetative,Urea,,
4.53,21,58,99,13.44,66.47,1446.42,Sugarcane,Harvest,Urea,,
7.78,73,23,10,11.45,53.6,2966.26,Cotton,Harvest,DAP,,
5.94,113,14,25,16.01,61.69,2421.19,Rice,Vegetative,DAP,,
6.66,77,57,55,15.3,62.38,1020.75,Sugarcane,Harvest,Zinc Sulphate,,
7.21,80,66,72,20.44,81.89,273.59,Cotton,Harvest,Zinc Sulphate,,
7.31,123,69,113,29.78,43.12,1351.61,Maize,Vegetative,NPK,,
8.32,37,81,68,11.63,44.8,649.5,Potato,Flowering,Urea,,
6.63,44,52,56,35.81,42.66,704.79,Cotton,Vegetative,Urea,,
6.1,157,73,25,19.8,64.75,654.43,Cotton,Vegetative,MOP,,
8.31,119,11,55,28.2,71.71,2214.9,Sugarcane,Sowing,DAP,,
7.07,67,10,89,10.36,44.31,300.36,Rice,Sowing,DAP,,
5.69,72,73,48,20.97,70.62,1781.25,Sugarcane,Vegetative,NPK,,
5.01,156,81,102,10.06,67.69,2307.06,Tomato,Harvest,Compost,,
7.87,158,33,59,14.96,49.26,637.95,Wheat,Flowering,DAP,,
5.95,46,11,58,23.44,43.79,2700.21,Sugarcane,Flowering,Urea,,
7.14,78,68,35,26.05,82.91,418.78,Sugarcane,Vegetative,MOP,,
6.38,158,43,103,14.59,64.18,2111.58,Tomato,Vegetative,NPK,,
5.3,76,65,42,32.36,72.23,681.5,Rice,Flowering,Compost,,
6.91,129,85,116,15.67,85.52,2456.89,Tomato,Sowing,MOP,,
4.74,125,14,29,13.48,42.32,1799.91,Potato,Sowing,DAP,,
6.15,43,64,110,20,51.03,1849.78,Maize,Vegetative,Urea,,
6.69,98,45,86,26.54,56.07,1168.86,Wheat,Sowing,Compost,,
6.24,103,81,81,39.67,43.97,993.14,Rice,Flowering,SSP,,
7.49,21,64,105,22.56,80.43,1497.3,Potato,Sowing,Urea,,
7.81,67,19,91,22.78,35,2321.6,Rice,Vegetative,DAP,,
7.58,117,55,118,11.78,44.35,671.02,Tomato,Harvest,MOP,,
4.66,65,61,50,32.97,41.46,2485.55,Cotton,Sowing,Compost,,
5.28,114,71,20,15.45,87.2,1543.55,Wheat,Sowing,MOP,,
6.65,116,13,64,32.34,67.64,1466.2,Cotton,Sowing,DAP,,
8.24,132,65,111,37.32,72.97,246.48,Cotton,Harvest,Zinc Sulphate,,
7.84,40,20,116,33.05,36.51,547.75,Rice,Flowering,Urea,,
7.87,106,59,56,29.27,41.64,1409.52,Tomato,Sowing,Zinc Sulphate,,
5.71,61,70,87,28.12,78.59,2947.64,Maize,Sowing,MOP,,
6.22,32,32,113,23.61,64.06,900.42,Rice,Flowering,Urea,,
6.38,64,39,59,14.34,32.71,228.72,Tomato,Sowing,DAP,,
5.13,109,34,106,33.37,63.94,1420.37,Sugarcane,Harvest,DAP,,
4.62,154,39,114,24.32,58.52,244.67,Maize,Vegetative,DAP,,
8.29,44,48,32,28.77,39.22,1141.42,Tomato,Sowing,Urea,,
5.46,123,89,70,21.22,65.58,1191.36,Wheat,Sowing,Compost,,
5.46,90,83,16,16.02,40.43,206.59,Maize,Harvest,MOP,,
4.83,138,20,24,34.2,78.69,2382.79,Wheat,Vegetative,DAP,,
8.21,103,82,88,20.27,67.11,2755.98,Cotton,Vegetative,Zinc Sulphate,,
6.82,111,45,18,36,82.28,2996.53,Rice,Sowing,MOP,,
7.17,132,61,94,38.97,55.48,1624.59,Rice,Flowering,SSP,,
8.15,88,14,46,34.9,60.72,1058.53,Sugarcane,Vegetative,DAP,,
5.88,71,85,112,13.84,75.64,2208.93,Rice,Vegetative,NPK,,
6.99,52,83,68,35.65,62.78,2262.1,Maize,Harvest,Urea,,
4.66,72,23,37,25.58,64.32,1261.73,Sugarcane,Sowing,DAP,,
5.25,57,29,117,17.24,63.2,1783.64,Tomato,Flowering,Urea,,
7.82,24,29,15,12.79,59.48,2500.96,Tomato,Harvest,Urea,,
7.57,137,53,19,18.36,78.34,729.69,Rice,Vegetative,MOP,,
5.9,50,34,24,14.12,59.11,257.32,Sugarcane,Harvest,Urea,,
6.01,156,50,97,10.77,84.05,1711.15,Rice,Flowering,Compost,,
6.63,51,78,13,39.63,78.52,2060.3,Tomato,Vegetative,Urea,,
4.5,24,11,108,34.95,71.55,1809.92,Tomato,Harvest,Urea,,
5.46,73,21,67,32.17,83.92,1869.48,Rice,Vegetative,DAP,,
5.33,47,37,24,15.79,62.23,1300.66,Potato,Sowing,Urea,,
5.5,31,53,46,10.83,79.31,2024.19,Cotton,Sowing,Urea,,
7.72,36,22,11,24.56,44.51,319.87,Potato,Flowering,Urea,,
5.62,27,52,56,32.25,34.38,623.32,Rice,Harvest,Urea,,
5.27,37,64,113,38.89,71.1,1445.46,Rice,Sowing,Urea,,
6.52,136,17,37,35.32,48.1,2840.37,Maize,Vegetative,DAP,,
7.96,29,73,78,36.81,68.08,2004.58,Wheat,Harvest,Urea,,
5.47,58,21,96,17.16,34.64,1194.78,Maize,Sowing,Urea,,
4.81,60,50,82,14.66,87.34,1482.29,Sugarcane,Sowing,Compost,,
5.93,127,53,80,17.43,60.91,2567.78,Tomato,Flowering,MOP,,
7.49,63,20,77,14.16,30.57,1718.92,Sugarcane,Flowering,DAP,,
6.7,62,28,28,33.95,58.56,334.03,Rice,Sowing,DAP,,
7.77,130,69,17,37.09,77.38,1367.22,Rice,Flowering,MOP,,
8.34,38,81,40,19.22,81.91,1286.48,Cotton,Vegetative,Urea,,
7.67,40,36,23,36.31,57.68,2719.69,Rice,Flowering,Urea,,
6.92,22,80,38,11.65,37.56,1055.15,Maize,Vegetative,Urea,,
6.47,123,36,18,30.32,84.37,381.14,Maize,Sowing,DAP,,
4.66,75,23,110,25.82,88.87,1193.5,Maize,Sowing,DAP,,
8.44,146,33,79,18.3,33.79,322.91,Maize,Flowering,DAP,,
6.03,148,73,115,33.05,34.68,2530.42,Wheat,Harvest,Urea,,
5.11,107,33,69,16.36,63.94,1852.58,Potato,Harvest,DAP,,
7.17,55,11,101,22.48,62.03,1514.25,Maize,Vegetative,Urea,,
5.64,25,61,54,31.3,65.32,1207.57,Maize,Sowing,Urea,,
6.84,93,21,83,20.15,49.03,1369.44,Sugarcane,Sowing,DAP,,
6.85,65,74,63,35.66,33.02,2405.95,Potato,Vegetative,NPK,,
6.28,39,69,54,35.96,64.82,704.04,Potato,Sowing,Urea,,
7.84,54,67,12,16.08,39.09,400.03,Tomato,Sowing,Urea,,
5.56,66,51,85,23.21,50.48,1772.83,Tomato,Vegetative,NPK,,
6.29,55,10,45,22.96,64.95,2604.94,Tomato,Sowing,Urea,,
6.65,35,31,20,22.3,42.51,1774.26,Sugarcane,Flowering,Urea,,
7.15,127,81,82,25.06,62.55,2429.23,Sugarcane,Sowing,Zinc Sulphate,,
7.64,84,22,15,12.23,72.88,2699.73,Potato,Flowering,DAP,,
6.08,82,87,85,36.1,33.95,415.29,Potato,Vegetative,NPK,,
7.08,71,74,119,18.7,67.17,1849.7,Rice,Vegetative,NPK,,
5.1,92,47,50,10.05,60.57,2531.72,Sugarcane,Vegetative,Compost,,
8.23,79,73,81,30.55,35.85,2001.91,Tomato,Harvest,Zinc Sulphate,,
6.03,120,85,50,29.51,72.38,1856.31,Rice,Flowering,Urea,,
7.42,36,61,86,39.49,48.65,2406.61,Sugarcane,Sowing,Urea,,
4.58,57,89,71,31.58,40.94,2180.34,Maize,Harvest,Urea,,
5.32,48,41,116,19.98,46.95,1604.54,Sugarcane,Harvest,Urea,,
6.45,50,36,18,38.58,62.77,323.29,Tomato,Vegetative,Urea,,
8.01,73,70,93,20.96,64.8,1917.34,Cotton,Flowering,Zinc Sulphate,,
6.61,121,71,113,34.64,40.18,796.89,Rice,Flowering,NPK,,
8.22,45,12,19,20.07,86.2,911.44,Maize,Flowering,Urea,,
6.44,38,87,50,11.46,49.74,2102.72,Potato,Harvest,Urea,,
6.46,130,40,36,32.01,46.1,1468.67,Tomato,Sowing,MOP,,
4.98,46,73,62,20.51,41.2,2206.98,Maize,Vegetative,Urea,,
7.71,32,51,13,20.17,37.23,1299.16,Tomato,Harvest,Urea,,
5.49,71,67,19,31.48,88.92,2636.09,Maize,Flowering,MOP,,
8.1,117,52,58,19.66,70.48,1395.79,Potato,Harvest,Zinc Sulphate,,
8.14,38,41,28,13.54,77.22,1582.71,Sugarcane,Harvest,Urea,,
8.27,102,39,83,22.14,54.09,553.56,Rice,Sowing,DAP,,
6.58,22,70,59,34.72,54.88,1609.98,Maize,Harvest,Urea,,
7.21,86,37,57,13.91,89.21,871.44,Maize,Flowering,DAP,,
7.61,45,54,32,26.63,42.04,2336.35,Sugarcane,Sowing,Urea,,
5.02,25,19,109,13.97,49.62,2199.32,Potato,Flowering,Urea,,
6.9,46,25,114,11.48,41.71,244.36,Maize,Flowering,Urea,,
4.64,124,40,18,21.36,46.96,1582.67,Tomato,Flowering,MOP,,
6.49,107,19,75,29.74,69.81,327.1,Potato,Vegetative,DAP,,
5.12,29,83,28,18.25,48.54,1793.99,Maize,Sowing,Urea,,
5.23,35,21,81,23.37,82.53,2724.59,Potato,Harvest,Urea,,
5.96,42,37,99,24.74,32.92,2628.07,Wheat,Harvest,Urea,,
6.23,66,27,60,35.24,51.28,882.68,Sugarcane,Sowing,DAP,,
6.99,31,61,109,34.57,81.64,592.32,Wheat,Sowing,Urea,,
4.8,96,37,20,10.07,67.28,2414.98,Potato,Harvest,DAP,,
6.51,37,37,12,22.42,76.26,1729.31,Wheat,Harvest,Urea,,
5.23,77,73,70,29.68,49.42,1386.72,Tomato,Sowing,Compost,,
6.8,149,23,103,35.57,52.16,2469.39,Sugarcane,Harvest,DAP,,
7.05,106,17,91,11.47,83.29,907.03,Maize,Sowing,DAP,,
6.73,83,12,26,28.85,74.97,828.9,Maize,Harvest,DAP,,
7.45,106,83,82,35.26,53.06,1913.41,Rice,Vegetative,NPK,,
5.84,73,18,39,17.65,42.92,963.24,Rice,Flowering,DAP,,
7.56,97,56,89,16.16,36.38,1395.01,Potato,Vegetative,NPK,,
6.23,33,72,17,24.04,81.71,1473.48,Sugarcane,Harvest,Urea,,
6.44,57,49,50,38.88,71.86,774.07,Tomato,Flowering,Urea,,
7.09,124,86,35,30.79,66.44,372.72,Cotton,Sowing,MOP,,
4.57,35,33,14,22.73,76.6,2346.7,Wheat,Harvest,Urea,,
7.12,101,80,78,10.63,84.9,2394.04,Potato,Flowering,Urea,,
6.97,93,22,119,26.7,75.7,1875.43,Sugarcane,Harvest,DAP,,
5.74,49,15,33,20.46,55.24,616.11,Maize,Flowering,Urea,,
4.84,87,83,87,15.57,40.59,1533.4,Wheat,Flowering,Compost,,
4.86,90,60,78,25,72.83,698.12,Rice,Flowering,Compost,,
8.19,99,69,45,20.24,44.8,2667.57,Wheat,Harvest,Zinc Sulphate,,
7.26,134,84,98,11.16,76.96,2152.41,Rice,Harvest,NPK,,
5.01,56,38,26,31.77,50.32,287.85,Tomato,Flowering,Urea,,
5.93,74,25,79,31.98,39.41,204.66,Sugarcane,Vegetative,DAP,,
6.87,116,73,80,28.56,45.28,2954.53,Rice,Harvest,Urea,,
7.84,118,64,55,35.22,46,311.57,Tomato,Sowing,Zinc Sulphate,,
4.67,131,38,88,16.1,52.73,2624.41,Tomato,Vegetative,DAP,,
5.45,137,87,79,18.59,45.44,2876.28,Sugarcane,Harvest,Compost,,
8.06,76,64,41,23.76,43.53,1062.69,Sugarcane,Sowing,Zinc Sulphate,,
4.54,116,69,69,11.81,53.5,1712.38,Maize,Flowering,Compost,,
5.31,81,50,51,36.51,82.09,2012.74,Cotton,Sowing,Compost,,
8.34,58,89,49,24.72,34.23,1657.2,Potato,Harvest,Urea,,
6.95,93,18,36,19.74,47.77,797.81,Cotton,Flowering,DAP,,
5.55,86,15,113,24.34,63.74,1827.46,Potato,Flowering,DAP,,
4.77,48,38,14,19.75,82.47,924.28,Cotton,Flowering,Urea,,
4.61,50,27,70,18.59,47.05,662.06,Sugarcane,Vegetative,Urea,,
5.48,79,33,70,23.44,50.92,1615.47,Tomato,Flowering,DAP,,
8.03,58,60,89,24.46,77.88,1241.6,Potato,Vegetative,Urea,,
6.16,20,26,61,23,52.35,276.75,Tomato,Harvest,Urea,,
7.38,75,30,84,26.44,81.09,2859.1,Potato,Harvest,DAP,,
8.17,120,71,112,33.5,57.32,310.76,Sugarcane,Harvest,Zinc Sulphate,,
6.13,110,84,98,11.72,64.15,2728.28,Potato,Harvest,MOP,,
5.27,149,63,75,34.35,63.65,731.26,Maize,Vegetative,Compost,,
6.57,125,20,101,16.86,37.16,597.21,Potato,Harvest,DAP,,
8.13,150,52,16,17.56,51.3,393.66,Maize,Flowering,MOP,,
7.72,24,17,47,27.98,44.5,1391.97,Rice,Vegetative,Urea,,
4.76,100,32,60,39.27,70.98,1843.21,Rice,Vegetative,DAP,,
7.27,148,62,10,10.52,86.02,2730.46,Sugarcane,Vegetative,MOP,,
6.79,139,49,91,30.19,42.75,2394.5,Cotton,Harvest,Urea,,
8.13,62,18,85,30.91,35.48,646.95,Tomato,Harvest,DAP,,
4.99,111,33,58,27.21,60.4,669.63,Tomato,Harvest,DAP,,
6.64,97,85,81,10.29,53.45,222.85,Wheat,Flowering,SSP,,
8.02,34,85,29,28.19,32.14,2125.9,Maize,Flowering,Urea,,
6.14,65,11,108,13.45,85.3,248.94,Wheat,Flowering,DAP,,
6.43,26,79,51,12.34,86.41,587.94,Potato,Vegetative,Urea,,
4.78,134,13,25,30.88,81.02,1976.74,Wheat,Sowing,DAP,,
5.61,26,70,42,31.01,46.83,620.75,Sugarcane,Vegetative,Urea,,
5.8,107,86,113,36.7,37.35,629.01,Rice,Harvest,SSP,,
8.28,109,73,98,10.1,65.55,855.21,Cotton,Sowing,Zinc Sulphate,,
5.63,38,45,92,21.36,46.89,1278.73,Wheat,Flowering,Urea,,
6.34,72,50,108,10.37,42.1,222.03,Maize,Flowering,Urea,,
7.19,109,47,25,20.94,68.48,2288.97,Maize,Harvest,MOP,,
5.15,35,24,25,24.75,75.02,2366.71,Maize,Sowing,Urea,,
6.45,81,57,57,25.89,61.64,1226.88,Potato,Sowing,Zinc Sulphate,,
7.45,84,39,98,20.68,49.2,2434.75,Wheat,Vegetative,DAP,,
7.97,131,72,105,31.76,60.75,997.36,Potato,Flowering,Zinc Sulphate,,
7.01,55,34,64,22.47,65.98,2959.94,Tomato,Sowing,Urea,,
7.18,43,13,117,25.51,33.11,1313.65,Rice,Vegetative,Urea,,
5.01,88,27,37,34,56.63,2072.69,Cotton,Flowering,DAP,,
8.28,138,54,82,15.23,65.9,1102.85,Tomato,Vegetative,Zinc Sulphate,,
5.03,148,74,91,19.63,37.77,1462.33,Wheat,Vegetative,Compost,,
7.6,142,82,32,25.64,56.93,2006.24,Rice,Sowing,MOP,,
5.56,156,74,39,33.03,50.8,1173.07,Tomato,Harvest,MOP,,
8.23,119,36,70,22.76,82.07,2038.46,Tomato,Harvest,DAP,,
7.38,34,88,105,12.18,59.36,608.84,Tomato,Vegetative,Urea,,
7.52,93,69,97,39.66,55.58,1554.51,Cotton,Sowing,MOP,,
5.38,55,68,84,31.24,44.63,964.01,Cotton,Harvest,Urea,,
6.27,72,34,35,31.68,87.45,2776.08,Potato,Vegetative,DAP,,
6.97,98,43,20,23.95,87.67,2509.17,Cotton,Sowing,MOP,,
7.58,150,59,29,26.41,52.01,1564.77,Potato,Vegetative,MOP,,
4.92,60,64,53,39.82,85.74,1470.5,Cotton,Vegetative,Compost,,
8.35,56,19,27,27.85,67.12,2535.17,Cotton,Vegetative,Urea,,
8.06,155,67,43,16.57,76.86,2133.26,Potato,Sowing,Zinc Sulphate,,
5.58,107,12,109,38.93,35.39,2113.3,Rice,Vegetative,DAP,,
7.79,33,65,13,26.13,31.28,1735.11,Tomato,Flowering,Urea,,
6.57,54,36,94,10.62,60.84,2614.61,Tomato,Sowing,Urea,,
6.35,90,25,99,27.2,34.55,730.6,Tomato,Vegetative,DAP,,
5.76,27,47,23,12.11,83.5,2613.28,Cotton,Flowering,Urea,,
6.82,31,62,99,25.83,79.21,1658.08,Wheat,Harvest,Urea,,
7.42,129,77,22,34.76,72.89,1939.72,Tomato,Harvest,MOP,,
6.14,99,32,99,26.17,31.88,2894.78,Rice,Sowing,DAP,,
7.02,134,65,50,21.2,57.5,1388.61,Cotton,Harvest,SSP,,
7.3,87,88,88,36.48,34.69,2070.49,Rice,Vegetative,NPK,,
7.34,64,84,100,37.83,85.72,1661.96,Rice,Sowing,Urea,,
4.71,60,62,66,20.42,66.76,2808.5,Maize,Sowing,Compost,,
7.94,80,83,96,24.97,39.39,1565.41,Rice,Vegetative,Zinc Sulphate,,
6.33,95,81,31,39.49,63.64,917.17,Maize,Harvest,MOP,,
5.55,118,76,19,15.34,37.11,1551.65,Sugarcane,Flowering,MOP,,
5.47,86,28,78,18.94,38.74,2766.92,Maize,Harvest,DAP,,
6.43,21,13,77,22.85,34.86,1602,Sugarcane,Sowing,Urea,,
8.05,141,38,59,13.03,82.3,609.2,Sugarcane,Harvest,DAP,,
6.01,153,54,109,18.16,62.74,1716.5,Sugarcane,Vegetative,NPK,,
7.5,35,30,25,26.34,49.67,1285.28,Maize,Vegetative,Urea,,
4.89,42,63,105,16.85,30.04,2019.37,Rice,Harvest,Urea,,
6.4,114,82,20,30.59,58.32,875.79,Cotton,Sowing,MOP,,
8.47,133,61,112,20.43,60.77,1102.42,Potato,Harvest,Zinc Sulphate,,
7.58,60,27,106,12.69,50.19,1646.41,Sugarcane,Sowing,DAP,,
5.34,138,26,108,32.94,59.06,531.19,Cotton,Flowering,DAP,,
6.51,141,53,77,27.02,36.04,789.42,Rice,Flowering,Urea,,
5.43,74,33,96,34.75,85.32,2443.76,Sugarcane,Flowering,DAP,,
6.14,151,15,76,20.8,45.5,2829.81,Sugarcane,Harvest,DAP,,
7.62,129,36,29,10.58,86.91,2914.7,Sugarcane,Sowing,DAP,,
7.58,119,56,74,11.4,59.57,2824.33,Sugarcane,Vegetative,NPK,,
5.41,47,55,42,33.86,81.4,2837.65,Maize,Sowing,Urea,,
8.19,47,44,19,22.32,64.63,2499.06,Maize,Sowing,Urea,,
6.87,142,66,117,39.29,80.66,2259.72,Wheat,Harvest,SSP,,
6.02,45,21,76,34.91,30.61,849.15,Cotton,Sowing,Urea,,
6.51,32,38,64,10.48,41.19,1436.84,Cotton,Sowing,Urea,,
6.92,90,66,41,36.1,51.23,1314.3,Wheat,Flowering,Urea,,
6.74,73,79,54,16.39,47.77,2244.96,Maize,Vegetative,NPK,,
6.45,32,64,68,24.59,86.8,1531.08,Wheat,Flowering,Urea,,
6.52,139,46,111,25.18,53.68,1208.49,Sugarcane,Vegetative,NPK,,
5.21,78,80,40,11.79,88.33,2479.41,Maize,Flowering,Compost,,
7.75,23,79,94,13.77,69.06,2299.74,Sugarcane,Sowing,Urea,,
6.67,99,62,97,22.69,80.13,1232.69,Wheat,Flowering,NPK,,
5.02,79,23,97,29.28,53.63,1374.1,Cotton,Harvest,DAP,,
7.56,66,30,61,17.93,41.4,2700.93,Rice,Harvest,DAP,,
8.23,96,87,19,25.79,33.03,2251.5,Potato,Harvest,MOP,,
8.29,24,23,15,21.37,69.38,2131.95,Tomato,Harvest,Urea,,
5.98,55,62,101,28.91,88.31,2192.77,Rice,Sowing,Urea,,
5.04,38,76,10,22.73,37.1,486.45,Tomato,Vegetative,Urea,,
6.57,49,88,55,35.55,76.31,1777.8,Potato,Harvest,Urea,,
4.95,130,57,117,39.51,51.88,1014.8,Sugarcane,Flowering,Compost,,
8.24,60,87,83,37.39,89.61,437.53,Potato,Flowering,Zinc Sulphate,,
5.23,47,65,114,15.06,82.2,2246.99,Rice,Sowing,Urea,,
5.51,50,48,39,23.72,43.85,1052.14,Sugarcane,Harvest,Urea,,
6.13,156,50,88,23.76,75.95,1068.16,Wheat,Sowing,MOP,,
6.03,31,57,87,35.21,74.05,1991.6,Maize,Sowing,Urea,,
7.68,159,37,72,20.72,75.8,2065.54,Cotton,Vegetative,DAP,,
6.33,61,11,97,26.49,34.97,1527.38,Sugarcane,Sowing,DAP,,
5.18,109,31,72,28.28,78.56,1758.11,Tomato,Vegetative,DAP,,
5.57,35,80,83,13.35,45.69,2576.88,Maize,Flowering,Urea,,
6.54,118,70,99,26.74,65.43,499.82,Maize,Flowering,SSP,,
5.09,151,89,10,17.41,36.92,382.98,Tomato,Vegetative,MOP,,
6.95,134,45,29,16.2,63.49,2037.49,Sugarcane,Vegetative,MOP,,
6.76,32,75,38,17.51,84.39,1890.67,Cotton,Sowing,Urea,,
7.36,79,58,43,12.98,40.63,720.59,Cotton,Sowing,MOP,,
8.25,47,12,75,12.09,81.3,1661.32,Maize,Vegetative,Urea,,
8.15,128,32,75,29.41,56.13,2287.87,Rice,Sowing,DAP,,
8.28,159,68,11,38.23,49.34,2248.78,Tomato,Harvest,MOP,,
5.48,111,37,81,30.64,33.43,1868.02,Maize,Vegetative,DAP,,
5.03,148,81,63,19.36,61.71,565.25,Wheat,Flowering,Compost,,
5.71,150,42,98,20.05,42,1051.22,Potato,Flowering,SSP,,
8.08,41,77,27,26.24,86.41,1336.19,Potato,Flowering,Urea,,
8.39,104,80,118,35.99,44.29,2407.11,Sugarcane,Vegetative,Zinc Sulphate,,
7.94,46,20,90,16.07,65.21,1722.67,Maize,Flowering,Urea,,
4.94,63,17,39,24.06,63.51,2252.96,Cotton,Harvest,DAP,,
8.29,99,29,17,24.97,50.21,2785.83,Wheat,Sowing,DAP,,
6.19,129,71,51,37.94,81.12,1946.98,Maize,Harvest,Compost,,
4.54,43,52,119,26.08,40.99,864.01,Sugarcane,Flowering,Urea,,
6.27,36,84,38,33.43,79.02,590.83,Sugarcane,Flowering,Urea,,
4.68,24,79,60,12.63,42.45,201.52,Sugarcane,Harvest,Urea,,
6.68,57,16,92,19.81,32.35,691.76,Cotton,Harvest,Urea,,
5.85,78,19,110,28.34,86.63,953.79,Potato,Vegetative,DAP,,
6.39,124,49,33,30.33,68.24,955.38,Sugarcane,Harvest,MOP,,
6.95,115,13,91,36.56,67.83,2067.83,Wheat,Sowing,DAP,,
7.98,109,82,19,27.71,45.9,620.67,Tomato,Harvest,MOP,,
7.15,90,28,25,18.69,38.35,1419.28,Rice,Flowering,DAP,,
6.24,119,47,59,26.17,72.36,213.74,Wheat,Vegetative,NPK,,
7.78,74,31,50,31.35,61.12,931.25,Cotton,Harvest,DAP,,
8.12,90,10,115,33.53,49.07,314.95,Cotton,Vegetative,DAP,,
4.98,110,62,63,38.34,49.01,2186.77,Wheat,Flowering,Compost,,
6.63,131,30,53,15.72,83.36,1192.06,Wheat,Sowing,DAP,,
5.64,107,16,69,29.83,83.38,1544.27,Wheat,Vegetative,DAP,,
4.69,80,16,78,16.01,46.48,2332.07,Cotton,Flowering,DAP,,
7.17,127,86,88,19.54,77.65,2616.18,Tomato,Sowing,DAP,,
7.95,53,32,32,14.28,43.6,1646.69,Sugarcane,Harvest,Urea,,
5.15,64,69,104,33.19,78.48,2019.36,Potato,Harvest,Compost,,
7.75,148,27,103,37.42,37.58,2260.75,Cotton,Harvest,DAP,,
7.91,157,80,80,10.9,75.49,998.88,Sugarcane,Sowing,Zinc Sulphate,,
8.16,113,75,29,34.41,63.34,2180.33,Wheat,Flowering,MOP,,
5.56,47,62,48,17.25,37.06,2030.3,Potato,Harvest,Urea,,
8.12,125,28,12,24.61,66.95,1440.58,Potato,Vegetative,DAP,,
5.78,49,73,12,32.45,41.54,1154.13,Potato,Flowering,Urea,,
6.71,47,23,40,25.21,41.65,2926.25,Potato,Harvest,Urea,,
4.7,50,34,16,16.94,56.84,2961.69,Sugarcane,Sowing,Urea,,
4.68,126,42,10,37.18,87.86,2146.3,Maize,Vegetative,MOP,,
7.38,102,57,65,27.81,83.53,1275.65,Rice,Harvest,NPK,,
6.28,128,48,36,37.94,79.59,2304.3,Sugarcane,Flowering,MOP,,
5.53,50,14,74,35.4,81.07,2101.87,Rice,Harvest,Urea,,
5.26,60,30,79,36.3,59.84,1725.96,Wheat,Flowering,DAP,,
7.18,83,68,93,20.85,52.48,569.14,Rice,Harvest,Compost,,
4.5,141,86,48,39.62,83.04,2850.49,Maize,Sowing,Compost,,
7.72,63,23,117,35.57,34.85,851.75,Potato,Flowering,DAP,,
4.82,135,72,12,20.13,89.77,1301.12,Cotton,Vegetative,MOP,,
5.27,158,63,68,36.89,63.18,1158.77,Rice,Vegetative,Compost,,
6.04,55,89,11,32.66,62.43,630.51,Cotton,Vegetative,Urea,,
6.44,127,54,56,31.75,47.52,268.63,Tomato,Flowering,NPK,,
5.92,51,59,105,10.19,40.22,2803.45,Cotton,Sowing,Urea,,
5.78,123,50,29,10.68,70.82,2270.52,Tomato,Vegetative,MOP,,
8.36,86,10,109,30.84,51.7,258,Sugarcane,Vegetative,DAP,,
7.07,111,11,36,18.36,48.15,2125.75,Rice,Harvest,DAP,,
4.59,44,81,93,11.76,39.74,563.17,Potato,Vegetative,Urea,,
6.22,47,22,28,18.58,62.11,2227.18,Sugarcane,Sowing,Urea,,
8,38,28,64,35.14,65.3,1614.5,Potato,Sowing,Urea,,
5.71,75,60,72,24.12,56.58,2938,Potato,Sowing,NPK,,
4.88,132,11,94,28.47,30.72,1410.59,Rice,Sowing,DAP,,
7.53,107,19,52,34.02,59.5,2297.05,Tomato,Sowing,DAP,,
6.92,121,78,93,19.7,46.32,315.67,Maize,Flowering,MOP,,
6.78,145,39,14,10.33,38.32,2819.56,Maize,Sowing,DAP,,
4.71,101,74,29,19.7,64.65,1774.89,Sugarcane,Harvest,MOP,,
5.06,60,53,85,38.7,70.27,1079.81,Wheat,Vegetative,Compost,,
6.99,145,51,70,24.47,61.13,555.3,Tomato,Flowering,Zinc Sulphate,,
5.33,32,12,71,27.09,66.86,1994.29,Cotton,Harvest,Urea,,
6.52,118,39,83,32.81,66.39,2289.62,Cotton,Sowing,DAP,,
6.68,102,46,72,13.45,37.45,438.94,Rice,Vegetative,NPK,,
5.63,43,37,31,32.02,42.95,661.05,Maize,Harvest,Urea,,
8.29,116,60,47,18.93,30.57,1279.2,Tomato,Harvest,Zinc Sulphate,,
7.87,92,22,101,21.64,88.91,2584.92,Tomato,Sowing,DAP,,
7.39,22,49,21,18.08,42.67,2952.21,Sugarcane,Vegetative,Urea,,
4.81,22,35,112,14.61,78.88,2286.08,Wheat,Vegetative,Urea,,
4.92,49,39,83,20.84,76.87,215.62,Tomato,Harvest,Urea,,
6.47,85,33,70,12.84,72.3,2729.68,Rice,Harvest,DAP,,
5.14,46,47,108,35.34,56.98,274.35,Maize,Harvest,Urea,,
8.41,119,78,57,19.18,65.03,2711.95,Wheat,Harvest,Zinc Sulphate,,
5.13,124,25,117,29.61,41.18,1348.89,Wheat,Harvest,DAP,,
6.45,129,64,113,18.9,36.37,2277.07,Sugarcane,Harvest,NPK,,
5.96,38,58,110,16.32,51.11,443.79,Sugarcane,Harvest,Urea,,
7.06,35,89,26,31.41,79.54,661.8,Maize,Flowering,Urea,,
5.02,45,61,100,28.72,63.84,1462.15,Tomato,Sowing,Urea,,
6.22,33,58,61,16.54,75.83,307.82,Sugarcane,Vegetative,Urea,,
5.6,66,73,55,28.36,83.42,1291.32,Tomato,Sowing,DAP,,
8.05,130,57,65,10.15,63.63,2305.5,Rice,Harvest,Zinc Sulphate,,
4.66,49,83,38,15.31,52.04,2033.2,Cotton,Harvest,Urea,,
8.15,124,47,99,31.83,81.34,1184.98,Rice,Sowing,Zinc Sulphate,,
7.83,67,26,82,22.3,43.78,224.76,Potato,Vegetative,DAP,,
5.69,61,50,60,16.11,31.49,955.09,Rice,Sowing,Zinc Sulphate,,
7.66,60,63,85,25.18,33.04,2373.44,Wheat,Flowering,NPK,,
4.62,115,49,116,23.96,64.93,1153.48,Tomato,Flowering,Compost,,
8.37,113,40,35,29.02,83.54,1256.99,Maize,Harvest,MOP,,
6.61,107,35,106,12.18,63.86,407.76,Maize,Flowering,DAP,,
5.71,20,85,105,34.58,54.55,1884.73,Wheat,Vegetative,Urea,,
5.95,73,27,84,11.75,64.62,1941.32,Rice,Sowing,DAP,,
4.77,135,44,38,23.62,70.27,1406.38,Rice,Vegetative,MOP,,
8.46,54,84,68,31.31,75.51,2329.6,Cotton,Vegetative,Urea,,
4.66,24,65,17,20.34,50.84,2655.22,Cotton,Sowing,Urea,,
7.12,128,39,34,37.3,53.21,2301.51,Maize,Flowering,DAP,,
6.27,56,54,93,32.66,31.42,1724.06,Rice,Harvest,Urea,,
8.3,138,84,30,22.78,68.98,2819.93,Potato,Harvest,MOP,,
5.48,126,61,13,15.51,76.6,1270.17,Cotton,Harvest,MOP,,
6.63,132,77,45,11.3,60.65,2033.23,Tomato,Harvest,DAP,,
6.43,86,64,52,34.05,52.59,1810.67,Wheat,Sowing,Compost,,
7.31,57,19,102,15.83,49.99,2556.39,Rice,Sowing,Urea,,
4.77,149,63,92,18.09,68.7,1598.86,Potato,Vegetative,Compost,,
5.28,105,43,35,10.31,49.84,1749.76,Sugarcane,Flowering,MOP,,
5.36,30,72,45,10.55,65.94,1470.68,Cotton,Flowering,Urea,,
7.45,138,40,98,16.91,85.62,593.45,Wheat,Flowering,DAP,,
5.26,101,73,32,36.19,49.84,2681.99,Wheat,Vegetative,MOP,,
6.79,54,59,111,33.42,34.1,2613.11,Tomato,Harvest,Urea,,
5.36,64,37,101,33.1,82.44,2166.88,Sugarcane,Harvest,DAP,,
7.95,28,46,50,34.81,46.41,1173.82,Tomato,Sowing,Urea,,
8.27,114,41,84,15.6,89.31,1194.26,Tomato,Sowing,Zinc Sulphate,,
6.57,156,44,102,39.37,80.41,300.8,Cotton,Harvest,Urea,,
5.91,20,66,53,16.97,55.61,417.41,Tomato,Flowering,Urea,,
5.44,22,70,59,14.5,67.69,1638.63,Maize,Flowering,Urea,,
4.7,159,41,93,18.84,46.65,339.48,Wheat,Sowing,Compost,,
5.57,113,17,18,25.91,35.05,477.82,Rice,Vegetative,DAP,,
7.12,107,89,97,13.73,61.55,903.37,Maize,Harvest,NPK,,
6.63,46,44,56,32.16,55.48,1246.34,Potato,Flowering,Urea,,
8.28,48,32,50,21.15,88.2,1570.17,Wheat,Flowering,Urea,,
6.09,146,47,22,27.05,65.85,1108.66,Wheat,Flowering,MOP,,
7.28,139,28,67,32.03,74.83,2833.92,Tomato,Harvest,DAP,,
6.46,124,63,75,37.06,38.11,2862.51,Sugarcane,Vegetative,NPK,,
6.55,97,54,90,34.58,73.42,356.92,Cotton,Harvest,Compost,,
5.57,88,45,67,26.12,33.38,2959.16,Cotton,Sowing,NPK,,
6.32,126,58,100,39.74,66.78,684.13,Potato,Vegetative,NPK,,
6.38,121,69,111,25.89,80.31,1127.85,Sugarcane,Harvest,Zinc Sulphate,,
7.33,25,65,75,26.08,58.98,2543.64,Sugarcane,Sowing,Urea,,
8.26,59,82,42,14.75,42.9,2125.61,Potato,Sowing,Urea,,
5.82,52,73,78,14.46,56.62,363.08,Tomato,Vegetative,Urea,,
4.67,156,71,87,15.06,80.47,2368.89,Maize,Vegetative,Compost,,
6.49,86,68,36,27.75,72.86,2057.08,Maize,Sowing,MOP,,
6.68,41,10,59,22.46,66.33,2861.39,Potato,Harvest,Urea,,
5.17,91,86,68,21.58,71.63,2748.02,Sugarcane,Harvest,Compost,,
7.54,97,14,109,13.83,80.05,2930.64,Maize,Vegetative,DAP,,
8.44,113,28,100,21.43,39.11,1473.68,Rice,Vegetative,DAP,,
8.28,135,67,87,21.34,80.52,2178.22,Potato,Vegetative,Zinc Sulphate,,
5.29,155,66,88,28.62,78.4,2893.34,Sugarcane,Vegetative,Compost,,
8,128,51,36,21.65,58.65,205.93,Potato,Flowering,MOP,,
7.32,153,82,68,22.56,54.17,2409.01,Cotton,Vegetative,NPK,,
6.32,53,15,65,18.18,85.95,351.07,Cotton,Sowing,Urea,,
6.66,93,31,81,13.95,79.17,2996.97,Sugarcane,Vegetative,DAP,,
7.9,114,62,94,19,89.32,238.87,Cotton,Harvest,Zinc Sulphate,,
6.42,158,66,43,11.28,68.51,1753.17,Wheat,Flowering,NPK,,
5.99,62,60,58,16.11,31.89,1658.57,Rice,Sowing,SSP,,
6.47,54,14,101,19.75,39.23,1053.26,Wheat,Flowering,Urea,,
6.82,158,31,97,14.37,79.22,2250.57,Sugarcane,Sowing,DAP,,
5.26,109,16,26,29.95,68.34,919.59,Cotton,Harvest,DAP,,
8.1,84,73,79,18.42,41.88,1014.2,Tomato,Flowering,Zinc Sulphate,,
7.2,67,66,47,28.47,30.72,705.01,Potato,Flowering,SSP,,
7.03,58,35,92,29.32,45.77,2199.39,Maize,Flowering,Urea,,
4.9,123,34,10,23.42,38.25,676.1,Wheat,Vegetative,DAP,,
6.92,120,78,47,23.47,82.57,2713.48,Wheat,Sowing,MOP,,
4.98,51,41,35,27.44,82.97,1005.94,Cotton,Sowing,Urea,,
4.81,142,17,78,17.87,80.54,1652.14,Maize,Sowing,DAP,,
6.61,113,18,77,10.64,35.68,1530.18,Sugarcane,Vegetative,DAP,,
6.11,143,63,34,29.35,38.1,2166.59,Cotton,Flowering,MOP,,
6.86,142,29,118,28.26,38.13,855.31,Rice,Harvest,DAP,,
4.86,101,77,67,24.29,45.5,2548.19,Rice,Harvest,Compost,,
6.22,127,76,54,36.27,34.37,2266.11,Sugarcane,Vegetative,NPK,,
5.2,86,53,31,25.26,88.89,1159.32,Sugarcane,Harvest,MOP,,
8.45,31,50,57,19.1,81.31,536.81,Rice,Vegetative,Urea,,
6.74,39,51,22,31.41,34.15,1613.34,Tomato,Vegetative,Urea,,
7.25,69,20,96,38.87,38.62,2945.47,Potato,Sowing,DAP,,
5.8,155,52,106,32.11,45.74,267.91,Potato,Vegetative,NPK,,
4.88,145,17,34,37.27,76.5,2565.61,Maize,Flowering,DAP,,
8.4,61,55,19,13.38,72.85,2159.34,Sugarcane,Sowing,MOP,,
5.65,97,43,27,13.63,67.83,712.91,Rice,Vegetative,MOP,,
6.2,98,77,64,14.64,84.73,1533.98,Maize,Vegetative,NPK,,
7.1,45,24,36,31.09,32.18,1957.5,Potato,Sowing,Urea,,
4.6,129,27,65,21.69,39.68,2150.72,Maize,Vegetative,DAP,,
7.74,57,20,65,24.33,41.39,2779.82,Sugarcane,Harvest,Urea,,
6.65,116,28,58,17.86,33.58,2644.61,Wheat,Vegetative,DAP,,
5.61,157,82,35,32.08,67.1,1119.6,Maize,Harvest,MOP,,
4.75,30,34,115,35.36,42.58,536.1,Sugarcane,Vegetative,Urea,,
5.15,150,31,11,14.81,58.96,491.95,Maize,Flowering,DAP,,
8.08,142,71,83,15.78,71.13,2912.48,Tomato,Harvest,Zinc Sulphate,,
7.24,42,46,69,20.18,65.72,2876.29,Tomato,Sowing,Urea,,
5.5,81,19,93,18.4,47.41,2494.64,Cotton,Flowering,DAP,,
4.76,60,61,47,25.95,54.85,2945.29,Tomato,Flowering,Compost,,
7.26,140,86,12,32.58,50.39,967.67,Maize,Vegetative,MOP,,
6.79,112,77,83,33.8,81.15,2511.58,Wheat,Flowering,NPK,,
6.12,23,37,101,16.25,55.2,1606.24,Potato,Vegetative,Urea,,
5.95,150,39,92,15.27,33.7,2437.82,Maize,Harvest,DAP,,
5.37,70,55,90,20.91,67.16,1910.32,Wheat,Sowing,Compost,,
7.18,126,49,117,14.43,41.86,2569.32,Rice,Flowering,DAP,,
8.38,91,30,62,12.75,50.32,1312.57,Tomato,Flowering,DAP,,
5.2,89,24,53,17.28,49.66,2969.59,Wheat,Sowing,DAP,,
6.89,88,12,32,21.82,34.35,813.85,Maize,Vegetative,DAP,,
6.2,27,88,37,27.64,87.06,2083.31,Tomato,Vegetative,Urea,,
6.29,142,78,100,31.7,62.82,2447.22,Rice,Flowering,Zinc Sulphate,,
5.52,155,17,41,16.68,39.37,1840.11,Potato,Sowing,DAP,,
7.8,131,18,111,34.56,63.35,1012.83,Potato,Sowing,DAP,,
6.44,91,11,85,11.01,57.09,1771.64,Tomato,Harvest,DAP,,
6.67,27,46,29,23.32,50.69,1613.18,Rice,Flowering,Urea,,
5.72,91,21,15,28.99,58.35,732.34,Rice,Vegetative,DAP,,
5.23,26,28,12,18.74,70.18,2336.97,Rice,Harvest,Urea,,
4.84,65,36,12,30.51,41.97,948.13,Maize,Harvest,DAP,,
7.36,100,33,32,36.01,62.27,2529.91,Sugarcane,Flowering,DAP,,
5.28,24,75,82,12.68,78.78,800.1,Wheat,Flowering,Urea,,
7.26,102,25,42,25.38,43.35,1606.49,Sugarcane,Harvest,DAP,,
6.06,63,11,45,10.56,60.93,2146.61,Sugarcane,Sowing,DAP,,
6.16,159,30,73,18.39,87.94,2988.33,Wheat,Flowering,DAP,,
6.38,83,19,21,14.11,78.03,958.77,Cotton,Vegetative,DAP,,
5.97,42,67,71,28.73,65.58,1979.71,Wheat,Flowering,Urea,,
4.9,69,26,35,17.46,74.95,629.4,Cotton,Vegetative,DAP,,
5.74,144,85,46,18.47,61.54,2494.99,Wheat,Vegetative,NPK,,
7.15,55,16,57,16.17,89.19,2612.05,Potato,Harvest,Urea,,
7.16,158,82,83,17.31,40.15,2686.28,Sugarcane,Sowing,DAP,,
5.64,105,55,53,16.75,73.17,2847.5,Sugarcane,Harvest,Zinc Sulphate,,
6.34,75,59,20,30.94,30.36,1195.91,Potato,Flowering,MOP,,
5.27,88,19,92,38.67,37.54,2066.05,Wheat,Vegetative,DAP,,
5.34,56,25,78,24.71,73.31,1084.08,Rice,Sowing,Urea,,
4.59,157,10,33,28.01,75.56,2450.65,Cotton,Flowering,DAP,,
8.09,61,18,108,34.54,32.36,1363.66,Rice,Sowing,DAP,,
5.34,113,22,101,24.28,50.03,1753.75,Tomato,Vegetative,DAP,,
5.41,41,70,103,19.06,37.09,572.37,Cotton,Harvest,Urea,,
5.62,75,57,28,38.53,83.41,2581.38,Potato,Harvest,MOP,,
5.01,133,25,79,37.18,57.23,1552.24,Sugarcane,Sowing,DAP,,
7.06,141,50,65,16.61,56.55,1993.33,Cotton,Flowering,Compost,,
4.8,97,39,58,31.09,79.43,2073.99,Sugarcane,Sowing,DAP,,
5.04,158,86,118,29.41,71.72,967.9,Wheat,Sowing,Compost,,
7.08,154,81,112,29.49,85.34,2425.95,Potato,Harvest,Zinc Sulphate,,
5.86,115,64,92,34.92,86.32,2532.48,Wheat,Flowering,DAP,,
7.33,101,20,66,30.22,48.79,1644.11,Maize,Sowing,DAP,,
6.73,53,61,104,25.54,68.9,2726.75,Tomato,Flowering,Urea,,
5.52,82,84,117,35.38,62.51,650.52,Maize,Flowering,MOP,,
7.1,21,57,20,17.95,65.75,1360.41,Tomato,Vegetative,Urea,,
4.97,154,16,72,30.38,67.52,324.1,Wheat,Vegetative,DAP,,
6.65,62,63,90,31.05,33.6,1315.98,Maize,Vegetative,NPK,,
6.25,114,10,26,36.11,83.7,2991.71,Potato,Sowing,DAP,,
5.57,37,41,24,39.95,38.42,1496.91,Wheat,Harvest,Urea,,
6.92,26,71,79,26.73,55.47,1373.79,Rice,Vegetative,Urea,,
7.99,71,24,71,24.53,47.52,2125.9,Sugarcane,Sowing,DAP,,
8.5,56,70,41,28.02,63.22,336.1,Wheat,Flowering,Urea,,
6.93,117,87,49,29.76,87.69,1190.55,Maize,Vegetative,NPK,,
6.12,65,86,20,31.39,54.75,1692.6,Tomato,Flowering,MOP,,
5.4,122,65,22,18.44,66.19,1555.38,Potato,Vegetative,MOP,,
5.53,61,43,90,24.61,38.47,1998.94,Tomato,Vegetative,NPK,,
6.42,79,29,37,21.13,57.78,589.02,Maize,Harvest,DAP,,
5.97,147,33,91,11.16,84.95,1327.32,Tomato,Harvest,DAP,,
8.16,123,37,37,28.29,85.94,1974.07,Tomato,Harvest,DAP,,
5.97,99,20,57,36.24,62.79,1044.62,Maize,Vegetative,DAP,,
5.99,97,39,64,37.64,76.12,1916.06,Rice,Sowing,DAP,,
6.03,143,47,25,25.52,30.19,2883.27,Potato,Sowing,MOP,,
7.85,51,10,45,32.98,61.89,2805.08,Rice,Sowing,Urea,,
7.1,45,78,49,31.37,73.95,2231.44,Tomato,Harvest,Urea,,
6.96,49,42,29,16.87,49.79,697.36,Tomato,Flowering,Urea,,
5.84,122,74,112,11.89,84.07,2395.88,Potato,Vegetative,NPK,,
7.77,156,53,100,32.44,76.78,1450.77,Rice,Flowering,DAP,,
4.65,51,73,113,18.48,76.18,2864.85,Wheat,Harvest,Urea,,
7.98,72,18,106,26.48,31.27,1911.98,Sugarcane,Flowering,DAP,,
6.55,154,41,11,25.72,41.03,809.34,Rice,Flowering,MOP,,
6.09,100,63,86,34.54,72.82,1074.8,Tomato,Flowering,NPK,,
6.49,95,35,11,29.34,63.7,1093.36,Maize,Sowing,DAP,,
7.17,88,71,110,35.41,64.71,973.6,Maize,Sowing,MOP,,
4.55,37,51,78,32.57,30.89,2361.1,Rice,Sowing,Urea,,
7.99,56,57,79,39.99,56.52,1142.89,Potato,Harvest,Urea,,
6.29,154,15,59,35.92,77.19,747.74,Sugarcane,Sowing,DAP,,
5.87,80,39,105,16.33,69.81,1869.07,Sugarcane,Harvest,DAP,,
5.05,150,32,57,38.84,64.35,1501.38,Potato,Vegetative,DAP,,
6.26,20,34,33,20.2,71.8,262.07,Sugarcane,Harvest,Urea,,
6.49,79,22,90,28.24,81.06,981.53,Potato,Sowing,DAP,,
6.11,153,34,18,38.24,80.97,306.94,Maize,Sowing,DAP,,
7.21,143,26,49,16.42,57.36,2347.71,Wheat,Vegetative,DAP,,
6.18,90,36,49,35.72,48.47,2862.87,Tomato,Sowing,DAP,,
8.35,110,20,11,38.59,51.98,1600.48,Cotton,Flowering,DAP,,
6.9,50,15,82,35.61,61.28,1762.86,Rice,Sowing,Urea,,
7.73,27,88,15,34.58,35.36,2566.24,Rice,Flowering,Urea,,
4.94,138,46,28,17.94,65.46,253.1,Cotton,Sowing,MOP,,
6.09,26,84,106,22.21,57.2,654.51,Cotton,Flowering,Urea,,
5.85,154,81,28,32.81,75.54,2032.2,Maize,Sowing,MOP,,
6.78,154,46,42,13.54,46.44,2276.87,Maize,Vegetative,NPK,,
7.94,39,83,118,36.65,33.98,1953.35,Rice,Flowering,Urea,,
4.81,90,68,70,16.31,83.67,2829.89,Tomato,Harvest,Compost,,
4.79,137,19,39,26.94,34.08,1298.63,Potato,Sowing,DAP,,
7.9,157,10,112,13.15,85.64,1754.23,Tomato,Harvest,DAP,,
5.35,144,61,71,15.56,59.85,2877.93,Wheat,Flowering,Compost,,
7.18,84,27,22,27.57,33.38,2718.99,Potato,Flowering,DAP,,
6.67,117,14,27,29.04,37.55,286.25,Rice,Sowing,DAP,,
7.83,22,57,11,18.09,61.98,1185.99,Rice,Sowing,Urea,,
5,150,42,12,13.57,30.95,2269.19,Rice,Vegetative,MOP,,
5.02,94,66,15,26.49,84.91,202.46,Maize,Sowing,MOP,,
6.73,87,34,37,35.22,77.78,2616.36,Rice,Sowing,DAP,,
8.29,35,53,86,16.04,60.27,1605.91,Tomato,Sowing,Urea,,
6.16,36,75,93,30.75,85.57,442.48,Wheat,Flowering,Urea,,
5.81,158,77,41,21.58,45.58,1438.9,Tomato,Sowing,DAP,,
6.93,119,34,69,38.29,81.2,1579.34,Wheat,Harvest,DAP,,
8.22,51,54,40,12.48,78.31,1227.4,Wheat,Vegetative,Urea,,
7.85,140,32,70,11.2,64.91,1472.07,Rice,Vegetative,DAP,,
8.48,137,50,18,13.73,49.13,2695.91,Cotton,Sowing,MOP,,
4.59,131,42,76,33.47,63.5,1107.38,Rice,Flowering,Compost,,
4.95,117,37,63,37.68,87.43,2890.57,Tomato,Harvest,DAP,,
6.94,24,17,104,34.67,35.07,2123.66,Cotton,Vegetative,Urea,,
7.78,108,38,88,31.53,42.06,2708.84,Rice,Sowing,DAP,,
5.64,111,65,77,11.73,68.63,785.14,Wheat,Flowering,SSP,,
5.46,22,24,26,16.41,70.71,1577.17,Tomato,Vegetative,Urea,,
7.65,47,24,118,38.06,39.87,1783.18,Cotton,Flowering,Urea,,
4.73,53,46,68,28.68,78.38,438.8,Tomato,Vegetative,Urea,,
5.98,105,28,40,24.05,85.71,1582.19,Wheat,Sowing,DAP,,
6.52,136,68,102,29.57,34.78,2610.67,Rice,Harvest,Urea,,
6.74,49,60,84,15.36,88.45,346.14,Tomato,Sowing,Urea,,
7.41,67,44,70,36.79,46.87,1998.46,Maize,Sowing,DAP,,
5.92,84,45,105,29.69,48.53,2968.52,Cotton,Harvest,Compost,,
6.95,60,62,49,24.14,32.69,1676.8,Tomato,Flowering,Urea,,
6.84,112,89,12,23.72,59.84,1049.43,Rice,Vegetative,MOP,,
6.69,116,21,59,34.67,87.29,1837.85,Tomato,Vegetative,DAP,,
7.06,100,37,10,19.24,39.66,1716.02,Wheat,Harvest,DAP,,
5.54,121,80,17,14.11,64.61,494.45,Sugarcane,Harvest,MOP,,
4.84,60,42,71,15.57,46.47,800.02,Potato,Sowing,Compost,,
4.98,142,84,73,12.43,31.12,2074.33,Maize,Harvest,Compost,,
5.4,52,88,50,25.24,89.23,1859.17,Sugarcane,Harvest,Urea,,
6.5,101,64,26,30.32,72.97,1164.1,Tomato,Vegetative,MOP,,
7.86,103,88,81,38.02,74.13,2939.88,Potato,Sowing,Zinc Sulphate,,
7.31,109,82,52,32.52,69.78,2005.35,Tomato,Sowing,NPK,,
7.66,90,86,106,27.49,38.62,846.26,Sugarcane,Sowing,SSP,,
5.9,124,59,99,35.92,42.4,1519.31,Maize,Harvest,DAP,,
6.12,76,38,11,36.77,53.14,2192.46,Wheat,Flowering,DAP,,
6.07,39,67,56,31.37,89.73,2081.56,Sugarcane,Flowering,Urea,,
5.27,94,35,69,11.69,70.35,889.72,Sugarcane,Flowering,DAP,,
4.74,57,32,58,18.75,56.54,2013.97,Rice,Vegetative,Urea,,
6.86,46,26,102,20.09,59.08,1132.05,Maize,Sowing,Urea,,
8.46,156,14,24,39.92,85.33,1481.01,Potato,Flowering,DAP,,
5.17,132,68,103,23.92,41.79,2073.62,Tomato,Flowering,Compost,,
4.69,33,25,59,32.86,49.25,1826.78,Cotton,Vegetative,Urea,,
7.62,56,30,117,34.41,52.25,2195.65,Sugarcane,Flowering,Urea,,
5.51,111,14,55,29.6,83.86,1269.15,Rice,Flowering,DAP,,
7.82,73,67,85,10.55,76.61,2305.6,Maize,Flowering,Zinc Sulphate,,
7.32,144,35,11,10.58,65.45,243.87,Potato,Flowering,DAP,,
8.28,142,52,94,34.56,48.88,726.31,Potato,Sowing,Zinc Sulphate,,
6.14,50,68,38,32.18,42.13,2925.03,Cotton,Sowing,Urea,,
7.15,117,67,38,26.08,49.85,442.84,Cotton,Harvest,MOP,,
6.36,142,11,89,17.47,85.77,2053.33,Sugarcane,Sowing,DAP,,
7.02,132,53,104,12.6,84.61,2766.92,Wheat,Flowering,SSP,,
6.3,104,85,70,14.93,55.32,2606.73,Maize,Sowing,Compost,,
5.25,109,35,106,27.41,49.53,2755.72,Rice,Vegetative,DAP,,
6.53,111,53,75,26.37,83.08,2954.94,Maize,Sowing,SSP,,
6.61,147,28,53,38.24,56.77,1200.37,Rice,Harvest,DAP,,
7.74,41,58,13,38.72,32.32,1124.44,Sugarcane,Harvest,Urea,,
7.44,22,66,48,27.28,50.74,538.41,Maize,Flowering,Urea,,
7.16,111,15,69,35.24,66.44,764.17,Sugarcane,Sowing,DAP,,
4.95,82,32,58,34.37,86.68,2028.06,Wheat,Sowing,DAP,,
7.38,85,52,14,32.57,55.48,1127.21,Rice,Vegetative,MOP,,
6.5,65,53,75,23.12,44.41,1155.21,Wheat,Harvest,SSP,,
8.08,155,75,54,21.68,53.07,2008.59,Rice,Vegetative,Zinc Sulphate,,
8.18,58,54,69,17.92,33.42,492.94,Potato,Harvest,Urea,,
4.72,113,28,17,38.11,83.93,356.65,Wheat,Flowering,DAP,,
7.78,66,13,59,35.03,32.01,2447.95,Maize,Sowing,DAP,,
4.65,87,66,45,15.31,30.06,2411.57,Potato,Vegetative,Compost,,
5.97,76,18,79,17.57,66.85,1278.25,Rice,Harvest,DAP,,
6.67,106,57,50,27.44,39.24,1860.59,Tomato,Harvest,Compost,,
5.09,81,45,19,22.41,47.76,866.62,Sugarcane,Sowing,MOP,,
7.49,58,76,45,16.42,59.46,1229.39,Rice,Harvest,Urea,,
4.53,133,27,77,33.73,77.53,301.93,Tomato,Harvest,DAP,,
5.17,141,49,112,10.05,53.25,966.1,Cotton,Vegetative,Compost,,
6.82,154,75,23,20.3,87.43,245.86,Tomato,Sowing,MOP,,
7.36,114,74,85,37.88,57.19,1387.41,Rice,Vegetative,NPK,,
8.17,25,33,26,32.82,85.2,1655.23,Rice,Vegetative,Urea,,
7.32,142,62,30,22.04,57.14,1586.93,Potato,Sowing,MOP,,
7.19,102,51,86,37.86,60.97,1153.99,Cotton,Harvest,Zinc Sulphate,,
6.08,38,62,106,37.02,87.48,779.45,Wheat,Flowering,Urea,,
4.51,38,71,63,11.58,70.49,1472.16,Tomato,Vegetative,Urea,,
4.98,53,71,22,13.84,38.96,2635.8,Wheat,Harvest,Urea,,
6.64,44,77,57,21.62,65.91,2953.04,Rice,Harvest,Urea,,
7.2,116,44,54,37.88,43.51,1075.63,Wheat,Flowering,SSP,,
6.17,75,66,18,35.33,48.58,2928.4,Cotton,Vegetative,MOP,,
7.42,40,70,64,11.43,80.29,1416.74,Sugarcane,Flowering,Urea,,
6.59,53,21,59,25.37,70.93,1917.16,Wheat,Flowering,Urea,,
4.8,129,58,29,31.61,47.21,2450.4,Rice,Vegetative,MOP,,
5.27,44,31,117,18.28,30.28,1206.38,Tomato,Vegetative,Urea,,
7.86,101,77,49,31.68,61.87,783.19,Sugarcane,Sowing,Zinc Sulphate,,
7.4,126,80,10,21.09,45.01,964.61,Sugarcane,Vegetative,MOP,,
8.08,30,32,86,18.22,31.7,2548.13,Tomato,Flowering,Urea,,
4.97,38,16,95,21.78,33.8,2816.53,Sugarcane,Harvest,Urea,,
8.46,149,31,86,38.52,70.4,559.76,Tomato,Sowing,DAP,,
5.34,49,49,73,37.16,54.86,2144.63,Rice,Sowing,Urea,,
4.55,128,28,44,37.42,45.75,297.73,Sugarcane,Sowing,DAP,,
8.49,57,62,74,37.52,82.78,2649.87,Cotton,Sowing,Urea,,
5.62,34,39,119,15.35,79.51,2599.12,Sugarcane,Flowering,Urea,,
7.17,94,35,62,36.88,57.97,2368.89,Tomato,Vegetative,DAP,,
5.21,79,50,106,16.37,46.54,2508.27,Potato,Flowering,Compost,,
6.82,151,31,70,35.14,60.43,1892.18,Potato,Flowering,DAP,,
8.12,102,70,14,26.26,75.18,612.46,Tomato,Vegetative,MOP,,
5.78,33,82,103,17.2,30.64,2760.76,Tomato,Sowing,Urea,,
7.18,133,55,78,21.96,66.75,594.86,Cotton,Flowering,NPK,,
5.25,100,67,116,23,72.61,830.56,Rice,Sowing,Compost,,
7,27,38,98,32,79.01,1411.32,Tomato,Harvest,Urea,,
5.85,96,62,69,28.18,43,1594.3,Tomato,Vegetative,NPK,,
5.34,112,27,99,34.5,42.21,469.69,Rice,Sowing,DAP,,
5.75,130,40,28,21.9,42.94,2332.7,Potato,Vegetative,MOP,,
5.22,158,41,85,32.31,85.89,584.46,Rice,Sowing,Compost,,
8.11,99,18,66,33.78,38.46,2033.33,Sugarcane,Harvest,DAP,,
6.09,69,46,17,11.89,75.88,1465.55,Wheat,Vegetative,MOP,,
5.48,106,17,83,21.27,89.21,2470.62,Wheat,Harvest,DAP,,
6.29,95,33,27,36.58,86.78,1027.69,Sugarcane,Harvest,DAP,,
5.78,57,77,114,31.15,54.59,2542.28,Maize,Harvest,Urea,,
7.48,114,61,20,22.55,80.36,906.33,Maize,Vegetative,MOP,,
8.38,144,55,71,15.49,70.21,1808.16,Cotton,Harvest,Zinc Sulphate,,
6.25,84,26,39,12.9,82.11,1561.11,Wheat,Vegetative,DAP,,
7.94,109,30,14,16.88,39.67,1187.21,Sugarcane,Sowing,DAP,,
6.76,36,57,97,17.34,75.9,232.98,Tomato,Flowering,Urea,,
5.13,119,18,118,21.12,65.19,1313.98,Rice,Harvest,DAP,,
7.26,46,78,86,15.31,62.41,531.41,Wheat,Sowing,Urea,,
6.55,108,14,65,14.38,73.73,830.44,Sugarcane,Harvest,DAP,,
7.1,44,15,45,35.32,46.38,2127.24,Potato,Sowing,Urea,,
8.06,121,81,36,17.49,34.48,1799.61,Potato,Sowing,MOP,,
6.26,115,57,41,26.85,60.13,1675.82,Maize,Sowing,Zinc Sulphate,,
8.1,77,55,23,15.98,48.13,1779.25,Potato,Harvest,MOP,,
7.5,143,88,50,24.75,45.38,536.15,Potato,Flowering,DAP,,
6.45,20,82,75,18.3,89.91,660.99,Maize,Flowering,Urea,,
6.91,40,72,13,12.6,41.87,1719.84,Maize,Vegetative,Urea,,
5.8,20,12,20,39.47,44.13,1339.12,Potato,Flowering,Urea,,
8.43,80,40,115,23.73,50.03,1496.97,Cotton,Harvest,Zinc Sulphate,,
7.17,22,16,110,21.79,59.82,2661.63,Tomato,Vegetative,Urea,,
4.68,101,25,57,15.97,82.15,718.46,Sugarcane,Harvest,DAP,,
5.81,44,24,111,24.86,40.58,2749.96,Sugarcane,Harvest,Urea,,
6.99,37,16,46,29.06,66.96,2600.96,Potato,Harvest,Urea,,
4.73,47,47,22,19.14,52.11,2725.01,Tomato,Flowering,Urea,,
4.6,23,17,82,24.41,77.81,1995.81,Rice,Vegetative,Urea,,
6.3,138,65,51,17.11,66.11,2619.02,Tomato,Sowing,DAP,,
5.83,135,89,36,25.83,77.71,2975.33,Sugarcane,Harvest,MOP,,
6.25,89,10,75,33.62,81.31,1519.96,Rice,Flowering,DAP,,
5.55,40,28,56,11.81,84.73,2613.06,Potato,Vegetative,Urea,,
5.16,113,87,100,25.54,89.74,2730.34,Tomato,Flowering,Compost,,
7.26,145,28,85,21.98,67.13,1067.34,Maize,Harvest,DAP,,
6.56,140,13,21,12.22,68.25,1439.58,Wheat,Flowering,DAP,,
5.3,147,73,76,38.22,38.43,1806.29,Tomato,Sowing,Compost,,
5.78,50,11,35,17.8,36.31,1177.64,Maize,Harvest,Urea,,
6.87,119,85,88,26.94,59.26,1102.01,Sugarcane,Flowering,MOP,,
4.79,88,32,36,21.18,71.62,1266.01,Rice,Flowering,DAP,,
5.09,36,65,118,18.13,44.89,1386.94,Maize,Sowing,Urea,,
4.79,64,60,44,25.82,49.63,906.36,Tomato,Harvest,Compost,,
7.75,130,40,22,30.67,72.01,1525.27,Tomato,Flowering,MOP,,
7.51,69,67,65,33.57,42.7,2380.5,Sugarcane,Sowing,NPK,,
7.51,139,45,78,29.02,61.28,1948.56,Sugarcane,Vegetative,NPK,,
7.37,117,21,52,25.79,62.32,1263.34,Rice,Flowering,DAP,,
7.18,135,44,90,33.32,85.02,637.35,Potato,Sowing,NPK,,
6.41,142,89,92,25.52,54.14,2507.32,Cotton,Harvest,Zinc Sulphate,,
7.07,48,13,93,39.23,42.63,1631.73,Wheat,Harvest,Urea,,
4.65,22,37,68,25.8,40.43,2919.47,Tomato,Flowering,Urea,,
6.99,25,42,96,19.52,47.59,907.54,Cotton,Sowing,Urea,,
7.61,95,83,21,23.39,46.74,691.44,Maize,Harvest,MOP,,
6.5,24,40,105,24.7,75.01,222.42,Cotton,Sowing,Urea,,
5.93,22,87,38,18.5,65.62,431.35,Rice,Harvest,Urea,,
5.61,23,14,14,14.76,70.95,1279.13,Tomato,Harvest,Urea,,
7.07,24,19,58,22.94,67.82,755.07,Wheat,Vegetative,Urea,,
7.27,76,34,73,36.91,58.87,306.07,Cotton,Harvest,DAP,,
7.98,118,50,52,17.67,85.7,831.03,Cotton,Flowering,Zinc Sulphate,,
5.87,102,26,75,20.85,79.05,2240.51,Wheat,Flowering,DAP,,
7.58,74,70,15,32.73,42.65,2259.94,Maize,Sowing,MOP,,
6.75,42,69,94,12.47,55.42,618.98,Rice,Harvest,Urea,,
8.03,154,42,108,34.75,47.27,2822.17,Tomato,Vegetative,Zinc Sulphate,,
6.61,57,18,24,31.61,74.74,645.3,Wheat,Flowering,Urea,,
6.57,128,59,27,26.49,50.67,450.16,Maize,Flowering,MOP,,
6.81,104,40,58,16.28,68.41,656.22,Wheat,Sowing,NPK,,
7.5,56,14,56,12.78,47.53,593.46,Rice,Flowering,Urea,,
8.36,153,55,11,16.95,40.3,1968.78,Rice,Vegetative,MOP,,
4.79,157,13,14,32.84,30.55,637.52,Cotton,Harvest,DAP,,
4.71,135,40,46,38,89.68,1976.12,Cotton,Flowering,Compost,,
8.25,125,13,114,32.14,43.17,974.48,Sugarcane,Flowering,DAP,,
6.62,76,27,15,25.83,79.93,895.53,Sugarcane,Sowing,DAP,,
6.96,111,43,51,38.52,79.33,2712.3,Cotton,Sowing,DAP,,
6.43,35,57,60,34.86,44.16,800.13,Rice,Vegetative,Urea,,
4.87,133,72,92,29.68,54.94,2620.84,Maize,Flowering,Compost,,
7.57,78,23,25,11.14,80.17,1049.88,Potato,Sowing,DAP,,
7.49,22,42,85,18.63,71.39,2975.44,Cotton,Harvest,Urea,,
5.75,136,51,97,19.25,52.19,2946.6,Sugarcane,Harvest,NPK,,
5.72,38,41,82,20.42,86.95,2517.31,Rice,Vegetative,Urea,,
7.85,116,52,76,21.68,50.54,2630.64,Potato,Vegetative,Zinc Sulphate,,
4.79,155,66,90,38.18,42.72,2505.13,Tomato,Flowering,Compost,,
8.02,38,24,39,32.26,38.8,1963.01,Wheat,Vegetative,Urea,,
5.53,55,59,36,30.76,72.08,2465.26,Cotton,Harvest,Urea,,
6.87,131,80,97,22.8,31.74,1959.19,Cotton,Flowering,SSP,,
8.24,79,72,51,20.13,80.75,2558.06,Maize,Harvest,Zinc Sulphate,,
7.21,53,79,73,13.59,48.25,2819.55,Potato,Sowing,Urea,,
6.16,61,18,59,23.6,52.19,2309.3,Tomato,Flowering,DAP,,
7.26,61,22,48,16.16,78.11,2901.12,Rice,Harvest,DAP,,
5.88,107,27,16,21.73,78.85,1455.04,Maize,Harvest,DAP,,
5.61,41,44,82,14.69,54,2791.08,Tomato,Vegetative,Urea,,
8.49,106,10,25,20.32,63.23,833.45,Wheat,Flowering,DAP,,
7.5,60,45,65,11.29,70.75,287.83,Rice,Sowing,NPK,,
7.08,43,89,20,10.18,71.32,558.67,Maize,Sowing,Urea,,
5.92,70,76,18,36.1,62.04,648.69,Wheat,Vegetative,MOP,,
4.7,52,55,10,29.24,80.65,2508.39,Wheat,Sowing,Urea,,
4.62,47,46,53,27.63,80.49,1322.83,Cotton,Harvest,Urea,,
6.72,109,81,44,25.41,80.93,852.9,Potato,Flowering,Urea,,
7.55,101,38,93,31.8,46.09,2474.36,Potato,Flowering,DAP,,
6.65,141,53,60,32.08,45.41,765.95,Rice,Sowing,NPK,,
7.86,98,77,17,38.06,38.39,418.05,Wheat,Harvest,MOP,,
4.63,121,85,80,17.33,79.58,1505.33,Maize,Vegetative,Compost,,
5.97,41,86,46,33.56,33.64,394.34,Rice,Vegetative,Urea,,
5.45,37,23,110,39.73,38.12,981.03,Wheat,Sowing,Urea,,
6.29,21,87,93,10.87,85.57,2160.94,Cotton,Harvest,Urea,,
4.79,113,60,14,21.22,37.51,1248.69,Sugarcane,Vegetative,MOP,,
8.32,108,83,85,23.08,37.28,444.94,Sugarcane,Flowering,Zinc Sulphate,,
5.39,58,18,30,34.65,84.55,1328.38,Potato,Vegetative,Urea,,
8.19,36,78,93,10.41,48.61,1636.8,Sugarcane,Vegetative,Urea,,
6.2,35,43,14,27.96,82.89,900.64,Wheat,Sowing,Urea,,
8.44,150,74,32,36.78,52.66,678.49,Wheat,Sowing,MOP,,
6.72,61,36,66,14.43,52.42,2332.69,Maize,Harvest,DAP,,
8.22,82,49,80,13.47,38.11,389.94,Sugarcane,Flowering,Zinc Sulphate,,
4.52,48,17,74,39.99,85.12,2879.23,Sugarcane,Harvest,Urea,,
7.49,149,15,34,34.78,75.7,221.28,Rice,Sowing,DAP,,
8.11,126,62,28,30.92,43.54,2023.48,Rice,Sowing,MOP,,
5.06,123,14,11,21.97,73.67,574.09,Wheat,Vegetative,DAP,,
4.88,33,63,21,35.62,36.22,1731.87,Potato,Harvest,Urea,,
6.2,31,27,51,37.68,61.43,724.47,Tomato,Flowering,Urea,,
8.23,43,80,34,31.97,45.26,296.1,Wheat,Vegetative,Urea,,
6.67,47,45,105,21.94,81.04,2607.35,Cotton,Vegetative,Urea,,
6.61,120,63,57,27.51,60.67,1387.02,Potato,Harvest,Urea,,
5.06,153,43,116,12.96,85.27,970.62,Sugarcane,Sowing,Compost,,
4.5,49,41,91,14.74,65.11,2852.36,Sugarcane,Harvest,Urea,,
7.74,53,60,40,33.49,60.24,429.57,Wheat,Sowing,Urea,,
4.85,94,12,67,10.88,71.64,1175.83,Tomato,Vegetative,DAP,,
7.04,35,74,70,11.48,77.04,696.62,Tomato,Flowering,Urea,,
8.16,46,22,53,25.24,30.92,2975.35,Tomato,Flowering,Urea,,
5.33,131,17,18,15.12,61.34,1728.85,Maize,Sowing,DAP,,
7.16,68,53,30,18.81,76.54,2474.22,Rice,Flowering,MOP,,
4.81,156,39,63,21.96,54.45,657.9,Sugarcane,Harvest,DAP,,
6.92,45,17,112,25.67,32.71,1052.42,Tomato,Sowing,Urea,,
5.16,25,67,80,18.51,31.05,1934.89,Maize,Vegetative,Urea,,
7.44,154,17,22,24.51,77.63,698.48,Potato,Flowering,DAP,,
5.7,32,70,93,21.12,41.88,1600.17,Rice,Sowing,Urea,,
6.35,29,88,22,12.43,40.5,2808.52,Potato,Flowering,Urea,,
6.9,62,62,61,36.01,47.37,2804.71,Cotton,Sowing,Urea,,
5.19,129,80,37,18.44,36.13,1193.67,Tomato,Flowering,MOP,,
7.47,131,85,110,28.28,33.2,1645.2,Tomato,Flowering,NPK,,
5.71,120,45,98,27.09,82.34,755.54,Potato,Harvest,Zinc Sulphate,,
7.15,37,83,55,15.98,48.17,2939.85,Potato,Sowing,Urea,,
5.13,30,71,57,10.9,64.94,1655.64,Wheat,Vegetative,Urea,,
7.25,29,28,118,35.71,81.47,777.68,Maize,Sowing,Urea,,
5.01,72,27,99,24.93,88.65,2565.33,Rice,Harvest,DAP,,
6.2,73,53,117,22.43,71.31,1377.05,Tomato,Vegetative,NPK,,
5.49,25,29,106,32.89,87.01,1981.18,Wheat,Harvest,Urea,,
7.49,125,11,113,10.99,55.41,2561.99,Tomato,Sowing,DAP,,
5.55,158,39,49,32.96,77.37,1065.77,Wheat,Vegetative,DAP,,
8.03,52,60,63,22.27,86.26,1818.13,Tomato,Vegetative,Urea,,
8.07,88,53,36,26.55,33.19,357.14,Sugarcane,Sowing,MOP,,
5.29,115,56,88,32.57,49.05,856.72,Rice,Vegetative,Compost,,
6.96,107,52,12,26.4,74.42,588.52,Wheat,Vegetative,MOP,,
4.85,74,20,102,11.85,48.92,2003.73,Sugarcane,Harvest,DAP,,
6.07,70,51,104,31.86,31.02,913.03,Tomato,Sowing,NPK,,
7.35,44,28,68,33.59,78.42,2327.96,Wheat,Vegetative,Urea,,
7.14,124,12,113,23.86,39.88,2331.18,Rice,Vegetative,DAP,,
7,42,13,27,23.17,49.25,2395.88,Wheat,Vegetative,Urea,,
5.63,65,47,33,17.56,84.63,571.36,Cotton,Sowing,MOP,,
6.01,33,82,70,29.32,42.53,1672.94,Cotton,Harvest,Urea,,
4.91,124,81,112,36.46,83.69,2101.48,Cotton,Harvest,Compost,,
7.38,141,43,66,29.68,55.35,1103.77,Cotton,Sowing,SSP,,
6.52,52,60,53,33.14,85.09,928.18,Potato,Vegetative,Urea,,
7.34,139,40,56,35.12,82.61,2210.28,Maize,Vegetative,NPK,,
5.5,50,46,81,16.78,54.91,1183.63,Tomato,Harvest,Urea,,
5.8,42,53,102,22.06,85.31,896.86,Wheat,Harvest,Urea,,
5.84,134,68,46,23.08,67.96,1776.14,Wheat,Flowering,MOP,,
4.6,73,27,46,26.77,58.54,1937.08,Wheat,Flowering,DAP,,
5.86,103,34,82,11.48,61.84,2375.05,Wheat,Vegetative,DAP,,
7.71,75,19,54,27.65,33.8,314.6,Sugarcane,Flowering,DAP,,
8.09,111,78,39,12.66,78.46,688.57,Maize,Harvest,MOP,,
6.57,27,88,24,34.2,47.55,2376.3,Tomato,Flowering,Urea,,
6.32,81,34,113,38.89,46.21,1689.24,Wheat,Sowing,DAP,,
4.62,73,60,85,18.69,72.92,2457.01,Sugarcane,Sowing,Compost,,
8.02,138,62,114,25.2,52.25,1455.87,Potato,Flowering,Zinc Sulphate,,
4.55,127,19,36,34.7,60.85,1486.28,Maize,Vegetative,DAP,,
8.28,107,58,56,19.44,55.29,1257.19,Sugarcane,Flowering,Zinc Sulphate,,
6.46,34,47,56,14.73,60.28,2135.35,Cotton,Sowing,Urea,,
5.87,133,55,40,32.17,43.33,1852.58,Cotton,Flowering,SSP,,
8.2,24,79,86,30.95,83.1,1299.65,Sugarcane,Flowering,Urea,,
4.6,36,20,24,27.1,66.61,725.14,Wheat,Flowering,Urea,,
6.83,111,25,63,38.33,44.02,206.71,Maize,Harvest,DAP,,
6.7,136,41,78,38.65,35.49,455.78,Rice,Sowing,NPK,,
5.38,150,11,51,35.85,62.13,501.95,Sugarcane,Flowering,DAP,,
6.22,121,67,71,18.79,58.09,1794.28,Tomato,Harvest,MOP,,
7.11,120,47,34,16.76,85.95,2325.75,Sugarcane,Vegetative,MOP,,
7.41,70,88,21,35.07,43.84,1479.26,Sugarcane,Harvest,MOP,,
4.5,73,66,18,29.54,82.9,1359.93,Wheat,Flowering,MOP,,
8.25,158,86,99,21.88,75.99,569.91,Sugarcane,Flowering,Zinc Sulphate,,
5.16,109,80,46,22.29,58.59,2722.84,Rice,Flowering,Compost,,
5.43,132,68,18,35.6,82.43,2258.56,Cotton,Flowering,MOP,,
5.55,55,66,78,14.9,81.71,1367.35,Cotton,Harvest,Urea,,
4.65,109,76,64,38.32,72.87,471.64,Tomato,Harvest,Compost,,
4.99,139,24,55,29,36.09,2569.04,Maize,Sowing,DAP,,
8.45,110,67,80,33.74,39.61,674.97,Maize,Flowering,Zinc Sulphate,,
5.76,117,12,50,21.13,65.5,2085.47,Cotton,Sowing,DAP,,
4.96,79,67,104,27.61,44.73,1150.9,Rice,Sowing,Compost,,
4.93,109,36,117,32.5,63.07,2606.75,Rice,Vegetative,DAP,,
7.38,41,24,110,23.05,63.65,1843.45,Wheat,Flowering,Urea,,
7.92,43,69,16,24.64,65.23,836.7,Cotton,Sowing,Urea,,
5.53,159,12,14,27.46,64.19,235.46,Cotton,Harvest,DAP,,
4.58,94,37,61,11.9,52.76,794.6,Maize,Sowing,DAP,,
5.39,79,56,90,35.9,42.61,1222.94,Wheat,Sowing,Compost,,
4.73,99,74,84,36,61.11,2183.48,Cotton,Flowering,Compost,,
4.91,26,62,46,18.44,59.71,805.11,Maize,Flowering,Urea,,
6.23,72,29,69,36.39,46.51,932.21,Maize,Vegetative,DAP,,
5.42,43,20,45,32.36,33.07,1418.28,Potato,Harvest,Urea,,
6.56,72,34,100,24.5,42.33,320.18,Maize,Sowing,DAP,,
5.51,32,72,10,20.43,63.05,2351.52,Maize,Sowing,Urea,,
8.26,97,13,10,21.98,62.14,420.51,Tomato,Vegetative,DAP,,
8.12,114,63,87,26.03,38.02,2263.65,Rice,Vegetative,Zinc Sulphate,,
6.77,91,69,69,22.38,66.36,950.29,Tomato,Vegetative,NPK,,
5.92,20,37,101,22.61,55.36,1487.81,Sugarcane,Sowing,Urea,,
6.02,123,19,50,16.09,69.22,1349.11,Tomato,Harvest,DAP,,
6.15,134,45,74,31.23,83.28,909.13,Maize,Vegetative,NPK,,
7.41,100,89,17,28.29,48.51,916,Rice,Harvest,MOP,,
6.31,60,42,118,39.76,50.84,2857.34,Potato,Harvest,Urea,,
7.93,32,68,50,14.24,70.61,1055.32,Sugarcane,Flowering,Urea,,
8.28,46,54,56,13.41,86.95,712.66,Rice,Vegetative,Urea,,
5.84,142,60,116,25.48,59.17,901.38,Sugarcane,Harvest,DAP,,
6.74,59,55,99,14.56,40.16,2146.56,Rice,Sowing,Urea,,
4.88,95,22,45,28.32,86.1,1064.86,Wheat,Flowering,DAP,,
5.3,71,13,102,15.88,58.19,680.5,Rice,Sowing,DAP,,
6.15,99,51,113,24.49,57.64,1360.56,Wheat,Vegetative,NPK,,
5.32,53,36,118,28.34,62.39,529.13,Tomato,Vegetative,Urea,,
8.01,153,17,13,23.74,45.15,1316.26,Sugarcane,Harvest,DAP,,
5.13,67,55,51,19.6,77.08,2614.22,Tomato,Vegetative,Compost,,
6.32,100,17,11,33.47,68.46,1244.15,Cotton,Vegetative,DAP,,
6.92,26,35,103,35.64,87.29,1639.59,Cotton,Flowering,Urea,,
7.27,25,10,56,18.34,42.23,2409.59,Maize,Harvest,Urea,,
6.03,72,70,29,34.4,67.15,1644.73,Potato,Harvest,MOP,,
7.98,20,48,39,21.75,61,332.69,Tomato,Flowering,Urea,,
6.77,48,18,91,24.63,83.69,801.64,Sugarcane,Harvest,Urea,,
6.26,111,36,39,16.95,31.82,2703.94,Potato,Sowing,DAP,,
4.77,122,79,119,28.77,75.65,2446.12,Rice,Sowing,Compost,,
6.36,142,29,108,13.03,67.38,2329.87,Maize,Flowering,DAP,,
7.78,121,74,10,27.75,66.45,1732.92,Tomato,Harvest,MOP,,
6.96,117,25,67,39.69,82.52,1189.13,Rice,Sowing,DAP,,
7.83,78,77,76,32.6,65.39,2144.28,Cotton,Sowing,Zinc Sulphate,,
6.48,64,76,32,36.85,72.96,2057.38,Maize,Vegetative,MOP,,
4.97,141,31,54,23.93,68.74,1999.73,Sugarcane,Sowing,DAP,,
4.55,42,82,113,14.26,34.17,1610.29,Tomato,Harvest,Urea,,
5.71,51,65,31,18.65,36.77,926.29,Sugarcane,Harvest,Urea,,
7.29,91,66,58,11.47,50.31,1419.21,Maize,Sowing,Urea,,
7.66,130,63,57,25.05,70.54,1633.93,Potato,Vegetative,NPK,,
5.68,94,17,72,29.49,31.59,804.82,Potato,Vegetative,DAP,,
6.48,72,16,57,22.73,76.36,844.16,Maize,Sowing,DAP,,
6.18,39,85,53,26.9,42.18,2417.16,Rice,Flowering,Urea,,
6.14,148,10,60,19.62,63.57,1095.37,Rice,Sowing,DAP,,
5.43,76,63,71,12.58,42.07,2926.29,Sugarcane,Sowing,Compost,,
5.05,85,21,88,22.96,40.56,1421.91,Sugarcane,Harvest,DAP,,
5.29,158,89,50,26.43,50.05,1904.5,Tomato,Flowering,Compost,,
4.72,65,23,89,39.48,85.29,1611.04,Maize,Harvest,DAP,,
5.29,49,28,36,20.42,44.27,1580.75,Potato,Vegetative,Urea,,
4.54,26,28,105,30.33,32.91,2692.02,Tomato,Sowing,Urea,,
7.01,114,86,107,34.68,82.93,460.45,Wheat,Vegetative,NPK,,
5.77,62,83,66,20.06,56.34,1168.06,Tomato,Sowing,Urea,,
8.39,98,37,51,37.9,67.26,1000.83,Maize,Flowering,DAP,,
5.27,55,86,21,20.16,83.15,1112.81,Maize,Sowing,Urea,,
5.88,148,24,91,39.09,75.34,2755.25,Potato,Flowering,DAP,,
5.93,26,72,91,10.06,77.79,395.69,Cotton,Flowering,Urea,,
4.53,63,32,69,29.03,58.81,993.48,Potato,Flowering,DAP,,
7.86,80,52,73,33.7,71.24,2265.51,Maize,Harvest,Zinc Sulphate,,
4.63,45,19,13,18.4,87.83,868.5,Tomato,Vegetative,Urea,,
8.26,126,45,107,13.51,83.39,2532.72,Cotton,Harvest,Zinc Sulphate,,
8.07,126,72,48,10.73,66.75,1123.77,Rice,Sowing,Zinc Sulphate,,
6.64,140,58,28,12.23,35.12,516.94,Wheat,Sowing,MOP,,
6.67,20,23,116,26.29,88.78,1653.8,Potato,Flowering,Urea,,
7.12,82,43,71,35.18,43.53,1631.74,Maize,Flowering,NPK,,
6.05,34,48,54,11.89,51.65,309.57,Potato,Flowering,Urea,,
7.09,74,41,70,13.4,38.42,2210.15,Tomato,Vegetative,NPK,,
4.68,76,89,40,10.15,40,596.88,Rice,Harvest,Compost,,
4.72,136,31,58,18.47,77.75,797.61,Maize,Harvest,DAP,,
6.33,39,44,40,37.64,37.7,1774.95,Maize,Sowing,Urea,,
6.7,108,32,51,18.29,41.36,2694.19,Rice,Sowing,DAP,,
8.05,136,34,57,23.22,40.29,257.75,Maize,Sowing,DAP,,
4.92,138,78,29,15.37,52.21,2503.69,Wheat,Sowing,MOP,,
7.79,102,15,93,13.49,71.68,2311.61,Maize,Flowering,DAP,,
5.34,35,69,105,15.47,68.63,652.74,Cotton,Flowering,Urea,,
6.08,73,15,29,16.31,73.48,1244.53,Potato,Harvest,DAP,,
5.77,114,28,25,13.91,73.61,2736.72,Rice,Vegetative,DAP,,
6.1,98,28,66,33.75,30.18,609.88,Cotton,Harvest,DAP,,
5.1,55,21,28,24.32,71.07,511.81,Wheat,Flowering,Urea,,
6.51,146,22,104,26.19,71.07,2258.6,Maize,Sowing,DAP,,
7.71,109,59,22,21.24,33.73,1518.56,Rice,Flowering,MOP,,
6.27,113,76,29,16.32,55.63,995.54,Rice,Flowering,MOP,,
6.46,108,85,116,12.82,34.72,681.22,Cotton,Vegetative,NPK,,
7.9,151,40,85,12.28,41.45,2222.22,Wheat,Harvest,Zinc Sulphate,,
7.32,31,86,58,15.55,59.39,1430.61,Cotton,Harvest,Urea,,
6.46,80,32,35,35.51,30.72,870.33,Potato,Harvest,DAP,,
5.53,138,86,44,16.5,35.7,2841.48,Potato,Sowing,Zinc Sulphate,,
8.04,28,79,50,20.64,35.1,1770.98,Sugarcane,Harvest,Urea,,
6.81,44,67,19,27.18,37.47,1189.04,Wheat,Vegetative,Urea,,
5.38,73,76,85,25.34,32.99,2215.04,Maize,Harvest,Compost,,
5.58,131,80,33,29.97,66.72,1590,Sugarcane,Vegetative,MOP,,
7.71,60,19,82,15.83,40.72,226.37,Cotton,Vegetative,DAP,,
4.68,69,77,78,25.72,81.76,2553.77,Cotton,Vegetative,Compost,,
8.47,136,53,40,33.03,83.09,385.77,Tomato,Flowering,Zinc Sulphate,,
5.02,154,79,63,21.63,71.46,2970.19,Wheat,Sowing,Compost,,
7.68,46,80,67,39.16,33.9,1179.26,Wheat,Harvest,Urea,,
6.08,130,17,107,27.34,83.5,1669.55,Potato,Flowering,DAP,,
6.47,74,37,69,30.24,55.12,2998.72,Potato,Sowing,DAP,,
8.02,126,64,118,23.77,40.87,953.77,Cotton,Sowing,Zinc Sulphate,,
6.15,153,76,20,35.74,76.73,1495.48,Rice,Harvest,MOP,,
6.65,25,86,82,23.54,50.8,2313.7,Maize,Flowering,Urea,,
4.7,37,48,95,38.27,60.36,1507.56,Wheat,Harvest,Urea,,
4.51,71,42,49,19.22,74.58,1134.7,Potato,Harvest,Compost,,
5.48,100,89,64,35.97,36.07,537.76,Rice,Sowing,Compost,,
7.22,152,84,56,29.18,40.17,1636.55,Cotton,Sowing,NPK,,
4.99,35,38,101,33.97,88.11,1744.89,Potato,Flowering,Urea,,
4.96,40,26,70,11.13,72.81,851.9,Cotton,Harvest,Urea,,
6.14,58,46,89,18.32,43.87,1134.9,Rice,Vegetative,Urea,,
7.09,56,15,83,35.41,64.43,1036.14,Cotton,Sowing,Urea,,
7.35,72,55,43,19.55,41.28,1396.63,Maize,Sowing,MOP,,
5.21,93,23,71,31.38,81.93,2435.07,Tomato,Sowing,DAP,,
4.82,51,46,88,39.77,56.92,1131.21,Rice,Vegetative,Urea,,
8.26,44,85,91,15.32,78.41,962.86,Maize,Flowering,Urea,,
5.54,83,38,54,22.53,88.31,2551.58,Wheat,Vegetative,DAP,,
7.91,122,58,104,14.95,88.85,2471.04,Tomato,Harvest,Zinc Sulphate,,
7.95,121,11,14,14.63,38.26,2421.23,Sugarcane,Harvest,DAP,,
7.59,57,79,60,28.99,86.69,2279.74,Tomato,Harvest,Urea,,
5.18,111,79,106,15.74,46.22,2688.41,Maize,Sowing,Compost,,
7.79,98,74,67,24.48,51.58,2197.03,Tomato,Harvest,Compost,,
7.58,155,55,102,39.34,33.78,674.32,Sugarcane,Vegetative,NPK,,
6.89,20,72,12,19.99,68.74,292.33,Cotton,Harvest,Urea,,
5.85,78,30,32,36.21,68.65,709.22,Maize,Harvest,DAP,,
5.55,54,36,19,21.89,76.62,1220.99,Maize,Harvest,Urea,,
4.99,35,72,56,17.89,86.78,348.22,Cotton,Flowering,Urea,,
6.54,24,32,41,20.09,55.69,2319.6,Potato,Harvest,Urea,,
6.84,99,48,57,13.83,54.45,1995.67,Maize,Vegetative,NPK,,
5.94,40,67,36,30.37,68.35,2210.39,Cotton,Sowing,Urea,,
6.4,77,54,45,25.27,70.04,468.21,Wheat,Harvest,NPK,,
5.95,76,23,97,28.41,56.71,1120.56,Tomato,Vegetative,DAP,,
7.06,158,31,63,19.09,85.16,1486.35,Tomato,Harvest,DAP,,
8.11,90,26,29,29.6,33.13,1887.26,Rice,Flowering,DAP,,
5.16,140,38,12,14.94,75.38,2447.76,Potato,Sowing,DAP,,
6.03,155,47,78,29.57,42.48,2935.42,Potato,Flowering,MOP,,
5.06,127,40,12,12.43,59.72,430.17,Maize,Vegetative,MOP,,
7,57,67,49,22.01,81.09,1996.6,Wheat,Vegetative,Urea,,
7.42,98,26,69,28.29,49.78,577.6,Rice,Flowering,DAP,,
8.23,69,32,79,35.66,83.98,1039.64,Tomato,Vegetative,DAP,,
5.62,108,29,88,34.37,57.04,2361.73,Maize,Flowering,DAP,,
8.3,83,85,79,25.81,72.17,2983.48,Wheat,Vegetative,Zinc Sulphate,,
4.75,144,13,32,36.5,73.36,1674.14,Maize,Harvest,DAP,,
6.91,149,82,69,25.18,45.65,1188.73,Rice,Flowering,SSP,,
4.73,159,84,39,25.52,84.04,799.47,Maize,Flowering,MOP,,
8.08,100,58,48,31.62,37.48,2391.09,Cotton,Vegetative,Zinc Sulphate,,
6.62,97,35,49,36.33,65.4,2730.41,Tomato,Harvest,DAP,,
7.18,29,41,57,28.08,85.74,2576.02,Wheat,Harvest,Urea,,
7.83,63,37,94,38.33,31.86,1627.14,Maize,Vegetative,DAP,,
5.1,59,60,54,16.98,61.88,1849.66,Cotton,Harvest,Urea,,
4.65,128,49,46,37.73,44.79,2542.54,Tomato,Harvest,Compost,,
8.02,89,46,31,16.65,41.55,2800.79,Tomato,Flowering,MOP,,
5.76,50,60,61,25.79,44.03,2829.22,Potato,Flowering,Urea,,
5.02,56,66,11,33.88,84.16,2131.38,Rice,Harvest,Urea,,
6.37,128,89,23,34.05,55.53,736.71,Potato,Flowering,MOP,,
6.89,116,81,27,18.34,44.15,1076.37,Rice,Sowing,MOP,,
4.62,90,76,59,39.58,85.65,945.43,Tomato,Vegetative,Compost,,
5.6,57,12,24,12.42,49.3,685.73,Potato,Vegetative,Urea,,
4.63,27,83,46,11.04,73.41,902.13,Cotton,Flowering,Urea,,
6.18,53,72,11,35.25,62.23,2635.64,Rice,Flowering,Urea,,
8.08,36,21,116,34.57,70.75,2356.94,Cotton,Vegetative,Urea,,
8.43,113,88,93,31.38,40.96,322.46,Potato,Flowering,Zinc Sulphate,,
7.05,101,60,83,35.52,70.71,613.57,Rice,Flowering,NPK,,
5.15,72,20,78,14.13,84.35,2957.51,Sugarcane,Sowing,DAP,,
8.12,83,15,41,12.87,36.05,832.72,Sugarcane,Vegetative,DAP,,
6.56,128,21,75,39.08,49.59,1976.3,Maize,Sowing,DAP,,
5.11,76,34,117,28.73,88.36,775.57,Potato,Sowing,DAP,,
8.19,80,35,66,37.6,43.51,854.28,Potato,Flowering,DAP,,
7.53,44,67,70,37.19,33.57,1595.86,Potato,Flowering,Urea,,
7.43,97,89,14,29.59,33.3,1565.46,Rice,Harvest,MOP,,
7.34,46,45,94,28.85,46.52,2009.28,Sugarcane,Sowing,Urea,,
5.3,118,45,27,20.8,59.69,670.97,Potato,Flowering,MOP,,
5.34,47,30,57,14.47,46.13,935.6,Potato,Harvest,Urea,,
7.25,153,58,49,30.6,46.85,1947.61,Cotton,Sowing,Compost,,
5.38,60,69,77,34.54,79.89,472.73,Rice,Sowing,Compost,,
6.25,78,71,105,26.34,76.02,2746.11,Potato,Sowing,MOP,,
7.63,97,28,109,11.53,48.65,700.64,Wheat,Harvest,DAP,,
7.64,68,20,65,14.35,50.69,1427.51,Cotton,Sowing,DAP,,
6.31,127,87,13,13.06,88.18,504.22,Sugarcane,Vegetative,MOP,,
7.67,119,89,26,29.73,87.01,2117.54,Sugarcane,Vegetative,MOP,,
7.85,24,12,61,26.94,88.39,1115.38,Sugarcane,Harvest,Urea,,
7.12,30,66,72,24,86.35,406.19,Maize,Vegetative,Urea,,
5.41,105,78,51,26.3,67.69,1859.38,Tomato,Harvest,Compost,,
5.6,59,62,42,18.28,48.5,2945.87,Maize,Sowing,Urea,,
5.76,133,75,95,34.14,88.17,2638.49,Wheat,Sowing,MOP,,
4.97,89,21,27,19.86,74.57,2168.1,Wheat,Flowering,DAP,,
5.59,89,71,36,29.33,72.67,235.42,Tomato,Vegetative,MOP,,
5.34,129,54,88,21.73,77.86,2607.62,Cotton,Flowering,Compost,,
6.32,39,66,70,12.16,65.91,2710.85,Wheat,Harvest,Urea,,
8.13,151,11,34,17.71,65,306.39,Cotton,Vegetative,DAP,,
4.92,32,64,70,38.95,51.68,542.68,Potato,Flowering,Urea,,
7.38,68,28,19,15.72,39.04,1464.1,Rice,Flowering,DAP,,
7.25,95,70,89,13.15,56.31,1325.78,Maize,Harvest,DAP,,
4.88,28,33,13,18.73,61.04,1024.38,Potato,Vegetative,Urea,,
8.19,78,14,40,36.34,82.67,754.17,Sugarcane,Harvest,DAP,,
6.77,135,35,41,19.18,54.1,1737.5,Cotton,Vegetative,DAP,,
5.95,22,44,33,22.52,82.98,2359.7,Wheat,Flowering,Urea,,
7.53,30,28,68,19.3,49.05,2823.71,Rice,Flowering,Urea,,
5.53,24,40,27,39.67,86.68,1043.08,Wheat,Flowering,Urea,,
7.27,132,53,105,40,32.34,2169.05,Sugarcane,Harvest,Compost,,
4.66,101,28,101,24.48,61.52,2406.93,Rice,Harvest,DAP,,
7.86,144,21,84,33.54,49.3,1538.29,Wheat,Vegetative,DAP,,
6.29,153,44,81,16.6,47.66,2779.07,Cotton,Harvest,SSP,,
7.05,105,67,74,21.23,34.76,264.34,Potato,Harvest,DAP,,
5.38,61,81,11,30.38,70.88,2721.35,Wheat,Sowing,MOP,,
7.21,62,34,30,18.59,53.55,2699.01,Maize,Flowering,DAP,,
7.59,44,34,92,16.74,86.94,583.6,Tomato,Sowing,Urea,,
6.39,37,22,51,37.67,72.75,1430.38,Tomato,Vegetative,Urea,,
6.97,125,51,103,17.33,56.57,1644.41,Tomato,Flowering,NPK,,
6.33,20,24,113,11.78,67.64,1325.53,Maize,Vegetative,Urea,,
8.08,34,32,34,32.53,33.96,2707.56,Rice,Sowing,Urea,,
6.49,53,37,62,17.3,65.35,2196.36,Maize,Vegetative,Urea,,
7.87,21,22,18,23.51,69.97,545.8,Wheat,Harvest,Urea,,
7.71,129,84,51,13.35,36.37,2794.22,Sugarcane,Flowering,Compost,,
6.14,70,53,37,12.06,70.95,329.28,Maize,Flowering,MOP,,
5.42,65,87,46,23.81,58.44,1867.87,Cotton,Vegetative,Compost,,
6.12,116,61,70,20.11,58.78,1663.53,Wheat,Vegetative,NPK,,
7.8,125,44,68,25.18,73.41,402.74,Tomato,Flowering,MOP,,
5.41,33,56,41,38.97,56.99,2148.36,Maize,Vegetative,Urea,,
6.6,36,44,50,22.22,44.06,2895.18,Potato,Vegetative,Urea,,
7.72,141,59,84,28.08,47.9,1483.65,Rice,Flowering,NPK,,
5.91,126,49,94,12.93,74.3,1638.92,Tomato,Vegetative,NPK,,
7.07,31,86,33,36.58,34.26,1274.87,Sugarcane,Vegetative,Urea,,
5.48,150,79,74,34.18,80.45,2650.6,Sugarcane,Flowering,Compost,,
4.94,94,51,89,25.67,64.93,2797.83,Sugarcane,Harvest,Compost,,
7.68,62,24,97,15.5,73.62,1311.84,Sugarcane,Sowing,DAP,,
4.9,152,69,19,22.78,50.62,2694.45,Cotton,Harvest,MOP,,
5.59,46,67,105,18.92,43.36,772.24,Maize,Harvest,Urea,,
7.92,146,78,101,39.84,78.27,1482.06,Sugarcane,Harvest,Zinc Sulphate,,
5.89,75,42,59,24.73,36.13,905.37,Cotton,Vegetative,NPK,,
8.39,123,49,106,22.67,39.95,826.93,Cotton,Harvest,Zinc Sulphate,,
8.42,99,11,72,15.07,47.1,2599.6,Sugarcane,Sowing,DAP,,
5.57,87,42,111,17.17,51.07,2199.84,Potato,Harvest,DAP,,
4.66,110,34,95,31.35,42.22,387.35,Sugarcane,Vegetative,DAP,,
7.32,34,68,74,26.05,84.76,2320.76,Cotton,Harvest,Urea,,
6.3,45,36,108,20.74,31.63,1804.2,Cotton,Flowering,Urea,,
4.9,29,65,67,18.91,78.21,2403.52,Rice,Flowering,Urea,,
7.33,117,34,118,16.02,54.66,1861.33,Cotton,Vegetative,DAP,,
4.62,121,14,85,11.02,80.17,1256.73,Tomato,Vegetative,DAP,,
7.98,155,71,55,39.31,77.76,1585.94,Rice,Harvest,Zinc Sulphate,,
5.05,99,52,98,32.59,37.26,596.55,Potato,Harvest,Compost,,
5.01,51,77,37,37.84,69.98,1069.7,Wheat,Sowing,Urea,,
5.2,40,87,90,22.38,52.71,262.53,Wheat,Harvest,Urea,,
8.34,115,45,89,36.08,79.26,1337.44,Rice,Flowering,Zinc Sulphate,,
7.27,64,19,105,17.69,81.06,455.47,Wheat,Harvest,DAP,,
7.71,31,31,68,25.3,41.34,2049.73,Cotton,Harvest,Urea,,
6.09,122,37,118,16.07,58.72,2755.12,Tomato,Sowing,DAP,,
5.85,93,57,13,33.11,65.66,2273.89,Cotton,Harvest,MOP,,
5.44,89,69,50,24.93,62.64,780.81,Sugarcane,Flowering,Compost,,
6.42,56,72,69,26.09,45.11,1619.83,Maize,Harvest,Urea,,
6.71,131,11,71,35.78,46.35,2193.51,Sugarcane,Harvest,DAP,,
7.03,150,32,20,32.18,81.49,2455.95,Sugarcane,Flowering,DAP,,
5.53,88,60,29,38.99,31.96,992.43,Maize,Sowing,MOP,,
8.29,117,89,99,22.16,45.74,1535.82,Rice,Sowing,Zinc Sulphate,,
5.18,52,37,16,23.84,43.38,492.15,Cotton,Flowering,Urea,,
8.36,55,87,104,28.46,52.24,2233.81,Maize,Vegetative,Urea,,
4.56,22,10,71,23.6,71.17,1417.27,Potato,Vegetative,Urea,,
6.42,150,24,16,22.59,61.94,316.74,Cotton,Harvest,DAP,,
5.83,125,24,73,20.22,62.44,1682.38,Tomato,Vegetative,DAP,,
6.3,47,52,67,34.96,73.88,2415.89,Rice,Flowering,Urea,,
6.78,156,14,13,26,78.73,324.42,Wheat,Flowering,DAP,,
6.24,45,81,81,28.22,39.59,1329.31,Sugarcane,Flowering,Urea,,
6.16,29,47,23,16.12,36.48,1549.23,Sugarcane,Vegetative,Urea,,
7.43,128,72,95,17.55,48.07,2998.74,Cotton,Sowing,Compost,,
7.24,81,52,32,20.19,79.65,812.4,Maize,Vegetative,MOP,,
7.83,115,60,98,23.96,62.5,2493.64,Wheat,Harvest,Zinc Sulphate,,
5.5,105,87,45,11.32,38.57,608.58,Potato,Flowering,MOP,,
6.94,68,35,99,36.65,39.82,2899.21,Cotton,Vegetative,DAP,,
6.84,24,55,33,37.11,83.9,1058.77,Tomato,Flowering,Urea,,
5.98,92,21,91,29.85,52.02,607.58,Potato,Flowering,DAP,,
6.44,63,21,30,19.48,45.32,1268.91,Sugarcane,Sowing,DAP,,
5.76,140,38,72,21.56,71.62,242.6,Cotton,Sowing,DAP,,
5.07,26,70,56,32.02,81.65,504.83,Cotton,Harvest,Urea,,
5.36,39,50,78,18.59,56.54,1589.22,Sugarcane,Flowering,Urea,,
4.92,127,29,24,28.27,77.47,2833.75,Wheat,Vegetative,DAP,,
7.23,83,55,40,37.19,55.8,1445.79,Cotton,Vegetative,NPK,,
7.14,62,39,99,22.31,71.49,2048.64,Potato,Harvest,DAP,,
8.3,63,48,13,27.61,64.49,2179.81,Maize,Sowing,MOP,,
7.42,36,49,13,37.86,83.67,302.37,Maize,Flowering,Urea,,
4.71,58,60,53,20.22,49.5,1101.83,Rice,Sowing,Urea,,
8.04,118,11,70,32.79,76.23,2991.73,Rice,Sowing,DAP,,
7.95,58,74,72,32.65,71.04,219.62,Rice,Flowering,Urea,,
6.27,58,37,92,37.85,80.33,1516.48,Tomato,Sowing,Urea,,
6.84,35,60,35,35.76,66.45,2544.85,Maize,Vegetative,Urea,,
8.4,72,17,59,32.46,57.61,1007.55,Wheat,Sowing,DAP,,
6.63,125,40,42,29.1,32.97,2990.56,Cotton,Flowering,NPK,,
8.12,29,48,13,17.24,80.38,1561.1,Maize,Harvest,Urea,,
4.83,21,69,66,30.12,84.6,2759.19,Rice,Harvest,Urea,,
5.26,21,86,71,18.29,56.98,1679.32,Rice,Vegetative,Urea,,
6.26,33,25,111,23.2,43.34,1313.4,Tomato,Vegetative,Urea,,
6.84,70,32,97,31.29,68.83,2188.28,Cotton,Harvest,DAP,,
7.76,127,20,104,30.25,37.3,2883.16,Rice,Vegetative,DAP,,
8.45,68,63,43,22.04,32.45,1253.06,Potato,Sowing,Zinc Sulphate,,
6.06,48,83,43,15.48,47.41,2621.84,Sugarcane,Harvest,Urea,,
4.69,130,78,11,24.52,70.79,2046.91,Wheat,Harvest,MOP,,
7.7,143,21,52,18.1,78.85,1260.09,Sugarcane,Vegetative,DAP,,
6.92,83,45,81,17.66,39.41,355.36,Maize,Flowering,Urea,,
5.29,42,66,58,19.8,86.77,1071.93,Cotton,Vegetative,Urea,,
6.48,42,35,30,31.19,63.12,2527.6,Wheat,Flowering,Urea,,
7.47,35,89,21,24.92,85.52,466.42,Potato,Harvest,Urea,,
7.58,63,75,45,21.2,38.99,1802.1,Tomato,Flowering,SSP,,
6.5,79,13,10,37.02,57.48,1633.15,Wheat,Harvest,DAP,,
5.72,128,25,51,31.2,55.85,2052.6,Sugarcane,Sowing,DAP,,
8.39,84,31,112,24.84,54.7,2829.21,Potato,Vegetative,DAP,,
7.15,116,73,25,22.64,85.85,2304.93,Potato,Flowering,MOP,,
6.13,117,79,58,34.57,80.96,1629.74,Rice,Harvest,NPK,,
5.62,148,20,15,15.19,77.66,2525,Potato,Vegetative,DAP,,
7.42,31,51,106,29.92,47.17,2164.67,Potato,Harvest,Urea,,
5.47,106,48,116,10.63,50.34,2707.53,Maize,Flowering,Compost,,
5.19,108,56,22,10.21,45.56,2228.18,Rice,Harvest,MOP,,
6.62,107,31,54,37.95,77.61,2308.45,Wheat,Sowing,DAP,,
5.66,157,39,18,25.42,53.57,435.2,Potato,Vegetative,DAP,,
7.02,149,39,108,19.45,88.72,210.7,Rice,Harvest,DAP,,
4.97,151,42,37,33.84,51.86,2875.73,Maize,Vegetative,MOP,,
7.12,129,39,73,39.54,40.19,905.68,Wheat,Harvest,DAP,,
5.63,60,46,43,11.03,85.79,662.28,Tomato,Flowering,NPK,,
4.5,57,62,41,11.14,76.96,644.41,Rice,Flowering,Urea,,
5.01,75,39,74,35.64,64.99,2266.09,Cotton,Harvest,DAP,,
8.23,43,35,112,26.7,81.51,329.92,Rice,Sowing,Urea,,
7.97,112,15,98,36.48,86.97,2050.87,Cotton,Sowing,DAP,,
5.43,47,63,61,30.84,81.68,1800.09,Sugarcane,Harvest,Urea,,
7.61,81,65,83,24.12,84.27,612.44,Maize,Harvest,Urea,,
6.93,29,13,75,14.84,46.27,579.25,Cotton,Sowing,Urea,,
8.38,147,88,13,21.7,60.65,571.45,Tomato,Vegetative,MOP,,
5.99,48,45,34,33.61,77.72,926.65,Potato,Flowering,Urea,,
7.23,82,72,89,17.02,61.56,1997.01,Maize,Flowering,DAP,,
4.75,106,12,72,31.37,68.51,779.29,Sugarcane,Vegetative,DAP,,
6.08,26,66,49,17.42,85.37,2048.21,Rice,Harvest,Urea,,
8.36,156,89,117,23.91,47.72,2920.77,Rice,Harvest,Zinc Sulphate,,
6.66,39,25,78,12.56,62.36,2613.87,Potato,Harvest,Urea,,
5.65,136,49,65,23.65,63.81,2434.62,Cotton,Harvest,Compost,,
4.98,111,62,32,28.38,51.57,2857.58,Sugarcane,Vegetative,MOP,,
7.31,69,15,93,26.9,52.1,1914.92,Potato,Flowering,DAP,,
7.08,86,30,12,22.19,76.14,2352.82,Rice,Harvest,DAP,,
6,128,86,74,21.09,85.77,2367,Potato,Flowering,Urea,,
8.3,118,18,119,18.26,68.02,2928.71,Wheat,Vegetative,DAP,,
4.59,67,72,60,33.01,59.28,2012.09,Tomato,Vegetative,Compost,,
5.71,47,52,34,33.48,75.02,964.56,Sugarcane,Harvest,Urea,,
8.18,89,81,89,24.49,89.87,747.89,Wheat,Harvest,Zinc Sulphate,,
5.78,77,37,50,21.48,34.94,1058.74,Wheat,Sowing,DAP,,
5.51,29,54,14,29.12,69.09,2332.91,Sugarcane,Sowing,Urea,,
6.64,21,67,109,26.73,63.37,2038.35,Rice,Sowing,Urea,,
7.8,20,38,73,30.02,66.61,813.91,Sugarcane,Sowing,Urea,,
4.91,99,63,15,19.18,31.37,2607.53,Rice,Vegetative,MOP,,
8.27,109,66,85,33.65,87.34,2947.74,Tomato,Harvest,Zinc Sulphate,,
7.68,92,42,55,19.5,35.12,2320.19,Maize,Harvest,Urea,,
5.23,32,79,32,22.56,48.45,373.89,Wheat,Sowing,Urea,,
7.35,90,73,119,13.97,47.9,1957.12,Cotton,Harvest,DAP,,
6.04,20,13,47,35.66,73.99,2825.54,Potato,Harvest,Urea,,
6.11,75,25,14,29.33,70.26,1076.3,Sugarcane,Flowering,DAP,,
7.63,23,12,70,17.06,33.7,1839.21,Cotton,Sowing,Urea,,
8.35,47,72,11,35.55,38.98,835.56,Maize,Flowering,Urea,,
5.01,63,31,12,31.14,49.13,2665.92,Maize,Sowing,DAP,,
6.18,49,27,114,23.27,72.25,2635.95,Tomato,Harvest,Urea,,
6.42,55,66,16,39.7,85.75,1220.47,Wheat,Flowering,Urea,,
6.01,125,34,99,20.12,48.93,1179.14,Cotton,Flowering,DAP,,
5.95,141,37,85,12.99,61.53,200.28,Maize,Sowing,DAP,,
4.71,23,49,59,32,52.36,1088.85,Wheat,Harvest,Urea,,
7.24,30,32,69,32.71,64.64,2387.98,Sugarcane,Flowering,Urea,,
6.24,72,17,118,11.77,67.68,280.11,Potato,Vegetative,DAP,,
5.28,143,22,74,34.58,61.1,767.69,Tomato,Vegetative,DAP,,
7.76,107,53,74,33.28,53.34,2244.75,Sugarcane,Vegetative,NPK,,
7.71,73,56,106,37.89,82.79,2014.38,Cotton,Harvest,NPK,,
6.45,103,19,71,13.56,78.12,2962.63,Wheat,Vegetative,DAP,,
5.69,64,50,63,28.02,89.9,1293.73,Tomato,Vegetative,NPK,,
7.05,83,76,112,16.58,54.76,573.19,Wheat,Flowering,SSP,,
5.65,32,83,62,21.98,32.32,2061.19,Wheat,Flowering,Urea,,
5.44,71,58,18,17.95,69.08,421.27,Rice,Flowering,MOP,,
7.42,151,73,10,23.48,77.01,526.91,Maize,Sowing,MOP,,
4.66,101,24,24,13.39,86.21,1790.17,Wheat,Harvest,DAP,,
4.88,126,70,98,19.11,30.62,1521.53,Rice,Vegetative,Compost,,
4.53,28,83,117,12.13,82.77,938.1,Tomato,Flowering,Urea,,
5.11,131,61,45,24.75,61,1538.31,Rice,Harvest,Compost,,
4.78,139,55,19,18.9,52.49,2631.3,Potato,Sowing,MOP,,
8.48,86,68,59,27.71,43.32,2229.99,Sugarcane,Sowing,Zinc Sulphate,,
5.66,101,57,40,23.69,78.85,1473.44,Potato,Harvest,NPK,,
5.1,120,48,93,17.32,51.82,1071.75,Tomato,Harvest,Compost,,
5.46,139,51,78,13.09,66.27,1830.12,Maize,Vegetative,Compost,,
8.24,135,60,101,32.6,60.7,208.02,Tomato,Flowering,Zinc Sulphate,,
6.58,133,59,107,28.99,45.79,2252.61,Tomato,Vegetative,NPK,,
5.96,152,75,112,10.99,77.27,2446.85,Tomato,Sowing,Zinc Sulphate,,
7.99,130,50,111,39.68,47.89,540.89,Sugarcane,Sowing,Zinc Sulphate,,
6.08,78,67,25,29.27,77.24,1327.35,Maize,Harvest,MOP,,
5.84,54,13,88,16.22,54.57,606.2,Sugarcane,Flowering,Urea,,
5.33,24,58,114,35.21,31.81,2856.65,Tomato,Sowing,Urea,,
6.01,69,12,112,36.46,76.05,2512.77,Rice,Flowering,DAP,,
5.77,79,41,51,27.21,83.96,256.2,Wheat,Flowering,Urea,,
7.21,34,56,35,36.57,37.19,2917.07,Wheat,Vegetative,Urea,,
5.66,127,71,39,10.88,65.11,597.11,Maize,Flowering,MOP,,
6.81,134,25,11,38.36,34.31,435.22,Wheat,Sowing,DAP,,
4.76,122,77,76,11.72,79.79,291.3,Tomato,Vegetative,Compost,,
5.27,40,27,92,29.27,89.28,2413.85,Sugarcane,Sowing,Urea,,
6.13,21,15,65,20.38,59.7,2790.73,Potato,Harvest,Urea,,
8.25,101,74,33,11.18,48.8,467.75,Sugarcane,Vegetative,MOP,,
6.01,29,89,76,37.88,80.74,2953.27,Cotton,Flowering,Urea,,
7.16,84,46,49,14.06,61.25,1084.41,Potato,Harvest,Zinc Sulphate,,
5.52,80,82,72,35.61,56.94,2100.77,Potato,Sowing,MOP,,
5.01,137,72,78,19.91,43.67,2961.54,Cotton,Flowering,Compost,,
4.73,153,68,68,32.23,66.96,223.79,Tomato,Sowing,Compost,,
5.72,37,43,105,17.63,66.38,1731,Wheat,Vegetative,Urea,,
5.13,110,46,70,27.5,45.77,2036.76,Maize,Harvest,Compost,,
5.2,131,43,61,33.99,42.68,1239.81,Rice,Harvest,Compost,,
7.54,36,54,104,26.99,56.31,507.92,Sugarcane,Sowing,Urea,,
4.56,29,10,85,19.2,57.05,1939.14,Cotton,Sowing,Urea,,
6.73,50,62,116,17,37.7,331.6,Maize,Sowing,Urea,,
6.02,69,71,45,15.24,46.56,2785.63,Rice,Vegetative,NPK,,
6.53,142,24,109,35.16,39.62,1493.78,Tomato,Vegetative,DAP,,
6.75,103,60,40,28.33,84.09,2748.77,Potato,Vegetative,NPK,,
5.75,64,23,106,25.26,34.46,2542.34,Rice,Vegetative,DAP,,
5.68,158,68,16,17.49,82.73,210.2,Tomato,Flowering,MOP,,
7.43,155,61,99,23.01,61.67,1485.81,Maize,Vegetative,NPK,,
7.99,97,10,99,28.6,69.92,2685.85,Potato,Vegetative,DAP,,
5.27,147,84,29,12.16,85.39,1242.14,Rice,Flowering,MOP,,
4.89,32,26,107,20.82,51.92,1105.01,Cotton,Harvest,Urea,,
8.09,120,65,42,17.19,72.16,2119.64,Wheat,Vegetative,Zinc Sulphate,,
5.9,29,14,92,29.4,70.3,2174.14,Sugarcane,Flowering,Urea,,
6.71,113,26,26,28.19,89.3,2000.85,Cotton,Harvest,DAP,,
5.94,95,27,116,18.98,32.76,1217.48,Cotton,Sowing,DAP,,
5,138,64,110,11.25,57.33,378.15,Sugarcane,Harvest,Compost,,
6.86,55,56,15,15.48,89.37,2784.41,Wheat,Sowing,Urea,,
6.6,23,89,95,14.8,49.67,1088.2,Tomato,Flowering,Urea,,
5.31,141,58,111,27.05,87.94,2427.78,Wheat,Flowering,Compost,,
6.31,144,32,90,15.08,79,1184.69,Potato,Flowering,DAP,,
7.69,113,30,29,24.47,50.36,1585.28,Tomato,Flowering,DAP,,
6.86,57,38,115,28.44,31.75,1246.28,Rice,Harvest,Urea,,
4.89,95,69,51,36.39,46.82,427.71,Rice,Flowering,Compost,,
6.69,58,55,72,17.35,37.42,1122.45,Potato,Vegetative,Urea,,
7.31,108,19,50,15.58,55.71,2875.9,Potato,Flowering,DAP,,
7.67,73,62,99,15.2,86.37,508.94,Tomato,Flowering,SSP,,
7.02,81,16,101,20.81,60.76,1756.36,Potato,Sowing,DAP,,
5.11,38,39,118,29.48,56.85,2911.54,Potato,Vegetative,Urea,,
7.34,21,64,81,30.16,42.95,257.43,Rice,Sowing,Urea,,
7.21,113,74,116,16.33,67.29,393.73,Potato,Vegetative,NPK,,
4.6,76,30,16,13.94,57.32,2745.53,Cotton,Harvest,DAP,,
6.15,119,16,80,23.46,76.36,2259.57,Rice,Harvest,DAP,,
5.83,22,53,38,14.24,60.97,1726.9,Wheat,Harvest,Urea,,
7.18,42,77,76,34.39,83.19,1702.6,Tomato,Flowering,Urea,,
5.36,23,24,25,12.52,76.98,2929.68,Potato,Vegetative,Urea,,
6.86,97,11,86,32.56,38.7,258.67,Potato,Harvest,DAP,,
8.15,89,12,59,11.28,38.16,957.33,Maize,Vegetative,DAP,,
7.69,26,57,91,34.21,31.46,1087.11,Cotton,Harvest,Urea,,
8.19,20,77,53,28.81,52.14,534.58,Cotton,Sowing,Urea,,
8.41,107,56,86,19.67,33.28,1200.23,Maize,Harvest,Zinc Sulphate,,
4.54,29,52,40,22.17,57,1237.15,Cotton,Sowing,Urea,,
6.99,138,36,76,30.21,44.48,2884.64,Maize,Flowering,DAP,,
6.15,153,13,103,15.57,59.89,1437.66,Cotton,Sowing,DAP,,
7.94,129,45,12,36.71,39.5,2817.36,Maize,Vegetative,MOP,,
5.51,144,89,99,24.49,62.95,2468.1,Maize,Sowing,Compost,,
8.42,64,61,75,32.8,87.99,2263.15,Wheat,Harvest,Zinc Sulphate,,
6.95,159,54,112,25.2,68.23,1125.47,Maize,Vegetative,NPK,,
7.67,122,60,107,23.57,63.86,1395.54,Potato,Harvest,Compost,,
4.84,130,41,111,24.09,77.28,324.77,Potato,Sowing,Compost,,
5.23,89,11,86,20.89,30.33,1256.57,Maize,Flowering,DAP,,
7.53,136,26,84,31.98,46.95,2637.14,Sugarcane,Harvest,DAP,,
4.59,129,32,110,35.38,89.22,2387.86,Cotton,Flowering,DAP,,
7.77,138,53,16,35.63,76.96,2463.42,Potato,Vegetative,MOP,,
4.56,94,55,116,13.63,35.42,820.48,Cotton,Sowing,Compost,,
7.13,55,21,36,32.84,49.59,788.1,Rice,Sowing,Urea,,
5.96,106,63,16,16,56.39,2057.36,Maize,Sowing,MOP,,
6.95,120,22,17,10.37,86.08,2023.55,Maize,Harvest,DAP,,
7.28,42,83,109,18.26,65.17,746.87,Tomato,Harvest,Urea,,
5.87,34,77,51,18.79,34.63,2215.01,Cotton,Harvest,Urea,,
4.93,61,80,102,34.29,60.54,1253.22,Potato,Vegetative,Compost,,
4.78,151,75,94,32.27,47.36,2683.05,Rice,Flowering,Compost,,
6.86,48,24,35,12.54,50.32,1220.54,Wheat,Flowering,Urea,,
6.58,68,71,70,19.78,36.86,843.89,Maize,Sowing,Zinc Sulphate,,
7.47,90,82,29,17.54,57.53,748.42,Sugarcane,Harvest,MOP,,
6.54,94,33,102,27.86,70.17,2714.96,Cotton,Vegetative,DAP,,
6.19,73,79,88,26.25,75.57,2608.08,Rice,Sowing,DAP,,
6.09,115,70,96,30.37,71.72,1392.43,Tomato,Vegetative,NPK,,
4.61,123,80,88,37.32,69.63,874.02,Maize,Vegetative,Compost,,
5.84,56,89,60,22.63,82.15,996.72,Tomato,Sowing,Urea,,
8.4,154,81,83,29.68,49.94,1277.87,Potato,Harvest,Zinc Sulphate,,
7.99,43,12,11,37.55,42.88,324.17,Rice,Vegetative,Urea,,
5.82,74,38,39,26.25,35.37,388.42,Sugarcane,Sowing,DAP,,
6.85,158,30,110,19.25,39.94,2796.89,Rice,Vegetative,DAP,,
7.89,127,63,100,22.09,38.96,2345.13,Cotton,Flowering,Zinc Sulphate,,
6.27,109,15,26,32.64,84.75,2479.15,Wheat,Vegetative,DAP,,
4.57,25,20,76,31.6,40.83,1540.2,Wheat,Sowing,Urea,,
4.8,50,79,81,32.45,35.64,1221.94,Wheat,Sowing,Urea,,
6.54,126,36,52,32.3,54.02,457.52,Potato,Sowing,DAP,,
8.38,31,86,110,37.61,40.18,1762.64,Potato,Harvest,Urea,,
7.27,89,69,58,32.92,37.83,2281.4,Rice,Harvest,Zinc Sulphate,,
4.78,49,82,13,35.66,51.74,748.55,Potato,Vegetative,Urea,,
5.26,138,81,97,27.21,85.16,1289.65,Maize,Flowering,Compost,,
7.59,145,36,38,29.33,31.83,2796.48,Maize,Vegetative,DAP,,
7.87,74,41,81,39.03,42.46,2562.5,Maize,Vegetative,Zinc Sulphate,,
6.97,58,42,43,36.11,79.45,2435.22,Sugarcane,Vegetative,Urea,,
7.08,101,14,18,33.32,44.71,310.42,Maize,Flowering,DAP,,
4.61,25,18,67,30.57,56.47,663.62,Cotton,Harvest,Urea,,
7.81,27,22,90,20.76,35.91,1056.91,Rice,Vegetative,Urea,,
7.65,74,15,83,26.44,77.71,1050.2,Cotton,Vegetative,DAP,,
5.54,124,83,33,11.65,74.19,561.09,Tomato,Flowering,MOP,,
7.33,35,45,65,22.49,37.68,1010.45,Wheat,Vegetative,Urea,,
5.36,139,59,118,13.36,86.88,1398.8,Tomato,Vegetative,Compost,,
4.66,149,70,95,31.86,65.44,338.05,Tomato,Harvest,Compost,,
5.3,83,57,90,36.77,77.89,1328.9,Cotton,Vegetative,Compost,,
5.21,30,20,104,15.22,75.83,1590.29,Cotton,Sowing,Urea,,
5.85,107,26,117,17.37,61.14,314.62,Cotton,Flowering,DAP,,
6.17,23,11,70,35.71,74.85,2087.76,Sugarcane,Sowing,Urea,,
6.53,150,16,82,27.57,44.27,423.39,Rice,Flowering,DAP,,
6.41,34,66,88,27.65,31.28,2014.19,Potato,Vegetative,Urea,,
5.58,123,40,72,26.89,50.52,2983.43,Tomato,Flowering,MOP,,
4.62,87,68,51,16.55,39.15,369.75,Maize,Vegetative,Compost,,
6.92,100,55,103,17.3,88.86,962.1,Cotton,Harvest,Zinc Sulphate,,
6.08,28,88,26,38.49,85.42,562.13,Tomato,Sowing,Urea,,
5.69,44,16,80,31.7,38.65,1233.85,Potato,Vegetative,Urea,,
7.97,84,23,119,12.71,50.64,2538.73,Wheat,Harvest,DAP,,
7.49,123,18,118,16.69,60.56,2802.45,Potato,Vegetative,DAP,,
7.93,85,18,99,28.81,53.92,2551.22,Rice,Sowing,DAP,,
6.48,52,11,75,18.5,72,2134.99,Rice,Flowering,Urea,,
5.02,41,25,57,17.55,60.21,2208.21,Cotton,Sowing,Urea,,
7.28,61,11,102,16.07,63.92,537.33,Potato,Harvest,DAP,,
5.32,30,88,79,15.57,70.66,896.37,Rice,Flowering,Urea,,
6.26,61,79,42,28.4,31.42,1218.91,Rice,Flowering,Compost,,
4.76,97,32,47,37.18,30.75,340.39,Potato,Vegetative,DAP,,
7.8,123,37,10,20.83,40.69,2500.61,Rice,Sowing,DAP,,
5,41,52,64,13.65,73.1,915.9,Rice,Harvest,Urea,,
8.11,156,72,64,13.73,44.43,346.41,Wheat,Flowering,Zinc Sulphate,,
7.96,76,26,19,38.01,85.21,404.64,Wheat,Sowing,DAP,,
6.36,102,45,64,25.86,34.71,2914.58,Wheat,Sowing,NPK,,
7.48,50,28,104,23.99,64.79,2753.56,Maize,Sowing,Urea,,
6.98,37,14,33,36.72,31.53,2884.48,Wheat,Sowing,Urea,,
7.71,159,32,81,25.21,88.32,2878.78,Maize,Vegetative,DAP,,
6.23,141,28,37,24.42,42.82,2438.42,Cotton,Vegetative,DAP,,
7.64,120,10,101,37.8,65.26,972.71,Rice,Harvest,DAP,,
6.35,148,36,117,24.23,87.18,1109.35,Tomato,Harvest,DAP,,
8.26,117,52,60,21.73,31.82,1325.6,Wheat,Harvest,Zinc Sulphate,,
6.45,154,34,55,27.45,60.76,2398.01,Cotton,Vegetative,DAP,,
6.35,149,63,81,39.32,61.6,2794.97,Rice,Flowering,MOP,,
7.64,140,15,38,38.91,51.09,1432.87,Cotton,Sowing,DAP,,
7.79,105,85,28,33.27,69.27,1044.14,Potato,Vegetative,MOP,,
6.72,23,34,102,24.98,62.55,879.97,Sugarcane,Vegetative,Urea,,
5.22,28,83,88,36.44,44.95,918.11,Rice,Vegetative,Urea,,
6.37,35,55,104,22.58,72.32,219.28,Rice,Harvest,Urea,,
8.37,70,68,14,29.2,57.97,855.57,Maize,Harvest,MOP,,
7.51,71,64,58,15.38,58.22,1025.77,Potato,Harvest,DAP,,
7.74,156,33,101,29.84,87.12,2371.65,Tomato,Flowering,DAP,,
4.63,102,84,64,18.28,62.1,1735.88,Potato,Sowing,Compost,,
6.37,153,33,55,33.15,77.08,1127.07,Rice,Sowing,DAP,,
7.09,63,12,24,22.42,82.04,1871.81,Cotton,Vegetative,DAP,,
7.82,136,49,81,21.95,64.84,2407.28,Tomato,Sowing,Zinc Sulphate,,
4.7,153,29,109,32.4,77.18,1908.13,Tomato,Flowering,DAP,,
7.91,24,78,105,22.76,48.57,396.68,Tomato,Vegetative,Urea,,
6.69,46,86,48,31.42,40.92,874.81,Sugarcane,Sowing,Urea,,
5.29,133,79,112,35.65,71.73,1000.42,Sugarcane,Harvest,Compost,,
5.77,64,75,31,14.11,85.57,1216.21,Wheat,Flowering,MOP,,
5.63,109,78,71,24.37,32.55,268.95,Wheat,Harvest,Urea,,
6.62,47,88,78,38.35,75.78,2284.05,Cotton,Vegetative,Urea,,
4.71,51,17,83,34.37,31.7,1517.02,Wheat,Harvest,Urea,,
5.13,72,64,40,39.21,57.52,2710.43,Sugarcane,Harvest,Compost,,
7.75,90,46,46,35.81,70.63,1649.51,Sugarcane,Sowing,MOP,,
5.03,49,82,32,19.31,54.32,2966.86,Maize,Flowering,Urea,,
5.43,72,81,105,15.37,48.06,2161.94,Rice,Sowing,Compost,,
6.31,159,23,97,16.32,41.21,2683.23,Tomato,Flowering,DAP,,
6.57,28,57,13,16.51,88.67,2925.19,Tomato,Vegetative,Urea,,
7.55,86,76,52,12.27,64.22,1520.92,Tomato,Vegetative,NPK,,
6.29,133,41,47,37.2,37.67,1972.72,Rice,Sowing,Compost,,
7.66,102,45,24,25.08,32.89,2759.3,Wheat,Harvest,MOP,,
6.97,120,14,20,13.04,44.6,1810.84,Cotton,Vegetative,DAP,,
4.95,29,88,34,32.88,62.32,347.82,Tomato,Flowering,Urea,,
5.13,99,27,35,19.77,75.12,2151.56,Rice,Flowering,DAP,,
6.25,43,20,48,12.13,88.86,2820.06,Potato,Harvest,Urea,,
6.09,44,83,65,15.69,80.04,2387.27,Rice,Vegetative,Urea,,
7.47,109,13,60,29.73,66.72,2415.53,Sugarcane,Harvest,DAP,,
6.82,148,29,110,33.82,69.99,421.91,Wheat,Vegetative,DAP,,
6.05,72,14,109,17.61,61.32,2264.68,Cotton,Flowering,DAP,,
5.18,126,72,42,27.31,56.07,290.31,Maize,Flowering,Compost,,
5.41,43,63,117,10.03,77.08,2805.86,Cotton,Flowering,Urea,,
6.8,46,74,29,18.35,40.64,2760.05,Tomato,Harvest,Urea,,
6.19,126,86,61,15.45,50.04,2944.78,Tomato,Sowing,Zinc Sulphate,,
6.56,107,22,43,12.3,88.72,1048.95,Wheat,Sowing,DAP,,
5.18,143,88,54,24.52,64.3,1712.77,Cotton,Sowing,Compost,,
7.15,58,82,85,28.93,59.91,1820.53,Potato,Flowering,Urea,,
7.91,96,12,109,11.39,81.05,1758.83,Rice,Vegetative,DAP,,
5.53,103,11,13,14.14,75.72,1354.07,Potato,Harvest,DAP,,
6.47,121,21,22,37.97,49.56,2963.32,Cotton,Flowering,DAP,,
8.4,95,65,68,16.69,67.56,2682.74,Wheat,Sowing,Zinc Sulphate,,
5.83,24,67,76,32.8,41.12,1908.98,Cotton,Sowing,Urea,,
6.88,100,61,62,32.43,33.18,2013.67,Wheat,Vegetative,NPK,,
4.86,157,24,26,19.65,89.39,2199.9,Tomato,Harvest,DAP,,
6.92,35,10,80,16.12,74.23,1890.35,Rice,Flowering,Urea,,
4.86,48,81,54,17.32,85.85,2181.06,Sugarcane,Sowing,Urea,,
8.34,137,80,56,26.98,79.91,2486.19,Cotton,Flowering,Zinc Sulphate,,
7.36,136,54,87,21.43,55.68,2938.06,Potato,Harvest,Compost,,
7.65,55,25,105,24.87,81.69,2577.39,Rice,Vegetative,Urea,,
7.32,123,26,35,34.35,77.2,562.19,Sugarcane,Vegetative,DAP,,
6.86,64,39,40,25.07,45.5,1729.92,Rice,Vegetative,DAP,,
6.3,122,46,40,39.86,67.38,1969.34,Sugarcane,Flowering,Compost,,
7.93,28,27,89,29.98,48.3,944.06,Sugarcane,Flowering,Urea,,
8.33,24,85,69,16.22,44.04,1531.46,Maize,Vegetative,Urea,,
6.5,98,20,10,24.99,34.9,2811.54,Sugarcane,Flowering,DAP,,
8.23,92,69,55,34.4,62.59,925.15,Potato,Vegetative,Zinc Sulphate,,
6.83,108,68,43,16.55,53.55,1088.4,Tomato,Harvest,SSP,,
6.65,47,79,99,31.88,35.28,2743.21,Sugarcane,Flowering,Urea,,
6.32,46,35,63,11,73.1,464.22,Potato,Flowering,Urea,,
5.34,129,89,68,38.28,73.38,2664.47,Tomato,Vegetative,Compost,,
4.51,134,47,103,29.9,44.12,1050.7,Tomato,Vegetative,Compost,,
5.47,141,18,50,14.88,87.35,1595.62,Tomato,Vegetative,DAP,,
6.54,116,82,60,36.23,76.67,1999.98,Rice,Flowering,NPK,,
6.02,155,55,14,12.45,78.32,2010.06,Wheat,Vegetative,MOP,,
6.29,151,53,97,22.18,30.22,2943.95,Sugarcane,Sowing,Zinc Sulphate,,
8.42,131,51,19,32.11,88.71,297.37,Sugarcane,Flowering,MOP,,
5.9,126,82,47,38.12,89.42,2170.68,Wheat,Flowering,MOP,,
6.31,155,78,44,20.46,60.43,2567.73,Sugarcane,Vegetative,NPK,,
5.03,64,32,75,34.92,89.1,1847.32,Cotton,Flowering,DAP,,
4.69,129,43,102,15.9,66.73,2932.03,Cotton,Flowering,Compost,,
7.6,65,31,28,11.05,38.04,1369.46,Rice,Flowering,DAP,,
6.78,112,78,47,10.86,78.85,2299.61,Potato,Sowing,Compost,,
7.54,35,74,62,29.75,63.49,2121.83,Maize,Sowing,Urea,,
5.1,157,35,115,14.63,50.54,287.82,Tomato,Vegetative,DAP,,
6.79,87,64,59,11.51,44.17,1747.81,Cotton,Flowering,Urea,,
5.51,69,24,87,39.3,61.13,930.57,Cotton,Sowing,DAP,,
5.41,87,75,101,17.26,71.51,1680.5,Tomato,Harvest,Compost,,
4.55,21,62,43,23.88,82.62,2675.41,Sugarcane,Vegetative,Urea,,
5.02,94,88,13,28.39,65.92,1964.35,Sugarcane,Vegetative,MOP,,
5.74,94,20,70,14.33,54.92,1862.89,Cotton,Harvest,DAP,,
4.97,148,67,98,20.72,67.93,2082.83,Cotton,Vegetative,Compost,,
8.44,116,51,79,29.43,59.82,1679.29,Potato,Harvest,Zinc Sulphate,,
5.73,128,78,101,29.19,69.12,1453.81,Sugarcane,Harvest,MOP,,
5.02,136,42,111,35.26,66.54,1248.42,Wheat,Flowering,Compost,,
5.3,36,53,18,23.12,88.72,2160.21,Cotton,Vegetative,Urea,,
6.85,90,16,61,36.69,67.33,2372.05,Maize,Harvest,DAP,,
4.76,70,88,91,30.47,71.46,1385.07,Wheat,Flowering,Compost,,
7.95,28,61,40,26.86,83.54,322.44,Maize,Vegetative,Urea,,
8.35,83,22,95,13.51,84.78,1720.81,Maize,Vegetative,DAP,,
5.49,104,41,77,27.24,38.45,1806.17,Rice,Flowering,Compost,,
6.3,112,48,42,27.84,57.23,1541.2,Sugarcane,Flowering,NPK,,
4.59,61,87,109,32.76,86.57,1207.8,Maize,Sowing,Compost,,
7.06,136,72,68,31.57,87.59,2708.57,Tomato,Harvest,Urea,,
6.16,89,29,44,25.9,41.4,1547.13,Cotton,Vegetative,DAP,,
5.58,108,25,22,27.78,56.62,2437.11,Cotton,Flowering,DAP,,
5.33,54,39,88,33.17,46.72,1985.64,Wheat,Vegetative,Urea,,
7.12,36,28,70,20.54,77.44,2403.76,Cotton,Harvest,Urea,,
6.16,63,83,106,14.05,81.13,2657.47,Cotton,Vegetative,NPK,,
5.22,123,81,101,36.23,58.15,881.35,Potato,Sowing,Compost,,
7.26,108,87,57,38.95,70.54,2520.29,Rice,Harvest,Urea,,
6.76,126,84,107,22.88,82.2,2219.09,Maize,Harvest,NPK,,
7.93,137,39,47,39.71,72.57,1771,Sugarcane,Sowing,DAP,,
4.97,63,43,74,19.68,39.39,1725.9,Wheat,Harvest,Compost,,
7.64,68,48,63,12,72.72,1071.98,Rice,Vegetative,NPK,,
7.19,79,58,40,27.17,39.54,1713.78,Maize,Flowering,NPK,,
4.96,21,14,58,36.05,69.22,1276.18,Tomato,Harvest,Urea,,
7.28,84,52,90,28.52,50.01,2688.67,Maize,Vegetative,NPK,,
6.27,133,56,31,10.28,33.39,1829.81,Cotton,Vegetative,MOP,,
8.28,22,68,105,10.35,43.59,1037.28,Tomato,Flowering,Urea,,
5.07,112,78,38,31.73,58.1,604.25,Cotton,Vegetative,MOP,,
7.07,34,26,74,35.36,89.64,2143.16,Tomato,Harvest,Urea,,
6.03,56,28,57,17.59,45.34,2061.2,Wheat,Harvest,Urea,,
8.33,157,55,101,24.1,88.73,1208.15,Sugarcane,Harvest,Zinc Sulphate,,
5.82,28,65,114,38.83,51.85,654.08,Cotton,Flowering,Urea,,
8.35,69,35,75,23.82,87.6,2205.3,Sugarcane,Flowering,DAP,,
8.11,65,75,34,14.07,87.37,957.11,Cotton,Flowering,MOP,,
5.58,125,23,30,37.35,38.57,2613.63,Sugarcane,Flowering,DAP,,
7.71,100,61,110,24.86,79.72,2233.44,Cotton,Sowing,Compost,,
8.48,66,13,35,20.33,61.04,2698.7,Potato,Flowering,DAP,,
5.51,37,12,113,12.92,71.17,2956.86,Cotton,Flowering,Urea,,
6.25,132,88,10,23.75,76.56,1154.84,Potato,Vegetative,MOP,,
6.58,70,31,41,33.09,37.47,1611.38,Cotton,Flowering,DAP,,
5.68,128,59,82,31.52,77.94,1330.57,Cotton,Sowing,Urea,,
4.56,108,73,55,24.9,48.17,417.26,Sugarcane,Vegetative,Compost,,
5.38,35,19,14,31.59,73.94,1333.92,Rice,Sowing,Urea,,
5.63,107,65,49,20.52,64.42,1442.63,Wheat,Vegetative,NPK,,
6.27,31,25,26,32.06,71.08,685.51,Rice,Sowing,Urea,,
5.18,118,46,62,12.57,67.37,2673.28,Sugarcane,Vegetative,Compost,,
7.99,78,64,102,15.98,78.63,1018.82,Tomato,Vegetative,Zinc Sulphate,,
7.32,92,31,117,36.33,83.67,2324.03,Wheat,Flowering,DAP,,
4.84,131,41,92,18.81,56.95,413.56,Cotton,Harvest,Compost,,
7.1,51,53,113,16.18,53.53,284.25,Rice,Sowing,Urea,,
7.11,41,82,38,12.67,44.53,2987.36,Wheat,Flowering,Urea,,
8.32,117,61,85,21.79,78.83,544.45,Rice,Vegetative,Zinc Sulphate,,
4.51,102,42,17,12.01,88.02,2344.41,Sugarcane,Flowering,MOP,,
5.49,31,11,116,24.91,41.72,1892.65,Tomato,Flowering,Urea,,
8.21,24,23,52,37.58,57.47,1468.27,Wheat,Sowing,Urea,,
8.23,45,70,104,33.61,76.22,303.38,Cotton,Flowering,Urea,,
7.38,135,74,24,11.22,68.16,1120.16,Maize,Sowing,MOP,,
7.56,110,39,43,18.99,78.9,2720.25,Cotton,Harvest,DAP,,
4.87,39,36,99,15.63,30.97,2734.43,Maize,Flowering,Urea,,
6.56,155,73,44,12.01,84.68,1879.16,Cotton,Vegetative,NPK,,
5.43,99,42,102,13.26,33.68,1809.09,Sugarcane,Flowering,Compost,,
5.22,77,62,42,37.24,56.73,1391.68,Wheat,Flowering,Compost,,
7.74,24,89,106,19.3,46.55,2371.58,Rice,Vegetative,Urea,,
5.04,42,19,109,21.77,85.69,2672.25,Potato,Flowering,Urea,,
6.37,159,36,30,24.57,46.51,2237.02,Cotton,Flowering,DAP,,
8.25,23,46,103,32.35,52.4,1670.8,Tomato,Vegetative,Urea,,
5.24,56,11,28,33.95,83.3,1976.86,Maize,Flowering,Urea,,
8.41,94,52,105,38.91,62.24,815.27,Wheat,Harvest,Zinc Sulphate,,
8.48,123,28,10,16.32,83.89,2975.44,Potato,Harvest,DAP,,
6.72,136,20,60,19.03,69.66,2820.43,Rice,Flowering,DAP,,
5.18,156,61,42,19.39,34.75,2878.58,Maize,Vegetative,Compost,,
5.76,45,41,35,23.36,56.09,667.17,Maize,Vegetative,Urea,,
6.2,46,89,51,34.22,40.58,2027.79,Potato,Harvest,Urea,,
5.74,108,38,63,17.18,33.91,2037.76,Wheat,Vegetative,DAP,,
5.62,101,45,54,33.49,52.43,1194.27,Tomato,Vegetative,NPK,,
8.39,149,56,36,16.12,84.51,2622.5,Sugarcane,Vegetative,MOP,,
5.11,146,52,60,31.3,37.06,2390.56,Sugarcane,Flowering,Compost,,
7.43,122,61,37,33.97,30.41,2214.93,Sugarcane,Sowing,MOP,,
4.5,112,62,93,35.61,86.11,280.89,Potato,Harvest,Compost,,
6.88,65,77,17,25.31,61.81,2973.58,Wheat,Vegetative,MOP,,
8.16,89,14,99,19.86,63.51,2211.44,Maize,Flowering,DAP,,
5.65,107,57,40,33.17,85.71,2914.44,Tomato,Vegetative,NPK,,
5.24,123,33,14,19.63,72.01,442.98,Wheat,Harvest,DAP,,
7.11,83,10,20,14.44,79.61,2144.18,Sugarcane,Sowing,DAP,,
7.35,71,11,94,35.04,76.23,2285.47,Tomato,Vegetative,DAP,,
7.25,145,19,81,22.34,66.71,381.08,Cotton,Harvest,DAP,,
5.78,113,72,35,27.13,71.3,380.55,Wheat,Harvest,MOP,,
5.51,147,68,69,37.55,63.64,2334.35,Cotton,Harvest,Compost,,
8.32,43,15,55,14.07,51.32,2433.5,Sugarcane,Vegetative,Urea,,
8.19,144,57,21,26.72,47.12,2748.5,Wheat,Harvest,MOP,,
6.33,120,45,116,26.76,40.56,2361.71,Wheat,Sowing,NPK,,
7.88,70,57,22,35.86,51.24,873.04,Cotton,Flowering,MOP,,
6.31,21,38,83,20.24,64.61,2912.37,Rice,Harvest,Urea,,
6.2,124,50,102,22.04,65.25,948.27,Tomato,Flowering,DAP,,
5.13,88,82,17,25.58,71.01,2236.2,Cotton,Flowering,MOP,,
6.21,54,41,51,15.02,82.77,1682.25,Sugarcane,Harvest,Urea,,
6.65,102,14,111,24.12,69.11,542.46,Cotton,Vegetative,DAP,,
4.59,99,26,74,23.08,40.25,2795.96,Potato,Flowering,DAP,,
6.28,50,33,18,15.92,31.54,1846.19,Rice,Vegetative,Urea,,
7.63,68,15,13,34.99,41.81,457.09,Sugarcane,Vegetative,DAP,,
7.22,77,37,106,22.93,84.49,1273.4,Potato,Harvest,DAP,,
7.04,69,29,64,19.18,64.06,2341.99,Tomato,Sowing,DAP,,
8.14,97,89,115,13.91,80.92,1931.58,Wheat,Sowing,Zinc Sulphate,,
4.57,83,28,94,12.69,44.06,825.79,Wheat,Vegetative,DAP,,
6.73,71,17,80,38.81,72.59,1794.38,Rice,Vegetative,DAP,,
7.65,59,27,64,39.85,73.9,1064.82,Potato,Vegetative,Urea,,
6.67,124,46,105,36.94,78.57,1676.35,Sugarcane,Sowing,MOP,,
5.8,73,70,66,23.76,62.13,1090.31,Sugarcane,Vegetative,NPK,,
5.05,133,54,66,34.24,77.61,1589.58,Wheat,Flowering,Compost,,
8.05,116,47,48,35.03,86.13,2558.06,Cotton,Flowering,Zinc Sulphate,,
6.38,151,11,37,18.99,87.44,793.65,Cotton,Flowering,DAP,,
8.01,75,64,35,27.58,37.53,205.01,Tomato,Vegetative,MOP,,
6.84,49,24,110,38.7,67.46,633.99,Tomato,Harvest,Urea,,
7.2,127,68,107,18.4,36.81,2557.2,Sugarcane,Vegetative,NPK,,
7.72,145,84,82,29.89,85.36,1362.16,Rice,Flowering,DAP,,
7.14,123,14,79,29.88,87.32,2271.33,Rice,Sowing,DAP,,
6.09,146,29,31,23.58,59.98,286.13,Tomato,Flowering,DAP,,
6.55,106,21,82,24.71,87.59,609.77,Potato,Sowing,DAP,,
7.71,52,66,54,23.69,75.97,1793.06,Wheat,Vegetative,Urea,,
5.99,97,77,24,25.63,71.76,2216.85,Tomato,Flowering,MOP,,
6.05,55,28,74,14.46,64.85,2406.08,Maize,Vegetative,Urea,,
4.88,37,36,105,33.84,54.41,2000.44,Potato,Vegetative,Urea,,
8.16,138,62,27,29.83,87.83,2318.71,Rice,Vegetative,MOP,,
4.86,70,51,20,39.21,41.82,664.11,Tomato,Vegetative,MOP,,
7.09,29,54,108,17.37,78.15,2042.89,Potato,Harvest,Urea,,
6.15,58,87,106,14.38,52.05,1390.82,Maize,Sowing,Urea,,
6.12,68,77,13,20.28,75.19,2761.64,Cotton,Harvest,MOP,,
7.22,77,77,43,25.29,39.82,1922.8,Wheat,Vegetative,NPK,,
4.77,95,33,57,16.15,52.4,1716.67,Cotton,Harvest,DAP,,
6.87,121,45,92,23.82,86.77,1819.13,Rice,Sowing,Urea,,
7.59,154,84,57,29.28,63.44,2527.69,Cotton,Flowering,Compost,,
7.81,64,14,85,11.69,59.47,231.57,Sugarcane,Vegetative,DAP,,
5.18,129,36,49,32.74,75.13,2608.75,Cotton,Vegetative,DAP,,
8.09,108,46,68,38.19,55.02,281.72,Tomato,Harvest,Zinc Sulphate,,
7.12,74,36,109,18.05,59.58,1831.45,Maize,Flowering,DAP,,
8.03,143,85,57,33.29,63.64,1607.26,Maize,Sowing,Zinc Sulphate,,
6.44,128,56,50,22.54,89.4,1236.99,Cotton,Flowering,Zinc Sulphate,,
6.67,30,73,31,29.93,78.32,560.42,Rice,Flowering,Urea,,
8.18,150,15,73,32.29,32.39,547.4,Tomato,Flowering,DAP,,
8.1,110,85,85,18.85,77.02,2278.04,Maize,Flowering,Zinc Sulphate,,
6.29,154,65,58,33.62,60.18,517.79,Potato,Sowing,Zinc Sulphate,,
5.6,138,23,64,13.15,43.84,2124.31,Wheat,Harvest,DAP,,
6.07,53,31,101,39.6,81.21,2972.86,Sugarcane,Vegetative,Urea,,
6.05,30,64,24,20.11,46.23,2109.29,Rice,Harvest,Urea,,
5.65,24,84,13,16.71,49.22,410.59,Wheat,Vegetative,Urea,,
5.57,90,61,17,14.16,33.78,1717.77,Rice,Harvest,MOP,,
7.94,24,65,104,34.37,88.66,2536.43,Tomato,Harvest,Urea,,
4.78,152,86,69,27.58,77.72,2872.91,Maize,Sowing,Compost,,
7.21,46,15,99,38.55,38.89,2237.44,Rice,Flowering,Urea,,
5.19,112,29,12,29.43,59.37,1067.07,Tomato,Sowing,DAP,,
5.88,108,63,112,20.22,50.2,903.24,Wheat,Sowing,SSP,,
4.75,133,11,16,35.09,31.94,2394.7,Tomato,Vegetative,DAP,,
5.58,117,84,88,18.44,85.63,2328.88,Potato,Vegetative,NPK,,
7.57,34,81,93,18.73,80.36,1561.88,Potato,Harvest,Urea,,
8.04,124,39,26,10.85,89.22,443.07,Rice,Harvest,DAP,,
5.39,117,63,105,17.56,44.55,2081.7,Potato,Flowering,Compost,,
6.35,39,13,19,17.84,71.97,1853.25,Maize,Harvest,Urea,,
6.38,146,80,89,18.93,37.09,233.2,Cotton,Sowing,SSP,,
7.99,53,56,35,21.06,55.88,1998.79,Wheat,Harvest,Urea,,
7.55,134,28,31,27.3,80.8,570.66,Potato,Vegetative,DAP,,
6.55,40,51,24,16.49,30.48,2512.33,Cotton,Vegetative,Urea,,
7.18,59,51,67,29.1,58.84,2086.02,Maize,Harvest,Urea,,
7.89,74,60,69,14,56.08,344.74,Wheat,Flowering,Zinc Sulphate,,
4.54,69,12,85,37.93,71.46,1689.11,Cotton,Harvest,DAP,,
6.11,93,46,48,10.78,44.28,2455.09,Wheat,Harvest,Urea,,
8.13,93,31,12,37.25,40.4,2523.96,Tomato,Sowing,DAP,,
7.46,57,42,69,26.42,69.04,439.07,Sugarcane,Flowering,Urea,,
6.67,43,58,62,31.3,68.48,420.93,Cotton,Harvest,Urea,,
6.62,127,63,33,18.95,75.11,2369.99,Cotton,Sowing,MOP,,
5.89,78,71,64,15.21,44.81,851.43,Sugarcane,Harvest,NPK,,
6.58,102,44,11,38.42,30.98,1863.28,Maize,Harvest,MOP,,
7.12,30,38,77,23.23,82.68,1904.76,Tomato,Sowing,Urea,,
6.17,147,75,32,24.42,42.38,1963.47,Sugarcane,Flowering,MOP,,
7.36,137,59,68,39.57,55.08,1146.05,Tomato,Sowing,DAP,,
7.94,35,23,66,20.08,58.11,311.72,Wheat,Harvest,Urea,,
5.12,20,57,96,13.01,41.24,1704.95,Wheat,Vegetative,Urea,,
6.31,60,53,81,27.61,61.25,1642.02,Wheat,Flowering,NPK,,
6.13,34,81,51,26.64,84.86,1412.79,Maize,Vegetative,Urea,,
7.25,99,10,117,33.19,46.28,982.7,Sugarcane,Flowering,DAP,,
5.5,51,37,21,38.65,61.22,2560.52,Rice,Harvest,Urea,,
7.06,58,12,82,19.23,48.52,1236.27,Cotton,Vegetative,Urea,,
8.01,92,80,84,31.65,88.84,555.04,Sugarcane,Vegetative,Zinc Sulphate,,
6.17,112,57,118,23.04,43.24,2322.74,Wheat,Harvest,Urea,,
8.14,108,41,104,33.51,36.56,1981.58,Sugarcane,Sowing,Zinc Sulphate,,
8.47,158,18,10,14.93,38.56,1065.63,Sugarcane,Harvest,DAP,,
4.92,53,66,108,25.03,52.02,623.19,Maize,Harvest,Urea,,
5.43,69,55,63,12.32,63.17,1431.07,Cotton,Flowering,Compost,,
8.3,33,67,52,26.84,70.08,384.62,Maize,Harvest,Urea,,
8.33,91,65,71,15.07,63.74,823.72,Potato,Harvest,Zinc Sulphate,,
4.89,114,24,24,38.8,84.33,2899.1,Maize,Sowing,DAP,,
4.56,104,70,16,26.63,51.62,621.39,Tomato,Sowing,MOP,,
5.14,74,25,37,25.88,72.74,969.94,Wheat,Flowering,DAP,,
8.48,97,55,15,39.17,46.09,589.12,Maize,Harvest,MOP,,
5.22,134,80,29,24.95,70.91,2753.6,Cotton,Harvest,MOP,,
6.51,143,44,97,30.3,85.55,2789.54,Wheat,Flowering,Compost,,
7.89,127,75,51,11.4,88.7,366.52,Maize,Flowering,Zinc Sulphate,,
4.58,66,66,109,31.25,73.78,2715.02,Wheat,Vegetative,Compost,,
6.92,70,43,47,13.13,86.55,598.5,Sugarcane,Vegetative,NPK,,
5.61,89,40,71,33.41,70.83,1312.42,Cotton,Sowing,DAP,,
7.95,138,21,85,36.31,87.79,1841.62,Rice,Flowering,DAP,,
5.63,106,74,12,19.46,83.88,1494.75,Rice,Sowing,MOP,,
7.25,94,56,37,36.34,36.4,580.58,Rice,Harvest,MOP,,
7.2,41,74,21,24.48,58.45,2416.42,Sugarcane,Harvest,Urea,,
5.39,96,10,89,27.15,50.85,2124.76,Tomato,Harvest,DAP,,
4.64,133,88,53,22.33,31.62,2835.37,Maize,Harvest,Compost,,
6.14,151,76,24,24.3,58.01,1188.25,Potato,Sowing,MOP,,
5.66,63,23,64,37.25,38.9,1405.1,Tomato,Harvest,DAP,,
7.74,60,63,104,38.42,32.19,1179.3,Sugarcane,Flowering,Zinc Sulphate,,
7.7,36,19,94,23.38,56.7,376.37,Rice,Harvest,Urea,,
6.33,65,76,91,25.43,43.94,353.92,Tomato,Harvest,SSP,,
6.93,155,59,57,13.49,86.12,2331.72,Maize,Harvest,Urea,,
6.92,29,45,15,19.77,78.76,997.6,Sugarcane,Harvest,Urea,,
7.81,77,20,73,25.4,87.37,1563.96,Maize,Sowing,DAP,,
6.2,120,12,90,16.08,82.89,2941.12,Rice,Vegetative,DAP,,
5.6,158,48,96,27.3,73.68,249.44,Cotton,Harvest,Urea,,
5.56,54,19,44,30.56,65.86,1649.43,Rice,Harvest,Urea,,
6.64,115,60,91,29.5,33.93,1651.02,Potato,Flowering,SSP,,
6.3,105,41,20,23.28,45.95,2995.94,Rice,Harvest,MOP,,
6.26,151,61,32,33.08,72.64,2536.13,Wheat,Flowering,MOP,,
4.86,136,81,66,19.59,54.07,387.04,Tomato,Vegetative,Compost,,
7.37,85,56,90,24.08,49.52,639.9,Potato,Harvest,Compost,,
5.35,92,22,79,18.1,36.24,294.95,Maize,Flowering,DAP,,
5.29,57,76,97,28.11,34.21,751.14,Tomato,Flowering,Urea,,
6.15,114,62,46,23.22,42.6,794.53,Wheat,Vegetative,NPK,,
5.41,52,62,72,16.51,80.07,451.68,Tomato,Sowing,Urea,,
6.84,72,24,89,19.25,69.78,1676.22,Tomato,Sowing,DAP,,
5.99,82,62,102,18.38,50.46,2930.03,Sugarcane,Vegetative,NPK,,
6.3,133,51,38,37.33,33.66,2450.71,Sugarcane,Vegetative,MOP,,
6.65,54,38,51,25.66,41.3,769.45,Rice,Sowing,Urea,,
5.31,129,56,37,29.58,56.99,2392.39,Tomato,Harvest,MOP,,
5.12,64,39,25,38.04,39.19,2950.28,Potato,Vegetative,DAP,,
8.02,80,23,76,15.47,75.76,2538.65,Wheat,Flowering,DAP,,
6.23,112,88,115,38.11,77.32,1512.29,Tomato,Sowing,DAP,,
6.15,91,68,97,26.19,38.21,954.14,Wheat,Vegetative,NPK,,
4.64,134,73,27,35.69,73.61,2294.09,Cotton,Harvest,MOP,,
6.49,97,53,57,15.04,60.73,2402.06,Cotton,Flowering,Zinc Sulphate,,
6.72,69,23,26,18.19,87.74,1031.15,Tomato,Vegetative,DAP,,
6.74,61,34,83,15.83,77.25,827.71,Rice,Vegetative,DAP,,
7.33,133,53,110,29.6,65.12,2081.9,Tomato,Sowing,Zinc Sulphate,,
5.21,39,70,34,14.22,66.22,2687.6,Potato,Vegetative,Urea,,
5.51,111,11,109,33.78,40.73,257.99,Potato,Flowering,DAP,,
7.74,87,88,57,17.51,83.62,2963.85,Sugarcane,Vegetative,NPK,,
8.29,154,83,96,17.66,63.55,737.18,Cotton,Sowing,Zinc Sulphate,,
5.04,85,52,59,18.43,64.45,1178.37,Wheat,Flowering,Compost,,
6.49,92,18,28,32.39,64.53,348.2,Tomato,Sowing,DAP,,
5.36,55,70,83,37.73,46.57,355.51,Wheat,Sowing,Urea,,
4.74,159,76,84,37.23,78.73,963.71,Rice,Sowing,Compost,,
5.8,158,33,50,13.04,81.74,1782.05,Tomato,Harvest,DAP,,
5.07,148,74,14,17.87,47.27,2723.03,Maize,Vegetative,MOP,,
7.34,58,47,15,30.17,56.51,395.57,Maize,Vegetative,Urea,,
6.63,112,79,12,28.56,40.75,1728.52,Sugarcane,Harvest,MOP,,
5.08,89,14,54,20.5,44.31,1365.18,Potato,Vegetative,DAP,,
4.54,156,77,111,35.89,50.16,2969.94,Potato,Harvest,Compost,,
7.73,37,76,84,13.91,84.12,723.9,Rice,Flowering,Urea,,
5.2,146,39,70,29.17,67.57,1234.64,Tomato,Sowing,DAP,,
6.92,78,71,116,18.19,65.28,293.68,Cotton,Harvest,Urea,,
5.85,86,16,115,25.82,86.81,2759.87,Sugarcane,Flowering,DAP,,
6.84,128,60,57,21.62,77.48,1942.78,Cotton,Vegetative,NPK,,
5.76,150,41,33,39.39,30.96,1845.94,Potato,Flowering,MOP,,
4.85,49,83,119,24.6,37.46,336.45,Rice,Sowing,Urea,,
5.39,110,35,57,39.28,44.87,477.2,Sugarcane,Flowering,DAP,,
5.25,21,52,35,17.65,48.24,2412.77,Potato,Flowering,Urea,,
6.21,39,71,58,33.04,80.04,1738.52,Potato,Flowering,Urea,,
7.13,116,40,99,31.51,76.19,757.23,Tomato,Harvest,Urea,,
5.56,48,32,97,35.43,38.73,1739.48,Sugarcane,Vegetative,Urea,,
4.55,28,73,113,30.81,62.04,2910.72,Cotton,Vegetative,Urea,,
6.58,23,81,64,30.47,36.55,490.36,Maize,Sowing,Urea,,
6.92,59,64,13,29.82,40.37,2916.58,Maize,Sowing,Urea,,
8.35,153,25,58,39.55,44.53,2370.25,Cotton,Harvest,DAP,,
6.86,92,18,83,16.84,84.32,603.85,Wheat,Harvest,DAP,,
6.38,45,13,107,10.9,51.94,2481.1,Wheat,Vegetative,Urea,,
6.79,122,48,53,30.34,84.95,2283.26,Sugarcane,Harvest,Urea,,
8.21,60,53,38,15.17,75.04,1806.98,Cotton,Vegetative,MOP,,
7.81,61,50,35,30.38,74.96,2368.21,Maize,Flowering,MOP,,
5.79,147,22,92,19.59,78.21,595.49,Rice,Flowering,DAP,,
5.45,80,85,94,11.3,35.76,2220.54,Wheat,Vegetative,Compost,,
5.55,81,82,92,33.09,78.88,1994.6,Rice,Harvest,MOP,,
6.52,40,21,70,11.55,45.16,997.11,Maize,Flowering,Urea,,
7.48,62,33,49,16.72,89.04,2133.04,Cotton,Sowing,DAP,,
6.51,126,57,111,20.09,80.89,2100.78,Wheat,Vegetative,NPK,,
4.77,77,86,28,13.98,89.8,869.31,Sugarcane,Flowering,MOP,,
7.39,64,41,91,37.41,86.23,613.52,Rice,Sowing,Compost,,
7.72,99,47,23,28.66,51.58,1214.35,Potato,Vegetative,MOP,,
5.66,156,87,44,36.26,86.5,1317.65,Tomato,Vegetative,NPK,,
7.16,149,75,91,30.46,49.81,2507.63,Potato,Vegetative,NPK,,
6.21,146,63,101,39.76,69.56,1421.02,Potato,Flowering,MOP,,
8.06,65,30,28,25.75,79.12,2262.47,Wheat,Flowering,DAP,,
7.88,25,40,98,11.61,52.92,1495.56,Maize,Harvest,Urea,,
6.6,67,73,88,14.83,42.23,387.96,Wheat,Vegetative,NPK,,
7.27,146,61,12,27.65,83.69,2027.68,Tomato,Harvest,MOP,,
8.03,131,44,96,20.43,36.2,2707.08,Wheat,Harvest,Zinc Sulphate,,
6.48,155,25,59,13.39,51.9,1651.29,Cotton,Harvest,DAP,,
5.75,51,49,118,17.14,62.43,2165.76,Cotton,Vegetative,Urea,,
7.51,120,47,21,24.24,78.28,2380.75,Sugarcane,Flowering,MOP,,
5.38,96,66,105,25.55,82.13,1508.68,Tomato,Flowering,Compost,,
6.05,87,12,63,38.04,60.7,899.44,Cotton,Flowering,DAP,,
7.96,47,46,101,12.72,64.4,2608.2,Potato,Vegetative,Urea,,
7.4,76,11,107,20.73,81.23,2520.33,Tomato,Flowering,DAP,,
6.12,74,12,74,25.18,58.02,2606.57,Maize,Harvest,DAP,,
5.36,102,56,19,13.4,63.55,2512.19,Sugarcane,Harvest,MOP,,
5.92,125,36,36,30.63,31.11,572.71,Rice,Vegetative,DAP,,
5.64,105,72,85,25.45,87.07,1361.2,Tomato,Vegetative,NPK,,
5.2,95,47,118,23.79,64.01,736.3,Sugarcane,Vegetative,Compost,,
7.47,123,53,109,29.68,73.65,634.54,Cotton,Sowing,DAP,,
5.51,152,17,106,18.63,44.87,2388.2,Sugarcane,Vegetative,DAP,,
6.32,120,32,77,20.18,69.4,1547.75,Tomato,Vegetative,DAP,,
6.04,51,15,30,14.88,57.6,453.96,Sugarcane,Vegetative,Urea,,
8.43,117,34,29,25.71,36.75,1337.05,Tomato,Harvest,DAP,,
6.06,31,68,26,21.17,79.81,2981.24,Wheat,Flowering,Urea,,
4.82,126,66,55,17.81,80.36,794.69,Tomato,Flowering,Compost,,
4.86,85,67,43,13.74,33.82,1312.06,Potato,Sowing,Compost,,
6.86,71,25,87,10.7,53.44,1864.63,Wheat,Vegetative,DAP,,
6.9,51,35,19,15.8,46.89,758.85,Wheat,Harvest,Urea,,
6.18,153,88,29,17.42,60.98,2909.73,Sugarcane,Flowering,MOP,,
6.23,41,56,73,24.56,59.33,1977.73,Cotton,Sowing,Urea,,
4.72,42,49,71,17.23,69.39,842.34,Maize,Sowing,Urea,,
6.57,28,28,108,34.53,44.85,1450.49,Maize,Vegetative,Urea,,
6.52,125,87,88,24.22,43.3,1210.52,Rice,Vegetative,NPK,,
5.1,78,53,48,28.71,73.4,542.47,Maize,Flowering,Compost,,
4.92,136,35,100,16.24,88.57,996.89,Cotton,Vegetative,DAP,,
4.99,120,61,71,22.48,86.78,1750.41,Maize,Flowering,Compost,,
4.9,49,46,88,28.08,77.52,446.71,Tomato,Vegetative,Urea,,
6.94,103,86,92,19.33,34.05,335.24,Sugarcane,Flowering,MOP,,
5.29,63,56,99,20.09,44.27,1715.73,Tomato,Sowing,Compost,,
5.51,35,81,21,34.22,71.38,1415.39,Sugarcane,Sowing,Urea,,
5.19,140,23,33,35.12,47.75,727.11,Wheat,Sowing,DAP,,
8.33,93,35,62,25.99,53.62,2195.7,Rice,Harvest,DAP,,
7.92,103,56,109,36.89,87.22,446.05,Maize,Sowing,Zinc Sulphate,,
5.42,149,22,42,32.1,35.18,957.11,Sugarcane,Vegetative,DAP,,
5.81,86,20,78,11.66,81.67,483.62,Potato,Sowing,DAP,,
5.34,61,11,82,26.78,33.02,2237.3,Tomato,Sowing,DAP,,
6.47,155,39,113,30.93,50.28,1971.62,Maize,Flowering,DAP,,
4.58,92,33,87,26.23,63.32,727.67,Wheat,Flowering,DAP,,
7.19,111,32,55,34.96,51.38,1760.63,Rice,Vegetative,DAP,,
6.59,134,79,109,19.03,87.43,2150.12,Wheat,Vegetative,NPK,,
8.09,116,84,98,11.96,60.26,295.67,Maize,Harvest,Zinc Sulphate,,
5.16,53,16,16,29.01,74.03,2057.02,Potato,Flowering,Urea,,
7.72,151,56,107,31.92,72.12,1072.26,Maize,Flowering,MOP,,
7.67,136,19,52,32.96,80.11,578.69,Tomato,Vegetative,DAP,,
5.01,81,82,16,10.33,81.83,2499.23,Wheat,Flowering,MOP,,
6.09,115,39,104,30.2,57.98,1897.17,Potato,Sowing,DAP,,
5.18,95,57,70,10.62,81.78,1730.29,Cotton,Vegetative,Compost,,
5.52,21,34,41,33.24,69.21,2542.1,Wheat,Flowering,Urea,,
5.55,146,33,94,31.09,71.16,942.31,Sugarcane,Vegetative,DAP,,
6.72,131,21,68,27.02,40.39,239.56,Tomato,Flowering,DAP,,
6.15,136,80,88,25.19,44.71,2856.44,Cotton,Vegetative,NPK,,
8.29,45,43,39,31.45,71.26,935.75,Cotton,Harvest,Urea,,
5.01,104,12,13,11.72,45.94,1973.37,Maize,Sowing,DAP,,
8.39,127,15,43,34.97,59.4,2935.69,Tomato,Sowing,DAP,,
5.42,74,68,18,16.04,59.4,854.14,Potato,Flowering,MOP,,
7.59,119,36,69,24.33,44.04,2979.62,Tomato,Sowing,DAP,,
5.86,37,81,85,24.6,63.99,1708.24,Wheat,Sowing,Urea,,
5.07,43,45,103,33.31,63.83,2885.11,Wheat,Flowering,Urea,,
7.93,49,70,33,15.79,37.74,440.91,Sugarcane,Sowing,Urea,,
5.74,36,80,64,18.99,52.87,1686.87,Maize,Flowering,Urea,,
7.14,61,74,38,29.89,51.95,2844.22,Sugarcane,Flowering,MOP,,
6.77,100,14,63,22.38,63.73,635.48,Cotton,Sowing,DAP,,
6.39,127,51,60,18.97,74.96,970.58,Potato,Harvest,Compost,,
6.48,159,23,31,28.64,31.09,794.93,Maize,Vegetative,DAP,,
7.43,46,74,108,12.6,37.95,2903.25,Tomato,Harvest,Urea,,
4.85,23,21,29,33.69,48.12,937.89,Maize,Harvest,Urea,,
7.17,95,11,46,25.74,78.62,538.68,Maize,Harvest,DAP,,
8.08,91,23,114,16.18,58.83,2431.06,Wheat,Vegetative,DAP,,
4.73,95,76,60,22.26,60.65,1637.81,Tomato,Flowering,Compost,,
5.06,53,86,82,13.93,54.55,1851.71,Maize,Flowering,Urea,,
7.37,55,76,95,28.5,54.91,1899.08,Tomato,Flowering,Urea,,
6.25,23,23,59,30.08,88.65,1916.42,Sugarcane,Harvest,Urea,,
6.11,30,43,89,22.16,83.92,1471.95,Tomato,Harvest,Urea,,
5.05,78,54,75,20.19,73.55,2931.58,Sugarcane,Vegetative,Compost,,
6.53,22,18,71,35.49,49.44,687.5,Sugarcane,Harvest,Urea,,
5.01,31,19,53,27.28,60.82,2882.01,Cotton,Sowing,Urea,,
6.41,132,17,32,30.01,71.36,1018.73,Cotton,Harvest,DAP,,
7.55,92,38,102,13.83,53.67,731.77,Tomato,Flowering,DAP,,
5.53,25,70,20,31.4,61.47,1952.05,Cotton,Sowing,Urea,,
6.42,108,63,63,23.34,38.74,2697.18,Potato,Vegetative,NPK,,
8.47,133,48,64,21,35.61,1216.18,Wheat,Sowing,Zinc Sulphate,,
7.25,128,42,70,37.88,40.04,411.19,Tomato,Harvest,MOP,,
7.87,98,32,108,11.62,75.34,1702.3,Potato,Flowering,DAP,,
6.16,84,81,61,15.87,41.4,2958.47,Tomato,Flowering,Compost,,
7.57,74,49,31,21.25,85.48,1290.77,Maize,Flowering,MOP,,
4.66,101,32,12,19.72,52.11,255.86,Tomato,Flowering,DAP,,
4.99,71,68,85,25.32,40.14,1602.45,Wheat,Sowing,Compost,,
5.31,139,59,74,22.03,79.51,1274.48,Cotton,Flowering,Compost,,
6.11,63,73,67,33.65,57.4,386.72,Wheat,Harvest,DAP,,
7.88,114,65,52,33.04,53.31,2649.52,Tomato,Vegetative,Zinc Sulphate,,
5.89,81,52,99,33.17,49.77,1932.54,Tomato,Vegetative,NPK,,
7.12,103,67,107,21.08,49.83,631.79,Potato,Harvest,MOP,,
7.34,116,21,70,22.22,69.81,2792.66,Maize,Sowing,DAP,,
6.84,93,45,102,31.61,62.44,1813.48,Sugarcane,Flowering,NPK,,
5.93,141,82,62,13.73,58.06,2129.75,Sugarcane,Sowing,Compost,,
6.81,142,15,119,35.56,56.82,1833.56,Cotton,Harvest,DAP,,
5.87,50,41,42,26.24,38.52,2939.39,Wheat,Flowering,Urea,,
4.84,118,74,105,35.46,79.67,2693.78,Sugarcane,Vegetative,Compost,,
8.47,69,69,34,33.81,85.61,246.25,Wheat,Harvest,MOP,,
5.01,78,63,59,21.23,78.13,240.86,Sugarcane,Sowing,Compost,,
4.79,28,33,56,13.05,57.08,1566.91,Wheat,Vegetative,Urea,,
8.01,76,38,67,37.62,88.33,1079.37,Sugarcane,Sowing,DAP,,
5.71,46,17,109,20.34,67.12,1708.85,Wheat,Vegetative,Urea,,
7.1,77,22,75,21.21,76.44,1147.39,Rice,Vegetative,DAP,,
5.82,100,72,88,37.27,74.47,2658.97,Maize,Harvest,MOP,,
6.07,87,34,22,37.52,72.47,675.43,Wheat,Harvest,DAP,,
5.55,43,38,51,17.89,68.52,360.38,Tomato,Flowering,Urea,,
5.87,99,68,24,12.67,42.7,1160.17,Potato,Harvest,MOP,,
6.14,81,70,15,10.03,47.67,589.59,Wheat,Harvest,MOP,,
7.38,100,35,94,23.15,83.2,1856.25,Potato,Vegetative,DAP,,
6.55,120,77,51,27.06,40.8,1522.98,Tomato,Vegetative,NPK,,
8.27,136,31,99,18.11,39.12,2182.3,Potato,Harvest,DAP,,
4.67,22,16,44,17.79,47.05,403.82,Cotton,Harvest,Urea,,
6.51,70,66,118,20.7,51.75,2312.29,Wheat,Sowing,Zinc Sulphate,,
6.84,124,71,91,17.89,63.19,974.38,Wheat,Sowing,SSP,,
8.18,118,27,15,35.75,66.33,2080.01,Cotton,Flowering,DAP,,
4.7,86,19,87,29.29,77.44,1014.81,Rice,Sowing,DAP,,
6.79,99,40,27,34.87,34.4,2534.61,Tomato,Sowing,MOP,,
7.91,64,35,52,35.81,42.49,2535.45,Wheat,Sowing,DAP,,
5.47,153,64,29,23.05,60.31,1057.67,Tomato,Sowing,MOP,,
8.01,49,34,88,24.33,45.05,2746.75,Cotton,Sowing,Urea,,
4.58,118,61,62,39.33,82.41,1098.91,Maize,Flowering,Compost,,
7.43,115,27,118,34.51,68.41,2707.94,Sugarcane,Flowering,DAP,,
8.23,118,33,57,33.94,59.41,740.79,Maize,Sowing,DAP,,
7.13,40,24,36,27.51,30.03,1006.16,Rice,Vegetative,Urea,,
6.26,159,17,97,23.83,81.52,2675.73,Maize,Flowering,DAP,,
4.68,20,52,85,36.84,57.65,426.3,Sugarcane,Harvest,Urea,,
8.18,44,33,10,34.14,61.88,2165,Rice,Sowing,Urea,,
6.38,58,74,23,25.5,71.9,2109.58,Maize,Vegetative,Urea,,
4.62,46,35,41,18.11,86.25,2922.05,Maize,Vegetative,Urea,,
7.26,112,83,76,14.42,39.49,2922.38,Wheat,Flowering,Urea,,
6.43,69,35,19,26.58,34.27,1545.38,Rice,Vegetative,DAP,,
5,76,75,35,18.88,37.31,2043.53,Maize,Harvest,MOP,,
5.36,101,49,104,17.93,74.44,636.21,Potato,Vegetative,Compost,,
4.76,35,23,83,13.17,37.76,833.02,Tomato,Harvest,Urea,,
6.8,54,42,74,11.03,60.06,1763.63,Sugarcane,Sowing,Urea,,
6.99,65,66,59,33.5,72.39,865.26,Potato,Sowing,Compost,,
6.52,86,48,58,13.24,72.77,807.25,Maize,Sowing,NPK,,
7.77,35,10,41,36.66,54.38,263.96,Wheat,Harvest,Urea,,
7.94,98,46,92,16.41,71.92,405.36,Tomato,Sowing,Zinc Sulphate,,
6.96,93,27,74,32.79,87,2192,Tomato,Sowing,DAP,,
4.55,136,39,35,34.69,31.68,240.13,Sugarcane,Sowing,DAP,,
7.28,68,36,78,33.78,70.28,2708.19,Cotton,Vegetative,DAP,,
6.17,37,69,35,36.19,61.36,420.25,Wheat,Sowing,Urea,,
6.76,41,58,111,20.19,42.76,638.41,Tomato,Harvest,Urea,,
7.1,125,39,74,39.58,48.46,1152.96,Maize,Vegetative,DAP,,
5.9,138,54,103,18.39,80.23,2234.64,Potato,Sowing,Compost,,
8.17,35,30,21,38.03,65.21,2162,Wheat,Flowering,Urea,,
5.04,22,63,109,23.12,30.87,890.37,Wheat,Harvest,Urea,,
7.19,142,25,45,11.71,87.92,1115.58,Potato,Vegetative,DAP,,
4.52,54,27,33,33.55,69.97,2499.45,Sugarcane,Sowing,Urea,,
8.2,124,43,51,33.62,56.56,1590.98,Rice,Harvest,Zinc Sulphate,,
4.95,122,30,64,15.92,72.74,1482.97,Cotton,Vegetative,DAP,,
4.88,76,85,64,34.71,42.27,1973.73,Cotton,Vegetative,Compost,,
5.83,66,40,98,14.73,45.63,1479.17,Rice,Sowing,SSP,,
5.99,67,19,17,14.54,39.13,1415.2,Wheat,Sowing,DAP,,
5.36,106,13,85,34.27,53.82,2436.09,Cotton,Vegetative,DAP,,
6.84,139,24,70,18.71,84.28,2807.99,Sugarcane,Sowing,DAP,,
6.27,116,62,36,12.31,53.32,1737.94,Maize,Flowering,MOP,,
4.64,113,68,85,38.69,47.29,1010.15,Sugarcane,Vegetative,Compost,,
5.78,22,64,72,26.71,72.21,2859.18,Tomato,Flowering,Urea,,
7.74,80,71,41,23.44,82.18,2165.42,Tomato,Vegetative,NPK,,
7.26,21,51,69,25.12,44.65,2032.11,Sugarcane,Flowering,Urea,,
7.4,45,37,44,30.11,78.48,1898.67,Maize,Vegetative,Urea,,
7.29,37,16,25,35.85,48.29,2273.06,Maize,Vegetative,Urea,,
5.74,85,20,45,30.18,44.84,2371.71,Sugarcane,Sowing,DAP,,
4.9,59,38,65,32.19,58.38,2415.31,Cotton,Vegetative,Urea,,
5.59,150,43,39,15.4,34,2932.25,Cotton,Flowering,MOP,,
7.83,36,34,110,21.52,81.73,1351.36,Tomato,Vegetative,Urea,,
8.42,21,65,41,27.54,82.46,879.38,Sugarcane,Vegetative,Urea,,
6.48,89,49,88,28.58,70.64,1303.49,Potato,Sowing,Urea,,
4.54,68,72,30,18.12,48.17,2347.04,Potato,Harvest,MOP,,
5.06,76,59,65,39.25,40,1713.96,Tomato,Sowing,Compost,,
5.79,75,20,49,13.55,71.93,2621.14,Tomato,Flowering,DAP,,
6.81,95,69,102,13.37,36.19,861.2,Maize,Flowering,NPK,,
4.8,40,73,63,16.87,54.67,2263.68,Sugarcane,Sowing,Urea,,
8.27,35,13,39,32.62,35.33,898.19,Wheat,Flowering,Urea,,
5.96,25,40,98,11.1,55.59,2437.52,Wheat,Vegetative,Urea,,
8.15,53,83,29,39.64,38.07,1427.05,Wheat,Flowering,Urea,,
7.62,78,63,83,39.63,31.93,2970.36,Wheat,Flowering,SSP,,
7.52,86,89,104,14.79,56.98,2072.45,Maize,Flowering,Compost,,
6.93,60,65,10,22.04,64.06,2276.84,Wheat,Flowering,MOP,,
7.01,51,53,83,16.12,56.36,319.63,Wheat,Harvest,Urea,,
7.05,29,14,27,22.24,40.57,2168.59,Tomato,Flowering,Urea,,
7.01,138,76,109,25.99,34.65,1372.71,Maize,Sowing,NPK,,
6.71,112,89,66,34.68,37.58,1104.77,Rice,Flowering,SSP,,
8.45,96,77,68,11.07,73.63,2426.55,Cotton,Flowering,Zinc Sulphate,,
7.43,39,18,22,39.61,30.95,840.18,Cotton,Flowering,Urea,,
7.61,46,13,41,38.22,81.8,709.1,Tomato,Harvest,Urea,,
7.99,143,83,95,27.11,80.41,1194.89,Wheat,Vegetative,Zinc Sulphate,,
5.36,48,25,79,24.43,82.83,1962.18,Wheat,Sowing,Urea,,
4.84,135,79,42,26.52,82.72,920.49,Wheat,Harvest,Compost,,
6.43,64,24,74,10.55,70.05,1764.07,Rice,Flowering,DAP,,
6.56,49,61,12,32.13,80.85,1277.57,Sugarcane,Sowing,Urea,,
7.82,57,40,14,24.89,73.82,1310.8,Rice,Harvest,Urea,,
6.28,51,89,100,18.58,48.01,768.73,Maize,Harvest,Urea,,
6.78,69,53,21,23.85,75.31,1101.89,Cotton,Sowing,MOP,,
6.61,90,45,42,18.78,66.93,966.77,Wheat,Flowering,Compost,,
4.65,95,11,114,31,31.65,881.63,Cotton,Sowing,DAP,,
6.96,106,37,36,28.43,77.18,426.18,Rice,Sowing,DAP,,
7.81,24,49,22,21.64,82.25,1412.6,Wheat,Harvest,Urea,,
5.13,126,72,119,19.43,61.05,885.12,Cotton,Harvest,Compost,,
6.88,138,72,84,36.34,59.22,2890.85,Sugarcane,Sowing,Zinc Sulphate,,
6.87,50,26,84,30.47,55.64,1884.77,Tomato,Harvest,Urea,,
5.16,116,47,45,31.47,73.13,1493.65,Maize,Vegetative,Compost,,
4.99,20,45,114,28.56,42.93,1146.37,Wheat,Sowing,Urea,,
8.42,105,41,67,12.26,76.44,1490.14,Wheat,Flowering,Zinc Sulphate,,
6.07,84,63,73,11.78,47.54,1156.1,Sugarcane,Sowing,NPK,,
5.41,122,68,59,22.88,45.69,2599.2,Potato,Vegetative,Compost,,
5.19,43,34,60,37.91,78.55,916.34,Wheat,Sowing,Urea,,
7.17,66,86,13,25.74,40.46,983.9,Cotton,Vegetative,MOP,,
6.94,154,23,53,36.28,81.75,2186.94,Wheat,Flowering,DAP,,
7.07,26,53,27,12.9,88.67,2722.6,Potato,Vegetative,Urea,,
4.85,23,34,27,31.73,49.19,2104.32,Potato,Flowering,Urea,,
8.07,123,44,101,17.36,85.67,437.24,Wheat,Sowing,Zinc Sulphate,,
6.06,71,88,15,25.73,63.98,2717.15,Tomato,Sowing,MOP,,
5.75,101,88,68,18.79,45.56,2354.11,Sugarcane,Flowering,Urea,,
6.35,99,56,72,31.37,57.16,871.21,Tomato,Harvest,Compost,,
6.06,67,56,52,22.03,78,375.3,Potato,Vegetative,NPK,,
7.95,114,26,78,23.87,70,2208.94,Wheat,Harvest,DAP,,
8.22,85,32,84,17.36,59.69,856.82,Wheat,Harvest,DAP,,
5.71,129,26,78,18.44,45.44,1666.67,Wheat,Sowing,DAP,,
7.96,144,38,18,15.38,73.55,450.77,Sugarcane,Sowing,DAP,,
7.63,146,11,32,26.61,48.8,1790.85,Sugarcane,Vegetative,DAP,,
8.22,119,20,20,14.35,49.86,260.13,Potato,Harvest,DAP,,
5.48,59,25,70,18.05,74.81,1695.18,Cotton,Sowing,Urea,,
6.81,54,60,88,25.91,63.51,2534.35,Sugarcane,Flowering,Urea,,
5.6,43,30,98,18.24,41.15,1826.08,Tomato,Flowering,Urea,,
7.8,113,30,26,27.65,71.23,2677.02,Sugarcane,Flowering,DAP,,
4.52,128,15,59,10.42,45.48,1736.87,Potato,Sowing,DAP,,
6.76,122,55,62,39.2,75.63,2124.81,Wheat,Flowering,MOP,,
5.86,112,32,99,31.9,58.72,1225.55,Cotton,Vegetative,DAP,,
5.79,23,67,23,25.11,65.7,1031.04,Wheat,Flowering,Urea,,
7.08,124,66,48,37.63,66.06,1140.3,Cotton,Sowing,Zinc Sulphate,,
7.91,97,70,64,36.09,38.81,487.83,Maize,Vegetative,Zinc Sulphate,,
6.94,121,48,18,21,69.03,912.3,Wheat,Sowing,MOP,,
7.91,135,54,72,13.48,82.03,1283.7,Cotton,Vegetative,Zinc Sulphate,,
5.56,117,38,36,17.57,83.47,1156.34,Potato,Flowering,DAP,,
6.58,55,40,44,16.26,71.31,1587.65,Maize,Flowering,Urea,,
6.3,98,11,100,32.5,88.14,1567.15,Tomato,Vegetative,DAP,,
4.55,54,46,89,26.44,65.9,2259.13,Maize,Vegetative,Urea,,
6.73,48,53,69,35.5,45.29,1308.08,Tomato,Flowering,Urea,,
7.15,55,88,95,24.69,69.61,2096.23,Rice,Sowing,Urea,,
6.87,87,79,39,33.09,84.55,2693.75,Rice,Harvest,MOP,,
7.45,158,72,99,19.7,51.53,1476.16,Rice,Harvest,MOP,,
6.79,74,84,112,28.06,45.89,1749.6,Maize,Flowering,MOP,,
4.77,68,62,48,29.18,87.99,2096.1,Tomato,Harvest,Compost,,
4.97,76,85,61,32.78,75.99,1583.5,Cotton,Sowing,Compost,,
6.89,118,12,106,33.98,32.99,656.96,Tomato,Harvest,DAP,,
5.6,106,28,113,18.3,63.67,1022.01,Potato,Harvest,DAP,,
4.82,74,54,67,21.55,44.07,278.92,Potato,Flowering,Compost,,
6.22,75,70,74,16.21,47.21,2114.06,Cotton,Vegetative,NPK,,
6.72,93,64,85,32.44,35.26,982.81,Potato,Harvest,MOP,,
5.81,23,80,90,18.12,43.86,2506.11,Sugarcane,Sowing,Urea,,
7.38,128,85,98,21.73,60.31,2036.55,Wheat,Harvest,SSP,,
7.08,149,38,38,34.09,34.71,2261.17,Maize,Harvest,DAP,,
5.83,107,57,67,20.19,83.38,2670.9,Sugarcane,Flowering,Compost,,
7.52,155,81,51,18.75,76.52,1391.96,Maize,Flowering,SSP,,
7.09,83,72,37,29.54,52.88,728.11,Rice,Sowing,MOP,,
7.05,153,30,92,39.26,37.81,2819.43,Potato,Vegetative,DAP,,
6.71,103,66,114,11.88,89.64,2988.32,Maize,Harvest,MOP,,
4.55,33,22,19,35.04,63.8,810.31,Tomato,Vegetative,Urea,,
7.29,123,36,20,13.65,55.38,2274.77,Rice,Flowering,DAP,,
6,124,77,83,20.35,41.92,402.36,Rice,Harvest,Zinc Sulphate,,
8.27,145,73,69,22.5,42.19,276.92,Potato,Harvest,Zinc Sulphate,,
7.77,90,18,39,31.56,77.77,2090.36,Tomato,Vegetative,DAP,,
6.85,128,83,58,37.8,61.19,914.45,Cotton,Harvest,DAP,,
5.51,49,84,80,13.06,89.04,2629.98,Rice,Flowering,Urea,,
5.31,27,16,78,32.34,87.19,1636.6,Sugarcane,Harvest,Urea,,
5.86,67,20,69,19.67,42.41,2389.73,Wheat,Vegetative,DAP,,
6.41,47,37,37,37.06,89.96,489.71,Tomato,Harvest,Urea,,
5.68,153,81,29,18.35,89.2,2648.49,Cotton,Harvest,MOP,,
6.56,151,36,105,30.82,77.96,731.83,Cotton,Harvest,DAP,,
5.16,119,31,68,14.94,53.45,1791.03,Potato,Sowing,DAP,,
8.41,86,51,21,38.74,43.45,1907.13,Cotton,Flowering,MOP,,
4.93,157,41,14,10.13,36.19,384.66,Wheat,Vegetative,MOP,,
8.23,121,23,39,16.99,33.12,2937.18,Tomato,Flowering,DAP,,
8.15,46,35,42,30.28,79.25,1046.27,Tomato,Vegetative,Urea,,
6.6,94,64,19,35.61,86.73,2199.52,Potato,Sowing,MOP,,
7.4,119,84,48,39.81,76.35,1968.61,Maize,Harvest,SSP,,
6.24,54,80,100,15.2,75.54,292.63,Cotton,Harvest,Urea,,
7.02,32,64,85,19.21,54.91,2614.61,Rice,Sowing,Urea,,
5.86,139,54,75,36.76,68.47,1052.41,Maize,Sowing,SSP,,
5.7,74,39,103,10.97,70.27,897.36,Cotton,Flowering,DAP,,
6.81,62,75,69,32,45.44,363.94,Tomato,Harvest,Zinc Sulphate,,
6.49,92,35,50,22.69,74.32,900.93,Cotton,Flowering,DAP,,
6.82,87,10,78,30.66,38.77,1936.17,Sugarcane,Sowing,DAP,,
5.65,62,33,46,25.75,47.61,762.43,Sugarcane,Sowing,DAP,,
5.97,59,64,87,28.81,65.38,1506.2,Sugarcane,Harvest,Urea,,
4.84,133,74,99,30,62.37,2439.16,Potato,Harvest,Compost,,
4.71,22,34,17,28.94,72.27,2874.52,Cotton,Harvest,Urea,,
5.51,140,51,104,29.94,64.97,2161.38,Tomato,Flowering,Compost,,
4.8,99,53,66,27.05,32.97,748.05,Cotton,Harvest,Compost,,
4.92,58,78,76,31.42,88.66,1272.79,Sugarcane,Harvest,Urea,,
7.75,116,21,37,33.28,75.81,1751.34,Rice,Sowing,DAP,,
4.66,96,17,23,33.64,82.83,2639.94,Sugarcane,Flowering,DAP,,
7.14,95,72,20,35.61,78.24,1733.63,Cotton,Sowing,MOP,,
5.59,41,87,38,19.49,42.74,1575.62,Cotton,Harvest,Urea,,
7.99,27,29,113,32.37,85.96,927.18,Wheat,Vegetative,Urea,,
6.44,127,49,63,38.4,89.05,1598.89,Rice,Harvest,SSP,,
5.72,147,82,85,21.02,34.72,1092.4,Maize,Flowering,SSP,,
6.57,37,14,116,33.33,39.51,1780.49,Rice,Sowing,Urea,,
6.03,153,10,18,18.74,89.42,2464.4,Sugarcane,Flowering,DAP,,
6.76,23,20,45,15.27,47.61,2848.03,Potato,Harvest,Urea,,
4.96,136,13,28,23.39,79.19,2466.87,Sugarcane,Sowing,DAP,,
8.49,31,47,16,34.2,34.45,2519.24,Rice,Harvest,Urea,,
6.2,131,26,26,19.21,73.95,1202.38,Potato,Harvest,DAP,,
5.89,56,77,57,18.85,72.08,2147.41,Wheat,Harvest,Urea,,
7.34,21,41,60,18.33,86.26,1286.66,Wheat,Flowering,Urea,,
5.96,22,14,96,16.54,73.72,267.85,Maize,Sowing,Urea,,
7.83,104,31,85,28.33,32.48,2676.72,Sugarcane,Flowering,DAP,,
6.32,58,87,80,17.3,57.03,346.42,Cotton,Harvest,Urea,,
7.38,96,76,98,38.05,50.87,523.47,Maize,Sowing,MOP,,
4.93,131,20,87,20.38,64.24,251.49,Rice,Vegetative,DAP,,
7.88,37,34,67,26.27,55.7,388.32,Wheat,Flowering,Urea,,
7.44,32,51,104,22.28,46.85,365.24,Maize,Sowing,Urea,,
5.35,33,44,98,38.88,69.66,2096.46,Potato,Sowing,Urea,,
5.08,60,88,84,22.72,48.67,2589.8,Cotton,Sowing,Compost,,
5.77,59,68,84,26.91,81.04,2430.73,Wheat,Harvest,Urea,,
8.4,108,57,16,32.9,49.38,1953.6,Potato,Vegetative,MOP,,
5.53,120,12,116,15.14,60.92,2400.79,Cotton,Harvest,DAP,,
6.32,67,33,71,10.98,79.56,1478.38,Cotton,Harvest,DAP,,
4.62,29,78,76,23.65,79.37,2737.94,Wheat,Harvest,Urea,,
6.09,140,42,24,26.52,65.17,1487.74,Cotton,Vegetative,MOP,,
6.79,73,79,76,18.61,52.8,278.99,Maize,Vegetative,NPK,,
8.31,68,56,62,23.88,63.48,2166.93,Wheat,Harvest,Zinc Sulphate,,
6.57,103,62,50,28.45,80.98,2526.06,Wheat,Vegetative,NPK,,
7.78,69,54,26,39.2,43.13,828.82,Wheat,Flowering,MOP,,
6.69,116,80,66,28.05,37.35,1089.97,Sugarcane,Sowing,SSP,,
4.66,87,66,53,23.47,64.92,2145.89,Sugarcane,Flowering,Compost,,
5.76,118,79,80,10.68,64.44,1806.69,Tomato,Harvest,Compost,,
6.8,103,49,84,19.32,47.59,2691.91,Wheat,Vegetative,NPK,,
8.3,153,12,73,20.75,56.07,1537.49,Potato,Sowing,DAP,,
7.94,153,58,119,24.31,35.31,2082.87,Maize,Vegetative,Zinc Sulphate,,
5.41,79,23,29,33.47,37.85,960.58,Cotton,Harvest,DAP,,
5.38,100,29,10,33.28,79.7,2802.41,Maize,Flowering,DAP,,
5.3,132,87,105,35.36,57.87,1235.43,Sugarcane,Sowing,Compost,,
8.19,36,75,111,18.7,35.99,1710.69,Cotton,Vegetative,Urea,,
7.91,150,34,94,20.39,87.71,1926.15,Sugarcane,Vegetative,DAP,,
7.6,129,13,40,14.51,42.6,911.97,Tomato,Vegetative,DAP,,
6.07,53,50,26,35.72,49.01,1086.88,Potato,Sowing,Urea,,
6.52,81,72,98,29.57,88.35,1606.79,Cotton,Flowering,SSP,,
6.36,106,57,50,12.33,40.85,958.42,Wheat,Harvest,Compost,,
5.51,142,64,106,19.11,88.12,564.43,Wheat,Flowering,Compost,,
6.52,142,11,85,14.58,73.33,2542.45,Wheat,Vegetative,DAP,,
4.62,146,32,37,39.08,55.62,1109.23,Cotton,Harvest,DAP,,
5.03,101,57,58,19.74,65.7,1364.76,Rice,Flowering,Compost,,
8.05,79,24,99,24.89,60.47,1732.07,Wheat,Harvest,DAP,,
7.51,64,60,109,19.54,78.28,2558.78,Maize,Flowering,DAP,,
6.19,94,33,64,24.23,33.77,592.9,Wheat,Vegetative,DAP,,
6.57,122,29,17,39.96,78.8,1952.67,Sugarcane,Vegetative,DAP,,
5.98,28,65,41,18.62,88.24,1183.02,Wheat,Flowering,Urea,,
7.46,54,47,60,18.48,55.77,2634.73,Wheat,Harvest,Urea,,
7.64,29,34,99,21.14,41.48,2051.33,Rice,Flowering,Urea,,
7.55,123,61,78,15.08,36.53,606.54,Rice,Harvest,MOP,,
7.39,146,60,116,32.17,50.81,1031.42,Sugarcane,Sowing,NPK,,
5.32,135,56,47,21.38,37.84,301.25,Potato,Vegetative,Compost,,
5.85,64,77,86,27.43,43.78,2357.57,Maize,Harvest,Compost,,
6.38,96,89,28,29.84,69.27,1355.81,Maize,Sowing,MOP,,
5.82,137,73,15,11.06,54.95,336.29,Cotton,Harvest,MOP,,
7.52,72,52,54,29.32,84.06,237.68,Rice,Harvest,Compost,,
5.82,103,80,79,25.98,57.83,2875.53,Tomato,Flowering,SSP,,
5.05,21,66,25,12.49,39.25,2586.54,Sugarcane,Sowing,Urea,,
6.1,151,48,63,13.73,38.32,1136.44,Tomato,Vegetative,NPK,,
8.42,38,38,102,23.22,71.59,1646.44,Wheat,Harvest,Urea,,
5.4,118,35,91,20.39,68.03,1812.54,Maize,Sowing,DAP,,
6.95,158,23,41,23.12,72.47,1642.81,Cotton,Flowering,DAP,,
6.23,102,73,38,29.07,50.33,1062.4,Cotton,Vegetative,MOP,,
4.78,88,56,116,14.63,84.9,1293.6,Tomato,Harvest,Compost,,
6.45,159,29,61,29.87,36.83,707.27,Wheat,Flowering,DAP,,
7.31,143,16,90,34.54,31.97,293,Cotton,Flowering,DAP,,
6.55,103,83,115,10.09,74.53,633.22,Tomato,Sowing,DAP,,
7.99,137,76,78,21.05,70.62,236.56,Rice,Vegetative,Zinc Sulphate,,
5.66,136,62,105,18.26,59.61,1412.59,Sugarcane,Harvest,Compost,,
4.84,37,74,38,22.96,32.62,2050.5,Tomato,Harvest,Urea,,
8.25,20,39,102,28.46,36.85,706.62,Rice,Flowering,Urea,,
6.01,126,75,115,15.63,41.72,1694.96,Sugarcane,Harvest,SSP,,
6.81,23,24,12,14.02,68.32,1109.91,Potato,Harvest,Urea,,
7.67,31,84,60,31.87,69.78,535.98,Wheat,Harvest,Urea,,
5.8,120,79,77,30.57,70.61,557.25,Rice,Vegetative,NPK,,
7.36,98,79,53,23.83,78.18,1930.72,Tomato,Sowing,MOP,,
5.04,71,66,34,25.04,31.49,529.58,Wheat,Sowing,MOP,,
5.67,118,34,31,18.1,68.6,1749.13,Maize,Vegetative,DAP,,
5.08,109,32,51,19.88,45.09,733.74,Cotton,Flowering,DAP,,
7.74,34,21,84,19.6,64.26,2625.17,Potato,Sowing,Urea,,
5.39,155,57,17,31.79,74.27,339.94,Sugarcane,Sowing,MOP,,
7.37,49,19,100,26.67,73.2,1283.84,Cotton,Harvest,Urea,,
8.27,146,26,53,31.88,47.27,2332.23,Wheat,Sowing,DAP,,
6.61,145,61,119,27.72,51.32,2297.63,Tomato,Vegetative,NPK,,
6.66,114,11,62,26.37,85.04,605.38,Cotton,Harvest,DAP,,
6.34,27,69,95,19.62,80.93,750.83,Sugarcane,Vegetative,Urea,,
5.8,112,66,76,21.86,45.42,1729.72,Wheat,Sowing,NPK,,
6.4,35,82,36,36.62,65.22,2115.91,Sugarcane,Flowering,Urea,,
6.91,132,56,20,27.28,36.44,2306.39,Maize,Harvest,MOP,,
8.44,64,80,36,25.73,69.23,1937.54,Tomato,Vegetative,MOP,,
8.25,157,22,16,11.59,67.28,2392.73,Tomato,Flowering,DAP,,
7.95,69,83,100,30.13,45.84,1431.66,Sugarcane,Vegetative,Zinc Sulphate,,
8.06,79,31,84,30.58,55.31,1769.7,Cotton,Vegetative,DAP,,
6.37,87,37,66,30.72,76.94,1413.05,Rice,Vegetative,DAP,,
7.13,146,64,98,12.74,45.33,2330.65,Wheat,Flowering,SSP,,
8.08,99,59,48,19.01,76.1,689.47,Maize,Flowering,Zinc Sulphate,,
6.07,108,87,60,21.14,48.98,906.74,Rice,Harvest,Urea,,
8.35,105,28,89,34.79,80.37,2543.13,Rice,Sowing,DAP,,
6.16,47,10,30,39.42,31.83,2200.3,Rice,Vegetative,Urea,,
6.9,82,77,99,22.44,45.49,2258.48,Wheat,Harvest,DAP,,
7.34,137,65,100,26.63,40.66,477.55,Wheat,Harvest,MOP,,
8.3,146,23,66,10.22,83.43,1556.34,Tomato,Vegetative,DAP,,
5.48,92,73,60,10.26,55.71,1780.15,Tomato,Harvest,Compost,,
7.48,85,78,118,12.24,62.74,2383.78,Rice,Vegetative,NPK,,
6.58,47,31,26,31.58,44.52,1382.25,Tomato,Vegetative,Urea,,
5.57,79,53,40,15.34,37.7,1713.99,Sugarcane,Vegetative,NPK,,
7.61,147,58,23,32.74,65.89,867.33,Sugarcane,Flowering,MOP,,
6.71,44,45,96,22.96,47,2529.94,Rice,Harvest,Urea,,
7.14,44,78,11,35.5,85.73,2758.89,Tomato,Sowing,Urea,,
5.79,77,43,99,36.11,58.58,1499.65,Sugarcane,Flowering,SSP,,
6.43,57,46,35,36.39,38.29,1424.3,Rice,Flowering,Urea,,
6.97,65,60,31,26.31,31.43,1119.14,Wheat,Harvest,MOP,,
6.12,132,46,115,33.66,43.94,947.11,Potato,Harvest,DAP,,
5.29,119,34,37,29.86,49.2,1749.46,Sugarcane,Flowering,DAP,,
8.35,151,14,15,15.6,42.42,672.55,Tomato,Vegetative,DAP,,
6.55,43,17,112,21.45,51.94,1850.09,Maize,Vegetative,Urea,,
7.44,74,62,28,38.87,82.74,1771.69,Wheat,Flowering,MOP,,
6.14,91,36,65,33.18,32.88,2143.38,Potato,Sowing,DAP,,
5.92,146,70,30,17.89,78.07,832.08,Rice,Flowering,MOP,,
6.13,84,74,51,18.43,55.55,2165.49,Maize,Flowering,NPK,,
6.14,87,80,29,17.63,84.39,247.39,Potato,Flowering,MOP,,
6.68,159,54,104,19.86,70.02,1696.4,Maize,Harvest,Zinc Sulphate,,
6.67,89,12,100,37.85,39.9,2563.4,Wheat,Flowering,DAP,,
6.49,73,70,88,23.01,87.57,2237.85,Maize,Flowering,MOP,,
5.04,22,59,53,20.93,39.28,2582.33,Potato,Flowering,Urea,,
6.48,52,57,40,17.18,50.18,615.37,Sugarcane,Flowering,Urea,,
5.18,26,82,18,36.77,88.73,2212.9,Maize,Harvest,Urea,,
5,124,56,59,38.72,42.71,1513.41,Maize,Vegetative,Compost,,
8.23,20,23,90,19.71,67.87,1104.87,Cotton,Flowering,Urea,,
6.92,100,28,92,28.5,88.65,1196.14,Maize,Sowing,DAP,,
7.14,58,71,41,38.75,71.34,485.44,Maize,Vegetative,Urea,,
6.11,143,15,83,24.98,69.77,2151.47,Sugarcane,Vegetative,DAP,,
8.14,30,16,49,24.06,67.29,1969.31,Maize,Vegetative,Urea,,
7.05,120,22,61,25.83,63.33,627.34,Maize,Harvest,DAP,,
7.58,64,55,78,11,86.95,1723.82,Potato,Harvest,SSP,,
5.97,150,42,86,19,62.63,563.08,Wheat,Sowing,Compost,,
8.34,79,50,36,30.97,69.8,1077.37,Cotton,Sowing,MOP,,
7.78,111,82,11,39,74.33,323.54,Maize,Vegetative,MOP,,
7.92,77,88,10,27.06,61.66,1939,Rice,Vegetative,MOP,,
5.19,130,78,17,15.71,83.26,234.82,Cotton,Vegetative,MOP,,
5.58,53,38,19,22.8,31.37,930.06,Sugarcane,Flowering,Urea,,
5.64,80,16,101,24.7,53.72,946.75,Maize,Flowering,DAP,,
5.58,140,63,78,14.57,67,2295.4,Potato,Flowering,DAP,,
7.92,129,20,75,19.88,31.14,1461.76,Wheat,Flowering,DAP,,
4.63,144,51,50,23.35,86.21,1805,Wheat,Vegetative,Compost,,
4.8,34,14,57,17.86,79.58,897.46,Sugarcane,Sowing,Urea,,
5.6,23,56,90,20.62,43.14,1733.36,Tomato,Sowing,Urea,,
5.3,42,11,57,18.29,49.91,617.77,Sugarcane,Harvest,Urea,,
5.43,99,52,42,28.38,70.63,2978.61,Rice,Harvest,Compost,,
7.69,35,13,98,27.36,50.46,1647.53,Potato,Sowing,Urea,,
6.75,107,72,78,26.55,81.41,2662.26,Sugarcane,Sowing,MOP,,
4.52,72,68,101,12.9,44.91,495.94,Sugarcane,Harvest,Compost,,
6.22,29,39,60,15.51,79.1,1853.18,Cotton,Harvest,Urea,,
6.13,72,11,73,13.32,57.88,2078.94,Maize,Harvest,DAP,,
4.96,35,83,91,11.9,57.2,2409.07,Potato,Harvest,Urea,,
7.2,147,52,32,17.4,40.11,1560.57,Rice,Vegetative,MOP,,
7.31,134,27,61,15.84,89,301.03,Tomato,Harvest,DAP,,
7.38,76,33,108,31.75,50.69,931.33,Rice,Flowering,DAP,,
7.41,42,46,91,30.88,42.28,985.71,Tomato,Harvest,Urea,,
4.5,59,39,84,16.04,31.95,1091.62,Potato,Harvest,Urea,,
8.32,99,78,52,14.97,59.61,458.17,Tomato,Harvest,Zinc Sulphate,,
7.76,37,68,116,14.35,31.94,201.77,Rice,Flowering,Urea,,
8.12,123,32,83,19.6,57.32,1655.13,Maize,Flowering,DAP,,
4.56,20,39,19,18.83,84.16,2262.99,Sugarcane,Vegetative,Urea,,
8.24,100,77,109,10.86,59.88,844.29,Sugarcane,Vegetative,Zinc Sulphate,,
7.74,111,50,82,27.04,32.6,2142.65,Cotton,Vegetative,NPK,,
7.85,136,60,115,36.94,45.86,2247.14,Tomato,Vegetative,Zinc Sulphate,,
4.87,84,76,86,26.17,32.92,1351.47,Cotton,Vegetative,Compost,,
7.46,37,24,96,11.91,82.92,1670.13,Rice,Flowering,Urea,,
8.34,109,65,10,27.99,44.41,1079.19,Potato,Flowering,MOP,,
7.21,33,74,25,24.55,33.9,1250.63,Maize,Vegetative,Urea,,
6.78,38,83,28,37.21,87.87,1849.5,Sugarcane,Sowing,Urea,,
8.28,101,64,85,20.9,59.23,1213.37,Maize,Sowing,Zinc Sulphate,,
6.27,128,85,14,32.56,54.34,1603.05,Potato,Sowing,MOP,,
6.9,26,74,64,11.15,85.62,2282.54,Tomato,Sowing,Urea,,
6.41,83,11,71,31.64,61.85,2900.89,Tomato,Harvest,DAP,,
8.23,21,20,14,11.25,46.89,2694.96,Sugarcane,Sowing,Urea,,
4.8,26,85,16,20.34,77.52,2760.6,Maize,Vegetative,Urea,,
6.5,47,51,117,38.44,46.31,2751.41,Maize,Sowing,Urea,,
7.25,111,12,87,31.1,56.57,876.29,Rice,Sowing,DAP,,
7.67,100,50,42,37.75,78.19,2849.95,Cotton,Flowering,SSP,,
6.83,49,58,15,24.88,85.89,822.62,Wheat,Sowing,Urea,,
8.14,104,46,91,28.19,66.35,2619.8,Maize,Harvest,Zinc Sulphate,,
8.27,55,16,15,25.53,60.29,1827.04,Potato,Flowering,Urea,,
4.76,135,47,60,24.37,34.57,2548.34,Wheat,Harvest,Compost,,
6.11,41,67,103,27.35,67.02,2950.23,Rice,Sowing,Urea,,
4.59,98,14,21,11.17,49.6,2651.97,Maize,Harvest,DAP,,
5.82,97,70,108,15.57,60.87,2486.21,Rice,Harvest,Urea,,
6.65,145,86,84,16.44,74.68,778.21,Wheat,Flowering,DAP,,
8.14,29,48,13,21.49,68.41,2607.74,Sugarcane,Vegetative,Urea,,
7.89,41,37,86,23.04,35.82,664.12,Maize,Vegetative,Urea,,
5.01,71,66,10,32.19,53.83,1635.61,Rice,Harvest,MOP,,
4.87,67,11,61,14.97,41.97,1606.57,Potato,Sowing,DAP,,
6.86,88,79,111,27.1,39.07,1652.48,Wheat,Vegetative,NPK,,
6.63,20,88,62,18.17,43.22,2224.81,Maize,Vegetative,Urea,,
5.57,116,37,102,25.47,85.24,1308.89,Tomato,Vegetative,DAP,,
8.1,90,46,23,28.8,72.75,1478.61,Wheat,Flowering,MOP,,
8.21,100,64,30,27.47,84.49,2045.26,Potato,Sowing,MOP,,
6.11,68,10,114,16.46,60.39,2110.64,Tomato,Flowering,DAP,,
8.06,114,12,40,31.28,30.07,1425.09,Sugarcane,Sowing,DAP,,
6.04,137,80,50,29.61,32.07,346,Maize,Sowing,Compost,,
7.45,117,23,66,37.96,38.68,925.44,Rice,Harvest,DAP,,
6.4,93,57,16,29.02,76.84,2843.24,Rice,Vegetative,MOP,,
4.99,56,46,70,31.61,42.1,2796.75,Tomato,Vegetative,Urea,,
8.21,93,12,24,34.33,36.1,2019.02,Tomato,Flowering,DAP,,
6.32,147,58,115,13.18,81.66,718.66,Tomato,Vegetative,NPK,,
7.44,29,65,18,30.89,43.71,467.98,Rice,Harvest,Urea,,
5.97,121,69,102,19.56,60.15,2858.67,Rice,Flowering,DAP,,
4.58,72,22,69,34.69,50.37,2644.87,Maize,Sowing,DAP,,
4.9,155,62,65,24.41,83.79,1314.2,Sugarcane,Flowering,Compost,,
6.48,94,59,97,27.42,72.29,1962.89,Sugarcane,Flowering,SSP,,
7.26,103,28,24,17.81,57.24,2759.63,Rice,Flowering,DAP,,
5.84,70,35,94,29.52,81.78,586.83,Tomato,Flowering,DAP,,
7.28,90,62,114,11.07,73.6,1981.54,Potato,Harvest,MOP,,
7.29,127,66,97,32.46,78.53,2774.56,Tomato,Harvest,MOP,,
7.32,25,47,16,14.9,88.65,2542.27,Rice,Vegetative,Urea,,
6.47,50,18,33,16.83,42.19,1003.96,Rice,Sowing,Urea,,
8.16,159,55,66,10.03,42.15,2865.73,Rice,Harvest,Zinc Sulphate,,
6.46,120,13,96,19.4,63.39,768.86,Maize,Vegetative,DAP,,
6.3,68,80,73,21.65,61.96,784.01,Sugarcane,Harvest,Compost,,
5.3,50,59,34,17.02,82.15,470.5,Cotton,Vegetative,Urea,,
5.73,28,79,81,16.91,39.35,530.73,Cotton,Flowering,Urea,,
4.67,135,14,43,36.79,55.5,2332.63,Sugarcane,Flowering,DAP,,
7.03,134,79,108,19.79,61.67,972.42,Potato,Vegetative,NPK,,
5.49,70,43,63,31.67,57.85,2633.56,Potato,Harvest,Compost,,
5.72,91,74,95,17.12,34.03,2601.29,Rice,Harvest,Urea,,
7.58,147,27,43,34.27,38.87,526.15,Cotton,Sowing,DAP,,
5.81,81,36,37,30.33,39.21,1690.58,Maize,Flowering,DAP,,
5.47,77,19,10,32.69,65.76,2270.49,Rice,Flowering,DAP,,
5.18,89,11,117,23.19,55.73,2111.4,Sugarcane,Flowering,DAP,,
7.6,27,70,46,36.39,40.69,490.28,Sugarcane,Harvest,Urea,,
5.02,82,31,39,21.22,74.2,1100.88,Wheat,Sowing,DAP,,
6.32,50,19,34,28.03,78.18,1913.53,Maize,Vegetative,Urea,,
6.53,107,68,69,29.2,42.61,1836.14,Maize,Sowing,MOP,,
7.25,134,21,11,38.57,73.37,2479.27,Wheat,Harvest,DAP,,
7.03,60,72,37,14.04,33.82,357.02,Potato,Flowering,MOP,,
7.74,20,24,57,14.07,81.36,1545,Wheat,Flowering,Urea,,
4.68,93,72,37,23.86,87.76,2577.06,Wheat,Vegetative,MOP,,
5.69,52,74,96,37.54,39.35,2982.24,Potato,Flowering,Urea,,
5.62,127,47,111,10.65,77.17,559.79,Tomato,Flowering,Urea,,
5.08,56,15,33,18.29,35.84,2008.54,Tomato,Flowering,Urea,,
5.66,143,15,108,18.51,87.68,203.73,Potato,Vegetative,DAP,,
5.74,76,47,81,19.15,57.12,1178.68,Potato,Vegetative,NPK,,
6.59,30,57,109,10.74,62.12,1445.3,Tomato,Vegetative,Urea,,
7.15,103,24,27,34.77,75.83,1168.42,Tomato,Harvest,DAP,,
6.02,66,81,29,10.27,44.93,1948.63,Maize,Vegetative,MOP,,
7.38,108,38,77,24.33,53.93,243.06,Wheat,Flowering,DAP,,
5.84,142,11,17,11.69,34.2,2743.12,Tomato,Vegetative,DAP,,
5.66,151,84,99,33.96,66.88,1091.87,Maize,Flowering,DAP,,
6.66,102,82,65,32.4,77.96,621.01,Potato,Sowing,DAP,,
4.59,96,25,70,31.65,81.11,1412.94,Wheat,Harvest,DAP,,
4.82,159,67,48,32.09,62.18,1639.16,Cotton,Harvest,Compost,,
6.17,147,43,93,38.21,75.95,345.65,Potato,Flowering,NPK,,
8.27,85,52,27,22.5,38.99,2437.42,Sugarcane,Sowing,MOP,,
7.39,74,33,106,35.85,74.6,2264.84,Maize,Flowering,DAP,,
4.85,86,34,68,15.53,30.27,1633.03,Rice,Flowering,DAP,,
7.89,23,50,27,23.54,41.69,720.7,Rice,Sowing,Urea,,
7.43,37,42,107,10.27,68.08,2794.43,Wheat,Sowing,Urea,,
6.94,31,52,92,18.52,49.23,2423.69,Tomato,Flowering,Urea,,
7.78,54,26,51,23.74,54.64,854.4,Tomato,Sowing,Urea,,
6.12,62,16,62,37.28,79.56,2260.76,Wheat,Sowing,DAP,,
5.39,97,68,42,19.51,64.27,483.82,Maize,Flowering,Compost,,
6.55,114,36,30,30.17,53.94,531.65,Cotton,Harvest,DAP,,
6.7,86,45,80,35.02,57.95,1444.85,Rice,Harvest,MOP,,
6.65,83,28,69,19.8,80.91,2164.83,Tomato,Flowering,DAP,,
6.76,112,24,23,15.08,59.14,2768.44,Maize,Sowing,DAP,,
8.29,122,79,42,27.74,82.52,2918.77,Potato,Vegetative,Zinc Sulphate,,
8.11,71,66,13,18.53,44.83,2137.34,Rice,Flowering,MOP,,
8,36,78,52,29.57,62.03,2392.96,Sugarcane,Vegetative,Urea,,
7.71,52,62,11,14.04,52.14,1629.25,Wheat,Harvest,Urea,,
8.27,91,78,49,14.55,65.48,356.56,Potato,Vegetative,Zinc Sulphate,,
4.89,100,11,59,30.28,64.53,550.82,Maize,Flowering,DAP,,
5.56,64,27,104,39.21,64.28,2918.2,Wheat,Vegetative,DAP,,
6.48,96,41,72,17.41,61.67,1300.4,Maize,Harvest,Zinc Sulphate,,
7.89,87,38,58,31.42,57.27,2361.24,Tomato,Vegetative,DAP,,
6.52,69,58,119,25.96,84.62,817.31,Wheat,Harvest,Compost,,
7.49,21,89,103,35.32,46.08,1692.15,Wheat,Harvest,Urea,,
5.06,140,84,73,21.67,56.04,627.53,Maize,Vegetative,Compost,,
5.51,53,69,59,39.15,42.67,2464.44,Sugarcane,Sowing,Urea,,
7.43,35,37,19,12.47,49.94,670.58,Rice,Sowing,Urea,,
5.16,143,36,94,39.54,44.94,2176.62,Maize,Sowing,DAP,,
5.91,83,17,32,35.39,70.18,622.55,Potato,Sowing,DAP,,
5.56,84,81,46,35.99,72.46,2492.26,Sugarcane,Harvest,Zinc Sulphate,,
5.9,32,32,81,35.27,46.6,1608.17,Cotton,Flowering,Urea,,
7.33,59,41,19,35.86,89.02,1354.8,Potato,Sowing,Urea,,
5.97,86,24,34,34.45,47.05,1142.99,Wheat,Harvest,DAP,,
6.72,33,77,42,36.99,79.7,2125.63,Wheat,Vegetative,Urea,,
4.9,139,49,26,23.82,47.56,446.55,Rice,Vegetative,MOP,,
7.72,139,66,33,38.18,54.79,2597.35,Rice,Harvest,MOP,,
5.98,77,56,58,21.55,69.88,2331.48,Potato,Harvest,Zinc Sulphate,,
7.09,111,19,115,31.86,63.46,1244.25,Tomato,Vegetative,DAP,,
7.4,65,65,39,31.31,60.37,2937.38,Wheat,Sowing,MOP,,
5.34,109,61,74,34.63,77.65,2529.77,Wheat,Flowering,Compost,,
8.04,145,72,90,32.15,72.46,958.3,Maize,Flowering,Zinc Sulphate,,
6.96,129,60,37,11.06,84.85,2685.66,Rice,Flowering,MOP,,
6.21,134,88,22,32.17,43.85,477.12,Maize,Vegetative,MOP,,
5.23,140,79,66,10.7,30.98,2130.8,Maize,Vegetative,Compost,,
8.27,52,18,69,26,89.99,567.76,Tomato,Harvest,Urea,,
7.52,65,50,19,35.17,47,2932.59,Wheat,Vegetative,MOP,,
5.33,101,49,74,34.89,32.58,339.16,Rice,Harvest,Compost,,
5.85,144,25,93,35.24,44.84,851.73,Sugarcane,Harvest,DAP,,
7.74,73,34,16,28.07,70.13,1684.36,Tomato,Sowing,DAP,,
7.28,85,19,69,15.51,65.29,1835.09,Rice,Sowing,DAP,,
7.56,151,39,72,25.24,42.4,1636.16,Maize,Sowing,DAP,,
6.26,73,18,105,25.49,41.17,2272.27,Maize,Flowering,DAP,,
7.37,133,49,94,19.74,56.66,204.35,Wheat,Flowering,MOP,,
6.05,23,66,35,22.72,30.81,1778.69,Cotton,Flowering,Urea,,
5.35,99,55,118,36.17,30.14,1921.87,Rice,Sowing,Compost,,
7.03,92,16,80,25.54,67.01,785.41,Tomato,Flowering,DAP,,
8.4,46,52,47,31.14,49.52,2045.58,Sugarcane,Flowering,Urea,,
5.74,44,57,63,24.87,31.43,2031.15,Rice,Flowering,Urea,,
6.34,112,85,54,28.52,57.59,1684.43,Rice,Harvest,Zinc Sulphate,,
7.2,99,66,113,12.78,86.13,926.01,Maize,Flowering,Compost,,
6.67,111,26,67,37.94,45.29,1366.38,Potato,Flowering,DAP,,
7.87,39,34,50,23.08,45.06,962.85,Tomato,Harvest,Urea,,
7.55,72,16,54,32.45,58.08,2355.23,Wheat,Sowing,DAP,,
4.73,102,64,100,30.01,38.91,1932.08,Sugarcane,Flowering,Compost,,
8.49,93,28,43,33.98,68.28,623.4,Sugarcane,Flowering,DAP,,
7.51,149,41,85,11.05,80.36,1789.31,Rice,Sowing,NPK,,
7.96,22,41,85,38.06,41.67,2729.12,Rice,Vegetative,Urea,,
7.1,122,35,67,34.89,69.52,2531.84,Potato,Flowering,DAP,,
7.93,85,81,88,35.01,83.28,2695.37,Tomato,Vegetative,Zinc Sulphate,,
4.95,128,31,93,24.01,84.18,2767.62,Potato,Sowing,DAP,,
5.89,34,64,19,33.89,63.17,726.98,Tomato,Harvest,Urea,,
8.01,154,66,119,27.26,39.14,2214.97,Sugarcane,Flowering,Zinc Sulphate,,
5.31,147,17,99,25.1,69.55,2004.22,Sugarcane,Vegetative,DAP,,
4.81,101,55,26,33.55,74.09,293.49,Tomato,Vegetative,MOP,,
7.65,90,14,83,28.83,75.26,2378.98,Cotton,Sowing,DAP,,
7.84,60,21,70,12.31,86.06,780.14,Cotton,Sowing,DAP,,
5.15,145,36,20,19.44,66.92,2767.62,Sugarcane,Vegetative,DAP,,
7.92,142,20,26,28.66,57.97,2538.78,Wheat,Flowering,DAP,,
7.25,52,45,84,37.11,60.15,2352.9,Cotton,Flowering,Urea,,
6.58,83,61,24,37.99,49.29,2151,Maize,Sowing,MOP,,
7.82,153,11,13,35.17,33.44,1516.23,Tomato,Flowering,DAP,,
6.18,82,83,98,17.63,73.05,2433.96,Maize,Harvest,Zinc Sulphate,,
5.28,145,80,109,24.2,31.19,2493.85,Potato,Sowing,Compost,,
5.64,27,21,62,23,33.85,475.75,Tomato,Sowing,Urea,,
6.52,112,64,56,23.16,50.05,1126.96,Maize,Sowing,Zinc Sulphate,,
6.63,47,89,104,11.49,85.86,1086.63,Rice,Flowering,Urea,,
7.72,72,40,55,15.21,58.99,548.93,Tomato,Sowing,DAP,,
7.67,139,41,38,14.6,42.91,2932.21,Cotton,Vegetative,MOP,,
6.83,143,73,40,28.52,83.82,1834.06,Potato,Sowing,DAP,,
7.62,74,68,82,22.35,64.3,1851.43,Potato,Vegetative,NPK,,
5.27,73,34,57,19.73,52.19,1270.88,Rice,Flowering,DAP,,
4.7,80,78,65,23.32,72.94,2352.32,Wheat,Harvest,Compost,,
7.99,116,77,74,19.73,56.47,1531.82,Sugarcane,Vegetative,Zinc Sulphate,,
4.8,73,53,12,32.72,73.8,2278.29,Sugarcane,Sowing,MOP,,
5.49,48,52,13,15.01,43.1,2658.44,Wheat,Sowing,Urea,,
7.28,100,24,28,11.68,39.01,2039.39,Tomato,Sowing,DAP,,
6.14,128,22,50,29.52,57.66,1944.75,Cotton,Harvest,DAP,,
8.01,46,78,31,16.92,49.18,2403.37,Potato,Flowering,Urea,,
5.69,134,79,81,29.3,66.31,1608.43,Wheat,Harvest,NPK,,
4.55,159,54,34,11.76,77.33,2472.6,Potato,Harvest,MOP,,
5.7,145,34,13,17.41,84.09,459,Sugarcane,Flowering,DAP,,
6.81,42,34,118,14.62,75.63,877.4,Sugarcane,Sowing,Urea,,
6,69,19,62,18.72,50.5,2788.87,Potato,Flowering,DAP,,
6.64,94,71,60,19.87,73.64,679.34,Wheat,Vegetative,NPK,,
8.01,107,21,87,24.86,61.79,1468.58,Rice,Vegetative,DAP,,
8.15,78,76,14,25.6,84.36,1546.02,Potato,Harvest,MOP,,
5.56,28,38,59,28.9,72.41,1369.05,Wheat,Flowering,Urea,,
6.35,52,52,59,19.95,39.01,2627.35,Rice,Harvest,Urea,,
6.7,89,46,68,25.96,34.69,2299.26,Cotton,Harvest,MOP,,
8.3,25,78,102,39.7,62.63,2468.58,Potato,Flowering,Urea,,
8.49,151,20,30,16.32,51.9,2975.63,Sugarcane,Sowing,DAP,,
5.44,22,49,88,14.58,40.09,2929.5,Maize,Sowing,Urea,,
7.41,45,72,32,35.28,77.86,2697.89,Maize,Harvest,Urea,,
6.01,53,31,90,22.31,52.53,1783.77,Sugarcane,Harvest,Urea,,
4.53,66,24,12,35.41,35.16,1043.65,Wheat,Vegetative,DAP,,
4.54,155,18,106,22.74,45.74,2226.37,Tomato,Sowing,DAP,,
6.34,95,79,59,10.65,70.61,2857.97,Potato,Flowering,SSP,,
6.45,155,73,63,21.25,68.88,2972.64,Potato,Harvest,Zinc Sulphate,,
4.59,51,15,100,28.3,45.75,1917.03,Potato,Harvest,Urea,,
7.25,40,52,25,23.43,50.47,2162.25,Sugarcane,Vegetative,Urea,,
5.68,110,29,15,23.78,32.99,980.44,Tomato,Sowing,DAP,,
6.74,108,52,50,39.95,87.2,764.41,Tomato,Flowering,SSP,,
5.7,90,71,63,26.32,49.63,1988.75,Wheat,Harvest,Urea,,
5.17,61,76,19,30.91,85.76,830.39,Wheat,Flowering,MOP,,
6.13,54,61,38,31.63,78.83,1306.97,Sugarcane,Sowing,Urea,,
5.43,149,83,68,10.01,50.11,1579.21,Tomato,Vegetative,Compost,,
6.64,125,35,90,26.57,71.65,2811.55,Maize,Harvest,DAP,,
5.3,95,40,112,38.89,58.42,2937.16,Sugarcane,Harvest,Compost,,
6.53,71,64,55,32.52,88.6,891.89,Potato,Flowering,MOP,,
5.13,36,77,87,20.21,68.31,569.55,Tomato,Vegetative,Urea,,
7.18,105,66,21,20.94,61.14,829.67,Wheat,Vegetative,MOP,,
7.52,28,33,111,19.11,68.28,1652.89,Cotton,Sowing,Urea,,
4.94,22,74,38,28.91,43.21,2392.16,Potato,Flowering,Urea,,
6.37,41,35,87,12.92,48.38,1661.57,Maize,Harvest,Urea,,
4.78,55,58,81,18.7,72.76,2812.78,Tomato,Sowing,Urea,,
6.89,37,47,58,24.95,35.02,1984.76,Tomato,Vegetative,Urea,,
5.56,100,45,113,26.06,48.16,1554.23,Tomato,Sowing,NPK,,
6.61,46,63,49,28.22,67.17,2356.82,Tomato,Flowering,Urea,,
6.57,137,18,90,33.92,89.74,2870.36,Wheat,Flowering,DAP,,
8.2,115,51,52,14.9,85.54,1132.84,Maize,Vegetative,Zinc Sulphate,,
6.7,36,33,112,16.75,79.93,970,Rice,Vegetative,Urea,,
6.83,80,49,96,36.17,60.05,797.39,Sugarcane,Vegetative,NPK,,
6.11,36,17,16,34.93,78.28,1699.81,Sugarcane,Vegetative,Urea,,
8.3,67,63,21,34.65,63.54,1511.06,Maize,Harvest,MOP,,
7.61,35,20,89,16.26,57.51,892.2,Rice,Flowering,Urea,,
5.64,46,86,22,11.75,43.41,2220.66,Potato,Vegetative,Urea,,
7.88,33,65,70,25.7,87.06,1033.14,Cotton,Harvest,Urea,,
6.23,111,38,56,36.1,65.89,2318.26,Cotton,Sowing,DAP,,
7.81,130,51,28,17.13,70.52,2548.89,Cotton,Harvest,MOP,,
7.79,135,15,12,37.13,38.46,2625.28,Maize,Vegetative,DAP,,
5.26,136,12,116,14.25,55.85,610.1,Wheat,Vegetative,DAP,,
7.3,69,83,81,18.94,87.88,1056.63,Sugarcane,Sowing,Compost,,
5.66,48,74,49,18.95,75.46,1667.65,Rice,Sowing,Urea,,
5.69,47,21,21,14.53,82.97,2567.64,Rice,Vegetative,Urea,,
5.69,65,45,40,36.18,53.75,1322.96,Tomato,Vegetative,NPK,,
7.4,79,65,44,22.38,33.99,2047.63,Cotton,Flowering,SSP,,
5.42,118,61,93,15.72,51.09,1472.75,Potato,Vegetative,Compost,,
4.5,71,41,101,14.42,52.56,282.92,Cotton,Flowering,Compost,,
7.36,87,65,75,22.63,48.07,1085.77,Tomato,Sowing,MOP,,
5.18,81,20,36,10.52,61.6,2318.82,Tomato,Sowing,DAP,,
4.92,123,10,12,13.63,41.53,2244.82,Potato,Sowing,DAP,,
5.45,158,15,57,10.11,86.26,2674.26,Tomato,Vegetative,DAP,,
6.02,139,88,30,10.73,84.45,1860.08,Rice,Vegetative,MOP,,
6.4,56,83,61,39.92,45.7,2346.03,Sugarcane,Flowering,Urea,,
4.68,143,33,16,23.47,69.09,1362.46,Rice,Vegetative,DAP,,
8.38,41,81,60,31.87,60.07,1179.16,Cotton,Vegetative,Urea,,
7.36,40,33,106,32.11,45,1151.55,Cotton,Flowering,Urea,,
5.79,55,86,54,36.41,83.83,645.32,Maize,Sowing,Urea,,
5.77,151,18,55,13.11,43.86,1425.8,Cotton,Sowing,DAP,,
6.29,153,68,42,25.77,67.48,2469.99,Maize,Harvest,DAP,,
7,104,79,45,19.65,50.12,234.01,Sugarcane,Flowering,MOP,,
5.09,57,32,26,26.45,79.57,1809.69,Cotton,Flowering,Urea,,
5.26,98,26,15,19.96,67.22,684.09,Tomato,Flowering,DAP,,
7.94,152,34,30,15.51,79.96,2283.7,Cotton,Flowering,DAP,,
5.53,43,47,47,30.18,50.86,592.6,Rice,Harvest,Urea,,
6.02,37,12,43,11.15,30.67,659.33,Cotton,Harvest,Urea,,
7.99,112,76,58,36.86,43.3,319.32,Sugarcane,Vegetative,Zinc Sulphate,,
7.15,90,23,70,14.39,78.86,1439.48,Tomato,Flowering,DAP,,
5.87,121,19,67,28.45,49.01,2013.14,Potato,Harvest,DAP,,
7.23,109,75,85,32.63,49.18,1008.61,Wheat,Vegetative,NPK,,
4.58,91,80,21,12.19,56.98,315.86,Rice,Sowing,MOP,,
7.44,108,23,27,37.1,46.48,2811.41,Sugarcane,Sowing,DAP,,
6.45,107,19,71,20.69,78.43,2609.45,Maize,Sowing,DAP,,
7.75,152,58,15,39.9,49.3,1495.88,Tomato,Vegetative,MOP,,
8.32,23,71,86,12.06,66.24,2505.18,Tomato,Vegetative,Urea,,
8.2,156,57,104,31.5,57.06,2443.26,Rice,Flowering,Zinc Sulphate,,
8.14,74,12,98,14.82,47.24,1772.54,Cotton,Harvest,DAP,,
6.55,52,56,57,22.08,45.92,1675.09,Rice,Sowing,Urea,,
5.94,134,69,97,23.3,60.11,2022.87,Maize,Vegetative,NPK,,
6.36,112,34,115,22.18,42.65,2221.97,Potato,Sowing,DAP,,
7.26,50,16,20,20.13,50.74,2498.26,Wheat,Sowing,Urea,,
8.04,127,86,42,33.02,32.36,1808.58,Potato,Sowing,Zinc Sulphate,,
5.33,102,48,30,34.6,77.42,2289.49,Cotton,Sowing,MOP,,
8.17,85,52,112,20.07,32.62,719.76,Sugarcane,Vegetative,Zinc Sulphate,,
7.76,133,55,33,24.48,82.34,2289.14,Tomato,Sowing,MOP,,
8.42,104,52,64,22.65,32.84,362.8,Wheat,Sowing,Zinc Sulphate,,
8.02,55,38,58,27.81,80.89,2043.69,Tomato,Flowering,Urea,,
5.62,103,75,117,14.51,68.65,2195.01,Potato,Flowering,Compost,,
4.92,127,78,93,34.17,60.36,2909.13,Maize,Harvest,Compost,,
4.95,39,36,18,33.91,38.7,1380.99,Wheat,Sowing,Urea,,
5.66,119,12,104,27.71,45.41,519.34,Sugarcane,Flowering,DAP,,
6.96,65,65,101,32.38,71.41,1136.98,Sugarcane,Sowing,Zinc Sulphate,,
7.72,136,73,47,39.66,60.73,1373.74,Rice,Vegetative,NPK,,
8.1,37,30,14,37.68,60.86,2355.96,Wheat,Sowing,Urea,,
7,116,33,110,28.34,37.99,721.47,Rice,Flowering,DAP,,
4.52,53,29,50,25.34,58.51,675.46,Cotton,Vegetative,Urea,,
5.25,98,61,43,26.04,65.42,815.41,Maize,Sowing,Compost,,
4.9,150,22,83,24,37.34,846.62,Cotton,Vegetative,DAP,,
5.95,91,79,105,24.41,88.46,2786.6,Sugarcane,Sowing,Zinc Sulphate,,
6.51,158,52,110,31.96,79.8,649.01,Sugarcane,Flowering,Zinc Sulphate,,
4.67,36,87,72,39.76,49.05,1356.39,Sugarcane,Vegetative,Urea,,
5.89,66,46,26,11.36,63.8,1329.22,Tomato,Sowing,MOP,,
5.22,49,39,62,16.91,63.54,557.21,Sugarcane,Harvest,Urea,,
7.09,155,24,45,16.31,36.4,505.12,Tomato,Flowering,DAP,,
6.36,59,84,45,34.99,56.29,2747.42,Wheat,Flowering,Urea,,
6.48,95,34,22,22.59,42.47,2541.84,Wheat,Vegetative,DAP,,
6.21,104,47,29,25.75,49.99,2813.04,Tomato,Sowing,MOP,,
8.32,47,52,60,24.07,86.63,1087.95,Sugarcane,Vegetative,Urea,,
5.36,78,39,111,35.61,63.08,1674.21,Potato,Flowering,DAP,,
6.57,99,49,92,24.99,34.01,916.17,Cotton,Harvest,Zinc Sulphate,,
7.44,93,68,95,30.04,70.34,1297.33,Maize,Vegetative,NPK,,
6.73,26,32,25,10.58,89.92,2423.64,Maize,Flowering,Urea,,
8.22,87,53,15,29.57,40.06,1533.56,Potato,Vegetative,MOP,,
6.01,43,10,84,17.23,70.98,506.87,Cotton,Flowering,Urea,,
6.35,117,87,19,36.01,79.46,208.93,Cotton,Flowering,MOP,,
4.85,60,50,40,32.55,80.64,861.2,Cotton,Flowering,Compost,,
6.94,73,71,27,13.28,72.45,712.98,Potato,Sowing,MOP,,
5.65,33,69,105,13.1,84.59,2423.44,Maize,Vegetative,Urea,,
5.14,68,89,50,18.79,31.93,2066.56,Maize,Flowering,Compost,,
6.68,82,19,115,13.77,33.85,2547.26,Sugarcane,Vegetative,DAP,,
6.63,64,82,56,32.21,38.07,1372.54,Sugarcane,Sowing,Urea,,
4.8,91,87,33,39.6,32.6,1834.18,Cotton,Harvest,MOP,,
7.29,125,75,119,29.66,37.2,1368.61,Wheat,Harvest,MOP,,
7,26,66,89,17.47,79.02,819.36,Potato,Vegetative,Urea,,
5.26,22,51,102,26.93,83.79,1966.63,Wheat,Vegetative,Urea,,
6.38,107,63,112,34.17,50.16,1288.06,Rice,Sowing,Compost,,
7.38,49,51,98,38.87,87.43,898.12,Tomato,Vegetative,Urea,,
6.62,24,75,113,10.15,55.11,2827.72,Maize,Sowing,Urea,,
6.08,123,79,98,25.71,40.32,501.88,Wheat,Vegetative,NPK,,
5.79,132,20,49,23.6,70.88,2375.03,Tomato,Sowing,DAP,,
6.94,26,76,54,22.43,55.22,1738.7,Rice,Sowing,Urea,,
8.26,149,20,92,25.12,31.17,2336.5,Maize,Harvest,DAP,,
7.19,159,13,83,22.11,87.98,451.64,Cotton,Harvest,DAP,,
4.8,47,88,10,20.32,65.87,1293.16,Cotton,Vegetative,Urea,,
6.34,127,88,36,13.44,66.8,2428.9,Sugarcane,Sowing,MOP,,
8.06,47,58,31,25,88.96,2482.22,Rice,Vegetative,Urea,,
4.88,118,31,37,34.63,80.01,2408.94,Rice,Flowering,DAP,,
8.46,95,46,57,13.14,51.76,2284.18,Rice,Harvest,Zinc Sulphate,,
8.3,111,19,44,32.15,32.51,1254.47,Rice,Vegetative,DAP,,
4.81,83,29,12,18.03,43.34,2205.34,Sugarcane,Flowering,DAP,,
8.23,110,82,47,21.44,51.09,506.42,Potato,Sowing,Zinc Sulphate,,
5.95,136,59,99,39.64,87.62,655.3,Sugarcane,Flowering,SSP,,
7.88,156,40,53,30.26,83.32,1711.78,Cotton,Harvest,Zinc Sulphate,,
6.17,69,53,14,31.57,31.29,1738.9,Tomato,Sowing,MOP,,
6.26,29,40,83,28.07,89.23,1520.99,Tomato,Vegetative,Urea,,
7.04,101,84,16,19.67,45.43,2258,Cotton,Harvest,MOP,,
7.6,29,50,103,30.25,76.52,1778.68,Wheat,Harvest,Urea,,
4.64,154,13,98,23.72,37,383.96,Potato,Harvest,DAP,,
6.87,123,23,51,34.96,43.22,2684.16,Rice,Vegetative,DAP,,
5.25,73,55,107,27.13,60.33,1958.49,Tomato,Vegetative,Compost,,
5.88,89,63,66,33.14,72.22,2707.24,Rice,Flowering,Urea,,
5.89,53,42,94,35.46,50.72,1402.63,Rice,Flowering,Urea,,
6.38,62,39,38,34.63,82.4,205.14,Sugarcane,Sowing,DAP,,
5.84,145,18,90,22.06,86.41,2335.52,Potato,Harvest,DAP,,
4.93,152,47,72,21.06,37.35,1784.84,Rice,Flowering,Compost,,
5.08,132,52,45,36.07,73.11,255.04,Rice,Sowing,Compost,,
4.63,133,16,49,14.29,37.91,1803.32,Cotton,Vegetative,DAP,,
6.38,73,49,30,18.38,50.45,2807.03,Wheat,Flowering,MOP,,
8.32,157,71,107,13.63,79.17,784.46,Tomato,Sowing,Zinc Sulphate,,
4.96,68,64,62,11.26,50.18,988.9,Tomato,Harvest,Compost,,
8.29,30,44,25,28.48,84.44,2018.64,Potato,Harvest,Urea,,
7.43,157,52,55,37.02,54.69,2498.56,Sugarcane,Flowering,SSP,,
7.05,40,20,117,13.88,48.59,1996.86,Sugarcane,Harvest,Urea,,
7.08,148,11,18,33.87,89.35,2080.77,Maize,Flowering,DAP,,
7.81,65,88,117,21.38,56.49,1114.75,Rice,Harvest,Zinc Sulphate,,
4.93,126,88,12,28.54,74.46,228.08,Rice,Harvest,MOP,,
6.52,93,14,32,32.91,65.97,2551.61,Rice,Vegetative,DAP,,
7.29,39,49,22,31.3,42.15,2986.68,Wheat,Sowing,Urea,,
6.85,40,89,47,14.1,60.02,2625.96,Rice,Harvest,Urea,,
7.83,76,55,43,13.46,34.65,1313.01,Sugarcane,Vegetative,Zinc Sulphate,,
4.79,76,30,103,37.73,72.52,1185.1,Potato,Sowing,DAP,,
7.26,88,18,112,12.38,61.14,2887.63,Cotton,Harvest,DAP,,
6.64,66,80,35,16.55,37.34,2967.5,Cotton,Vegetative,MOP,,
6.02,27,36,41,23.15,76.01,1914.26,Maize,Flowering,Urea,,
5.86,121,26,29,34.63,78.27,1640.51,Wheat,Harvest,DAP,,
6.98,24,75,55,28.08,74.03,1645.76,Wheat,Harvest,Urea,,
8.06,91,35,111,27.14,49.74,765.06,Potato,Sowing,DAP,,
6.48,142,81,64,30.76,73.39,2238.96,Rice,Harvest,MOP,,
7.8,144,54,18,34.06,64.66,678.99,Maize,Vegetative,MOP,,
6.11,113,64,112,16.98,62.63,786.93,Cotton,Sowing,Compost,,
4.91,159,49,60,10.57,68.92,2087.66,Rice,Sowing,Compost,,
4.75,87,25,66,13.82,67.81,2633.98,Wheat,Sowing,DAP,,
4.71,157,41,89,14.95,77.95,2064.59,Rice,Sowing,Compost,,
6.02,67,44,54,11.2,89.16,1529.8,Cotton,Harvest,DAP,,
5.85,24,73,47,32.43,73.58,2146.67,Maize,Sowing,Urea,,
7.37,63,73,77,36.55,56.51,1473.95,Tomato,Harvest,Zinc Sulphate,,
7.47,35,24,21,31.32,57.7,2031.78,Potato,Vegetative,Urea,,
4.7,142,51,99,15.66,31.76,2385.01,Potato,Harvest,Compost,,
5.38,42,59,19,28.19,39.59,241.13,Sugarcane,Vegetative,Urea,,
5.6,112,41,89,25.62,43.69,813.16,Rice,Vegetative,NPK,,
6.69,130,39,74,34.6,89.42,2168.68,Potato,Sowing,DAP,,
5.08,40,33,21,38.27,75.79,1323.9,Potato,Vegetative,Urea,,
5.04,149,75,61,32.29,38.49,1662.01,Wheat,Flowering,Compost,,
8.28,42,30,60,25.38,59.9,2118.01,Maize,Flowering,Urea,,
7.72,158,51,95,25.33,42.81,1674.26,Potato,Sowing,Zinc Sulphate,,
5.22,137,89,73,34.23,47.86,2543.42,Tomato,Vegetative,Compost,,
6.13,142,67,66,13.68,66.27,1261.65,Rice,Harvest,DAP,,
5.92,149,11,102,14.6,65.94,2136.97,Wheat,Harvest,DAP,,
7.66,101,25,28,20.31,82.31,1391.1,Wheat,Harvest,DAP,,
6.54,64,16,39,32.41,39.87,1682.06,Maize,Flowering,DAP,,
5.01,91,64,101,11.98,59.84,518.47,Wheat,Sowing,Compost,,
7.46,157,24,94,20.33,65.93,2528.14,Wheat,Vegetative,DAP,,
6.09,110,32,91,19.56,85.83,1095.84,Cotton,Vegetative,DAP,,
5.55,100,78,114,24.57,60.99,1043.38,Tomato,Vegetative,NPK,,
6,40,10,33,23.91,50.44,448.55,Sugarcane,Vegetative,Urea,,
6.49,20,78,35,31.43,47.53,1617.9,Tomato,Vegetative,Urea,,
5.87,153,22,45,28.77,42.97,1370.14,Maize,Flowering,DAP,,
5.47,95,35,116,37.08,87.74,477.03,Cotton,Harvest,DAP,,
6.09,131,61,65,15.42,66.18,2304.4,Sugarcane,Sowing,Urea,,
4.58,30,22,89,22.96,48.21,385.95,Potato,Vegetative,Urea,,
7.59,115,64,67,22,74.71,606.1,Rice,Flowering,DAP,,
5.18,39,38,41,13.38,47.36,1489.95,Cotton,Harvest,Urea,,
4.68,40,27,11,14.94,60.23,1201.72,Potato,Flowering,Urea,,
7.11,55,11,82,20.1,31.56,971.44,Potato,Vegetative,Urea,,
7.6,57,36,91,32.04,80.79,1779,Potato,Sowing,Urea,,
7.76,75,59,58,14.5,87.39,1668.01,Sugarcane,Vegetative,NPK,,
6.47,110,51,55,17.96,81.95,1410.76,Wheat,Vegetative,NPK,,
5.32,30,76,118,30.29,40.27,2373.31,Potato,Sowing,Urea,,
7.45,37,19,92,27.9,79.52,1594.86,Potato,Flowering,Urea,,
7.3,100,18,64,13.13,50.82,2940.63,Maize,Harvest,DAP,,
5.49,117,12,111,38.31,86.18,2445.07,Cotton,Harvest,DAP,,
8.11,64,47,21,14.44,47.94,498.06,Rice,Vegetative,MOP,,
4.92,145,84,86,11.84,35.36,967.12,Tomato,Vegetative,Compost,,
8.43,78,79,72,19.13,81.18,1700.46,Cotton,Vegetative,Zinc Sulphate,,
7.94,153,78,44,10.79,37,1512.89,Wheat,Harvest,Zinc Sulphate,,
7.25,62,39,83,10.92,62.49,331.55,Tomato,Vegetative,DAP,,
8.25,113,23,31,27.36,52.56,1678.82,Maize,Flowering,DAP,,
7.39,122,11,19,36.79,75.41,1895,Cotton,Harvest,DAP,,
5.26,36,17,59,22.08,74.93,1497.42,Cotton,Flowering,Urea,,
6.27,96,83,44,19.06,76.57,2625.17,Wheat,Sowing,Urea,,
4.79,136,27,118,37.44,33.8,1758.45,Potato,Flowering,DAP,,
6.06,65,80,25,11.84,81.5,2402.08,Tomato,Harvest,MOP,,
7.47,153,22,45,24.2,57.98,1843.11,Maize,Vegetative,DAP,,
6.05,151,55,70,17.58,43.15,2746.06,Wheat,Harvest,Compost,,
5.82,67,63,84,21.45,47.93,799.73,Tomato,Flowering,Compost,,
6.88,118,21,26,22.32,84.16,2528.7,Wheat,Sowing,DAP,,
7.99,46,49,98,26.35,30.36,1454.37,Sugarcane,Vegetative,Urea,,
4.69,25,47,10,23.6,78.1,2153.21,Sugarcane,Flowering,Urea,,
6.04,77,21,21,39.64,85.44,1785.1,Tomato,Sowing,DAP,,
5.13,20,76,12,10.77,45,504.79,Sugarcane,Harvest,Urea,,
7.28,47,34,82,32.73,79.32,1422.44,Sugarcane,Harvest,Urea,,
4.92,48,44,92,11.53,39.67,2086.86,Cotton,Flowering,Urea,,
7.16,115,25,28,22.93,30.97,2715.53,Cotton,Harvest,DAP,,
5.64,110,54,93,16.06,66.27,811.69,Potato,Vegetative,NPK,,
5.3,87,22,84,38.36,68.77,1194.51,Potato,Sowing,DAP,,
8.25,60,33,97,31.67,39.01,1209.7,Wheat,Harvest,DAP,,
4.57,125,85,31,23.89,60.75,1668.22,Maize,Harvest,MOP,,
6.25,135,11,10,38.57,53.13,2616.41,Sugarcane,Flowering,DAP,,
4.59,142,19,62,31.64,34.58,1307.47,Wheat,Vegetative,DAP,,
6.43,140,28,53,38.56,60.46,611.06,Tomato,Sowing,DAP,,
6.5,76,33,116,31.14,65.11,1618.35,Potato,Vegetative,DAP,,
5.79,41,70,19,12.33,43.03,305.47,Maize,Vegetative,Urea,,
5.03,85,14,84,28.49,74.39,1164.48,Wheat,Vegetative,DAP,,
6.01,62,89,17,39.41,34.36,1639.85,Sugarcane,Vegetative,MOP,,
7.19,53,43,26,16.43,63.06,1649.51,Sugarcane,Sowing,Urea,,
7.63,133,73,79,33.78,48.2,2494.65,Cotton,Vegetative,NPK,,
6.62,21,21,16,15.54,56.16,2443.14,Rice,Flowering,Urea,,
6.86,78,68,72,23.57,83.61,991.37,Rice,Harvest,DAP,,
5.3,55,30,104,12.54,70.2,1042.93,Sugarcane,Vegetative,Urea,,
5.65,27,87,46,20.22,38.93,2948.66,Wheat,Flowering,Urea,,
5.15,52,56,77,33.29,83.18,1296.16,Cotton,Flowering,Urea,,
5.5,37,62,73,11.36,52.37,599.91,Maize,Harvest,Urea,,
5.4,83,82,16,19.61,50.48,2039.43,Wheat,Harvest,MOP,,
6.58,80,48,25,28.89,60.09,881.84,Wheat,Flowering,MOP,,
6.75,102,40,98,38.46,42.32,1889.48,Rice,Harvest,NPK,,
8.28,29,87,109,17.36,84.85,2499.58,Cotton,Harvest,Urea,,
5.28,125,55,108,15.19,58.07,686.25,Tomato,Vegetative,Compost,,
7.07,41,66,23,16.11,53.63,1464.58,Sugarcane,Harvest,Urea,,
7.77,58,46,45,17.1,40.26,1272.26,Sugarcane,Vegetative,Urea,,
6.74,121,36,82,29.15,78.16,2998.28,Sugarcane,Harvest,DAP,,
5.52,84,38,20,39.96,87.17,2192.57,Potato,Harvest,DAP,,
5.55,49,27,10,25.71,82.18,430.63,Wheat,Harvest,Urea,,
4.66,152,13,18,18.14,39.69,840.07,Maize,Flowering,DAP,,
5.72,130,10,34,32.41,75.1,640.33,Wheat,Vegetative,DAP,,
7.48,45,33,113,14.75,42.25,242.63,Sugarcane,Flowering,Urea,,
4.69,139,51,24,10.9,32.33,1084.38,Maize,Vegetative,MOP,,
5.38,82,69,67,28.16,59.07,1108.48,Tomato,Harvest,Compost,,
7.32,50,33,33,16.31,70.22,857.98,Tomato,Vegetative,Urea,,
7.63,159,65,81,21.98,37.46,1748.69,Rice,Sowing,NPK,,
6.32,36,78,102,16.93,66.33,811.66,Rice,Harvest,Urea,,
7.29,132,27,80,37.54,80.62,2834.98,Tomato,Flowering,DAP,,
6.05,111,74,55,20.14,42.54,2250.89,Maize,Harvest,Urea,,
5.14,58,19,27,23.47,55.67,539.92,Cotton,Sowing,Urea,,
6.09,93,26,76,17.05,59.93,952.81,Potato,Harvest,DAP,,
6.82,130,67,72,12.55,79.87,2950.83,Rice,Vegetative,NPK,,
8.29,155,44,33,25.38,76.28,760.52,Wheat,Sowing,MOP,,
4.78,110,13,93,36.06,76.16,527.48,Sugarcane,Sowing,DAP,,
6.53,45,53,40,20.55,70.74,850.49,Rice,Harvest,Urea,,
5.82,95,84,99,33.43,67.07,2198.8,Maize,Vegetative,NPK,,
6.53,54,76,47,10.98,60.53,1650.04,Rice,Sowing,Urea,,
4.6,76,37,119,17.07,52.18,389.18,Tomato,Flowering,DAP,,
5.75,40,20,52,13.94,60.79,1213,Maize,Flowering,Urea,,
7.78,143,12,17,22.09,81.22,442.54,Potato,Vegetative,DAP,,
6.72,152,12,105,36.83,64.24,1013.91,Maize,Vegetative,DAP,,
6.3,36,34,81,21.21,89.14,678.69,Cotton,Vegetative,Urea,,
5.64,145,85,14,28.1,38.55,817.61,Tomato,Harvest,MOP,,
5.69,117,21,89,36.94,56.47,2378.86,Potato,Sowing,DAP,,
6.03,116,58,36,20.79,42.02,2393.79,Rice,Flowering,MOP,,
7.84,101,65,72,20.97,51.91,2250.76,Sugarcane,Sowing,Zinc Sulphate,,
8.37,44,62,112,12.64,77.39,2127.1,Rice,Vegetative,Urea,,
6.25,124,19,74,20.47,79.49,886.46,Maize,Harvest,DAP,,
6.07,80,28,72,32.38,31.9,1434.06,Rice,Flowering,DAP,,
7.89,113,56,14,35.34,87.2,1488.13,Potato,Vegetative,MOP,,
6.21,56,63,76,31.68,82.31,1697.6,Sugarcane,Harvest,Urea,,
6.71,128,16,118,10.21,84.3,2597.77,Cotton,Harvest,DAP,,
5.42,140,48,61,13.51,52.61,2688.15,Cotton,Sowing,Compost,,
7.47,59,41,90,31.93,59.82,804.95,Cotton,Vegetative,Urea,,
6.63,103,32,106,38.27,40.11,1409.58,Maize,Sowing,DAP,,
7.74,89,59,92,30.86,53.81,614.47,Potato,Flowering,Zinc Sulphate,,
7.62,157,28,13,16.78,37.57,2014.89,Wheat,Sowing,DAP,,
5.36,114,76,86,13.23,81.8,1801.8,Maize,Harvest,Compost,,
7.36,62,34,60,36.31,64.87,2582.31,Tomato,Flowering,DAP,,
7.7,147,34,52,12.97,38.16,1652.9,Sugarcane,Harvest,DAP,,
5.88,108,15,64,14.53,82.74,2387.06,Cotton,Flowering,DAP,,
5.19,118,24,99,27.9,34.82,1090.65,Maize,Flowering,DAP,,
4.51,60,72,50,15.7,85.62,2143.91,Maize,Sowing,Compost,,
6.3,80,29,40,16.83,36.34,312.45,Cotton,Sowing,DAP,,
5.91,143,52,44,14.27,73.08,624.28,Potato,Sowing,MOP,,
6.72,152,76,89,38.33,68.72,1451.51,Rice,Flowering,MOP,,
5.25,116,13,66,13.75,76.96,2683.3,Sugarcane,Sowing,DAP,,
7.94,158,15,33,37.94,63.89,2678.32,Wheat,Vegetative,DAP,,
5.53,27,68,62,19.79,51,1876.56,Wheat,Flowering,Urea,,
5.41,24,61,39,34.65,46.46,563.69,Potato,Vegetative,Urea,,
6.42,53,28,90,38.5,86.73,2106.7,Sugarcane,Sowing,Urea,,
6.5,28,35,86,25.58,56.48,695.27,Maize,Sowing,Urea,,
5.36,57,57,111,33.11,80.53,1181.3,Cotton,Sowing,Urea,,
5.59,62,64,16,17.98,73.38,1079.72,Cotton,Vegetative,MOP,,
5.18,115,68,18,21.49,69.37,2676.5,Sugarcane,Sowing,MOP,,
7.37,157,83,30,26.59,88.24,2142,Sugarcane,Vegetative,MOP,,
7.58,31,47,39,35.51,63.93,398.96,Cotton,Sowing,Urea,,
6.35,118,14,110,28.62,73.98,2561.48,Cotton,Harvest,DAP,,
7.36,159,51,110,10.66,80.98,1405.12,Sugarcane,Sowing,Zinc Sulphate,,
7.44,50,44,31,19.14,32.76,2313.34,Maize,Flowering,Urea,,
5.05,30,78,56,35.95,89.78,2374.7,Wheat,Flowering,Urea,,
8.36,117,12,71,17.21,45.73,2996.31,Wheat,Sowing,DAP,,
7.78,46,50,40,21.04,72.15,1171.44,Tomato,Harvest,Urea,,
5.32,40,41,13,21.69,87.22,2620.44,Rice,Vegetative,Urea,,
5.24,147,45,19,14.63,75.79,1003.03,Sugarcane,Vegetative,MOP,,
5,32,39,39,20.49,43.78,2987.51,Tomato,Harvest,Urea,,
5.05,64,48,103,34.52,51.74,1348.7,Rice,Harvest,Compost,,
7.49,44,69,114,35.47,54.85,2048.5,Rice,Harvest,Urea,,
6.38,96,65,16,27.43,65.18,2984.63,Potato,Harvest,MOP,,
7.63,83,85,24,30.36,66.18,761.17,Wheat,Sowing,MOP,,
7.49,118,67,28,26.04,77.27,1947.2,Cotton,Flowering,MOP,,
6.92,23,35,83,11.33,81.58,2995.46,Cotton,Sowing,Urea,,
7.25,103,88,48,30.9,35.37,2843.09,Cotton,Flowering,NPK,,
4.57,43,14,100,39.9,46.39,818.07,Potato,Flowering,Urea,,
5.75,152,65,12,16.83,50.62,476.43,Sugarcane,Harvest,MOP,,
7.05,76,42,108,39.46,30.8,1393,Wheat,Harvest,SSP,,
4.54,119,18,61,39.93,55.06,2337.4,Potato,Harvest,DAP,,
4.63,27,41,91,14.25,51.53,2411.19,Tomato,Harvest,Urea,,
7.91,29,86,97,37.78,61.52,1900.8,Sugarcane,Flowering,Urea,,
7.24,143,37,22,30.27,36.01,1921.69,Tomato,Harvest,DAP,,
5.56,33,32,53,23.99,54.84,537.85,Sugarcane,Vegetative,Urea,,
7.25,110,78,90,20.34,65.84,1435.39,Maize,Flowering,SSP,,
7.67,46,71,26,28.89,78.23,1813.27,Cotton,Vegetative,Urea,,
5.73,24,57,84,35.28,75.99,2114.08,Maize,Sowing,Urea,,
4.64,98,75,26,11.02,54.29,456.97,Maize,Sowing,MOP,,
8.23,152,71,61,26.06,53.37,2133.82,Wheat,Flowering,Zinc Sulphate,,
5.88,105,78,58,29.51,32.25,2835.55,Cotton,Vegetative,NPK,,
4.93,159,65,92,10.77,34.96,2401.46,Potato,Vegetative,Compost,,
6.47,27,83,80,36.67,82.34,1946.85,Potato,Harvest,Urea,,
7.57,78,45,28,38.55,78.35,471.98,Rice,Vegetative,MOP,,
5.39,79,45,43,28.37,31.27,2424.2,Maize,Vegetative,Compost,,
5.58,99,65,102,13.51,82.96,2056.28,Maize,Flowering,NPK,,
5.47,74,16,39,37.97,66.83,1736.34,Rice,Flowering,DAP,,
8.47,113,41,115,34.15,78.12,2446,Rice,Flowering,Zinc Sulphate,,
5.29,60,10,38,10.86,60.15,2088.61,Wheat,Vegetative,DAP,,
6.8,29,67,111,27.37,39.04,1515.16,Maize,Flowering,Urea,,
8.2,135,29,57,13.44,51.41,856.81,Maize,Vegetative,DAP,,
5.09,103,43,17,14.23,57,1612.15,Wheat,Flowering,MOP,,
8.38,126,60,77,15.78,75.23,631.4,Potato,Sowing,Zinc Sulphate,,
8.29,26,45,101,21.89,78.76,368.55,Potato,Sowing,Urea,,
8.04,40,35,61,36.29,74.49,855.09,Rice,Harvest,Urea,,
5.36,94,42,84,10.93,58.6,1227.88,Maize,Sowing,Compost,,
7.04,120,10,91,30.68,69.82,2011.05,Rice,Flowering,DAP,,
7.54,63,76,94,38.94,47.73,1598.25,Tomato,Sowing,DAP,,
8.44,107,59,67,29.24,89.27,2258.41,Potato,Harvest,Zinc Sulphate,,
5.22,56,44,70,34.47,40.09,2264.93,Sugarcane,Flowering,Urea,,
7.56,84,44,49,37.05,73.42,2177.01,Tomato,Harvest,Compost,,
5.86,133,68,105,31.44,39.3,1732.93,Maize,Sowing,Compost,,
5.2,25,86,26,29.8,46.85,2056.49,Sugarcane,Sowing,Urea,,
6.19,57,22,107,10.54,74.93,2936.79,Maize,Sowing,Urea,,
7.68,76,31,90,25.57,73.75,2176.19,Rice,Harvest,DAP,,
6.36,89,65,24,24.08,37.47,2278.94,Sugarcane,Sowing,MOP,,
6.65,84,14,93,25.68,70.71,1015.34,Wheat,Vegetative,DAP,,
8.48,131,52,112,22.97,42.23,1538.36,Cotton,Flowering,Zinc Sulphate,,
6.1,54,83,20,37.2,88.38,1418.58,Potato,Vegetative,Urea,,
6.96,43,64,92,36.67,66.18,1189.72,Wheat,Sowing,Urea,,
5.96,57,24,105,13.77,30.21,1486.77,Wheat,Harvest,Urea,,
6.07,22,51,97,25.99,42.51,1874.46,Sugarcane,Vegetative,Urea,,
7.28,73,18,79,38.79,43.78,1947.76,Sugarcane,Flowering,DAP,,
8.25,85,80,91,27.96,44.83,2550.81,Wheat,Harvest,Zinc Sulphate,,
6.67,134,66,114,34.05,63.43,2037.7,Sugarcane,Harvest,SSP,,
7.57,79,19,57,21.2,42.34,2634.25,Wheat,Flowering,DAP,,
4.86,34,73,22,21.32,54.77,2038.52,Tomato,Sowing,Urea,,
5.34,129,50,35,19.77,40.4,1180.22,Potato,Sowing,MOP,,
6.51,23,22,17,10.66,70.01,1966.44,Maize,Sowing,Urea,,
4.58,43,25,35,37.75,64.12,2241.25,Cotton,Flowering,Urea,,
5.51,102,81,23,20.49,67.72,2119.83,Maize,Sowing,MOP,,
6.57,113,69,50,21.01,88.04,2579.75,Sugarcane,Vegetative,NPK,,
4.56,122,40,15,32.79,53.96,2735.62,Wheat,Harvest,MOP,,
5.56,59,64,25,25.81,42.93,1138.59,Maize,Vegetative,Urea,,
6.56,46,80,108,20.86,89.93,420.98,Wheat,Flowering,Urea,,
6.79,56,43,43,36.51,33.48,2037.95,Maize,Flowering,Urea,,
8.2,20,13,49,34.76,78.62,508.74,Rice,Vegetative,Urea,,
7.08,156,64,100,39.3,39.73,2675.15,Rice,Flowering,DAP,,
6.16,142,75,109,29.23,69.89,2502.06,Rice,Harvest,MOP,,
8.22,58,68,21,30.7,58.43,2197.88,Cotton,Harvest,Urea,,
7.64,49,50,10,19.73,80.34,2793.29,Maize,Sowing,Urea,,
5.3,39,75,38,12.99,73.87,2684.11,Potato,Sowing,Urea,,
5.02,83,56,90,13.18,40.34,2784.21,Sugarcane,Harvest,Compost,,
7.2,138,36,91,29.38,69.91,2259.25,Maize,Flowering,DAP,,
6.74,86,88,58,13.4,43.03,1231.68,Potato,Sowing,Compost,,
7.66,141,30,25,37.2,40.16,333.69,Tomato,Flowering,DAP,,
7.46,45,20,108,31.12,35.05,372.37,Wheat,Sowing,Urea,,
7,145,31,18,16.79,36.82,2420.81,Tomato,Vegetative,DAP,,
8.45,25,32,68,18.38,72.23,735.86,Maize,Vegetative,Urea,,
6.63,51,74,117,31.3,89.53,1076.66,Maize,Sowing,Urea,,
4.95,36,68,48,34.72,70.55,1841.1,Rice,Harvest,Urea,,
7.81,72,85,47,35.18,72.51,567.05,Tomato,Harvest,Zinc Sulphate,,
5.51,119,79,116,28.03,76.96,2958.92,Tomato,Flowering,MOP,,
7.61,151,37,15,14.66,83.34,2487.89,Wheat,Sowing,DAP,,
8.33,129,34,99,34.55,46.06,1837.19,Maize,Flowering,DAP,,
7.29,90,10,90,33.75,66.27,2743.68,Cotton,Sowing,DAP,,
6.88,120,41,97,35.06,43,1582,Sugarcane,Harvest,DAP,,
6.34,110,38,83,14.73,61.54,2711.45,Rice,Vegetative,DAP,,
5.96,76,29,105,30.53,42.52,2512.74,Maize,Vegetative,DAP,,
5.91,75,55,68,38.81,33.84,239.43,Tomato,Vegetative,NPK,,
7.05,146,86,12,17.68,35.3,2430.87,Wheat,Sowing,MOP,,
7.51,37,66,28,31.5,88.58,2395,Tomato,Sowing,Urea,,
7.21,94,21,108,17.77,30.36,1088.67,Rice,Flowering,DAP,,
5.29,41,81,36,19.21,71.41,1580.52,Rice,Sowing,Urea,,
6.48,151,48,34,24.56,83.24,586.95,Tomato,Vegetative,MOP,,
7.67,22,17,94,36.85,53.62,2066.43,Potato,Sowing,Urea,,
6.4,43,37,75,11.16,72.49,2088.3,Tomato,Sowing,Urea,,
6.65,71,40,93,39.69,50.93,2948.08,Maize,Harvest,SSP,,
7.58,86,24,32,33.16,61.74,2223.71,Potato,Flowering,DAP,,
7.15,142,69,72,20.79,86.14,1452.57,Tomato,Vegetative,NPK,,
6.14,50,48,67,20.62,32.54,704.76,Wheat,Harvest,Urea,,
8.08,72,89,106,24.49,46.03,2405.6,Wheat,Harvest,Zinc Sulphate,,
5.15,140,30,59,36.26,36.36,1190.63,Cotton,Vegetative,DAP,,
8.48,50,17,17,10.54,59.76,2842.43,Rice,Vegetative,Urea,,
4.98,95,51,60,26.45,76.23,975.85,Cotton,Vegetative,Compost,,
4.56,157,68,110,11.68,88.6,750.49,Tomato,Harvest,Compost,,
8.06,103,88,51,13.47,39.33,1937.22,Tomato,Sowing,Zinc Sulphate,,
5.48,127,87,103,30.72,32.64,2763.77,Wheat,Vegetative,Compost,,
7.42,75,29,72,17.03,38.3,594.99,Sugarcane,Vegetative,DAP,,
7.74,55,70,40,11.25,88.13,315.76,Sugarcane,Harvest,Urea,,
7.94,70,20,114,14.93,49.21,2908.68,Sugarcane,Sowing,DAP,,
8.47,100,41,68,16.26,46.03,582.83,Maize,Vegetative,Zinc Sulphate,,
5.68,123,13,91,33.09,74.1,1901.06,Maize,Vegetative,DAP,,
7.34,144,38,104,28.75,37.24,757.47,Tomato,Vegetative,DAP,,
4.96,158,14,99,32.05,50.94,669.51,Wheat,Sowing,DAP,,
6.13,24,85,97,21.09,38.69,636.93,Cotton,Flowering,Urea,,
7.89,120,48,60,13.39,88.46,2187.92,Potato,Sowing,Zinc Sulphate,,
5.97,119,32,66,34.16,47.11,2326.94,Tomato,Vegetative,DAP,,
6.86,127,25,14,14.21,46.15,535.44,Maize,Sowing,DAP,,
6.52,33,59,84,21.48,68.06,582.39,Wheat,Flowering,Urea,,
7.08,136,20,61,17.87,31,2816.13,Sugarcane,Harvest,DAP,,
8.39,47,81,97,18.9,69.21,1848.81,Potato,Flowering,Urea,,
4.72,28,57,74,28.06,57.23,2387.63,Sugarcane,Harvest,Urea,,
6.8,78,43,21,14.93,41.05,425.56,Rice,Sowing,MOP,,
7.95,57,30,111,23.38,59.18,346.75,Cotton,Harvest,Urea,,
6.43,112,72,32,29.16,89.94,1309.35,Wheat,Harvest,MOP,,
4.81,91,26,61,36.07,80.33,1754.71,Tomato,Harvest,DAP,,
6.74,67,43,117,21.14,88.45,1243,Wheat,Vegetative,NPK,,
5.83,149,60,98,19.56,85.56,2197.61,Potato,Flowering,NPK,,
5.12,25,76,72,21.04,79.22,2074.55,Sugarcane,Sowing,Urea,,
7.9,80,33,85,25.02,50.08,1451.19,Maize,Harvest,DAP,,
6.59,21,31,12,19.39,73.8,422.37,Maize,Vegetative,Urea,,
8.23,102,19,33,17.51,53.49,1867.47,Wheat,Vegetative,DAP,,
7.72,32,14,99,21.26,55.77,877.26,Potato,Sowing,Urea,,
7.27,68,40,88,33.33,82.4,1280.35,Tomato,Vegetative,NPK,,
4.52,27,33,104,17.58,42.31,240.31,Maize,Sowing,Urea,,
6.21,28,20,116,35.34,47.8,1659.1,Wheat,Flowering,Urea,,
5.29,92,60,51,18.55,85.83,2157.18,Tomato,Vegetative,Compost,,
8.14,31,57,30,28.09,71.98,1816.99,Rice,Flowering,Urea,,
5.2,140,87,94,39.13,33.89,2304.41,Maize,Vegetative,Compost,,
5.64,158,13,94,38.55,37.3,2998.36,Rice,Flowering,DAP,,
6.57,101,17,34,23.04,64.77,1971.19,Potato,Flowering,DAP,,
5.55,126,16,21,12.03,77.93,819.02,Cotton,Sowing,DAP,,
5.34,120,41,57,37.08,77.57,1802.42,Rice,Harvest,Compost,,
6.9,79,31,110,13.81,55.5,886.21,Cotton,Harvest,DAP,,
4.86,86,45,91,37.71,45.51,1124.57,Tomato,Flowering,Compost,,
4.73,48,38,83,31.98,77.26,1185.72,Rice,Vegetative,Urea,,
5.99,85,77,79,38.03,86.64,1655.96,Maize,Flowering,Urea,,
7.38,24,70,66,29.96,56.65,1666.45,Rice,Harvest,Urea,,
6.72,143,62,38,39.85,38.24,2068.49,Maize,Vegetative,MOP,,
6.19,114,81,38,24.01,66.58,1425.63,Wheat,Sowing,MOP,,
6.76,24,24,102,19.89,34.3,725.55,Wheat,Vegetative,Urea,,
5.96,104,57,55,21.8,66.69,1574.76,Tomato,Sowing,Compost,,
8.24,68,63,119,20.51,40.38,2430.11,Cotton,Harvest,Zinc Sulphate,,
4.72,45,77,18,22.02,60.96,2167.91,Sugarcane,Vegetative,Urea,,
7.19,90,78,41,36.56,67.53,522.78,Potato,Vegetative,NPK,,
8.07,117,73,22,27.76,56.8,2855.34,Rice,Vegetative,MOP,,
7.72,145,75,119,31.77,79.64,1056.32,Maize,Harvest,Zinc Sulphate,,
5.24,33,59,62,18.64,52.48,1842.08,Sugarcane,Flowering,Urea,,
5.68,37,81,84,39.7,39.3,289.79,Wheat,Sowing,Urea,,
7.37,76,56,107,18.42,57.83,2746.53,Maize,Vegetative,NPK,,
4.84,44,77,63,14.77,87.81,2114,Maize,Harvest,Urea,,
7.75,89,22,38,33.35,82.81,972.95,Sugarcane,Harvest,DAP,,
7.38,152,23,60,35.17,48.66,2113.33,Maize,Flowering,DAP,,
7.42,104,18,85,21.81,44.56,1019.13,Sugarcane,Flowering,DAP,,
4.9,58,37,58,26.23,59,927.23,Rice,Harvest,Urea,,
7.37,133,47,104,22.42,69.31,1451.56,Rice,Sowing,Compost,,
7.22,30,21,50,18.82,85.6,1880.18,Rice,Sowing,Urea,,
7.82,121,22,95,34.4,66.8,786.17,Wheat,Vegetative,DAP,,
4.67,44,30,99,32.71,80.17,2280.13,Potato,Harvest,Urea,,
4.59,21,64,116,24.56,71.76,1818.54,Sugarcane,Harvest,Urea,,
5.99,55,47,21,23.67,36.09,220.89,Rice,Flowering,Urea,,
5.1,56,61,44,15.4,83.51,1738.25,Wheat,Sowing,Urea,,
6.73,21,35,111,29.12,41.97,1378.56,Wheat,Flowering,Urea,,
8.17,127,31,13,37.71,52,2074.21,Potato,Harvest,DAP,,
6.07,110,60,54,31.57,80.42,2713.79,Wheat,Flowering,Zinc Sulphate,,
7.88,115,81,58,25.19,88.75,935.42,Rice,Harvest,Zinc Sulphate,,
4.5,23,46,83,11.16,48.64,2086.3,Maize,Harvest,Urea,,
5.17,113,54,27,37.91,52.99,624.67,Potato,Vegetative,MOP,,
4.62,65,86,55,19.24,59.14,439.66,Rice,Flowering,Compost,,
5.81,128,46,92,19,59.88,2809.12,Tomato,Flowering,DAP,,
8.13,121,23,67,24.09,75.02,2614.41,Potato,Harvest,DAP,,
4.89,84,27,24,22.87,79.03,1603.93,Potato,Flowering,DAP,,
6.93,75,16,67,38.87,89.46,587.3,Wheat,Sowing,DAP,,
6.31,54,83,32,14.95,78.25,937.3,Cotton,Harvest,Urea,,
8.25,138,69,32,30.67,47.99,1788.66,Rice,Harvest,MOP,,
4.99,120,67,94,13.2,51.49,2025.18,Rice,Sowing,Compost,,
5.35,42,64,35,18.31,67.08,2133.7,Tomato,Vegetative,Urea,,
4.62,97,43,118,31.66,71.2,2293.88,Maize,Flowering,Compost,,
6.24,63,54,43,34.12,35.4,787.64,Rice,Vegetative,NPK,,
5.61,20,12,50,24.07,50.62,1029.51,Rice,Sowing,Urea,,
7.98,159,49,86,33.68,42.16,235.34,Wheat,Vegetative,Zinc Sulphate,,
6.92,39,85,66,38.05,60.47,407.16,Potato,Harvest,Urea,,
6.96,130,62,34,38.07,40.12,1066.57,Potato,Vegetative,MOP,,
6.63,131,40,63,20.27,64.84,720.18,Potato,Flowering,Compost,,
4.87,117,32,53,19.36,58.04,1579.11,Potato,Harvest,DAP,,
6.28,25,81,106,31.79,54.24,2576.25,Wheat,Flowering,Urea,,
8.5,155,74,101,29.62,68.94,2224.37,Cotton,Harvest,Zinc Sulphate,,
7.84,40,64,22,21.77,54.98,2312.83,Potato,Flowering,Urea,,
8.07,122,88,63,16.86,53.96,1880.71,Potato,Sowing,Zinc Sulphate,,
7.79,64,21,36,28.55,69.07,2161.22,Wheat,Harvest,DAP,,
4.91,89,10,17,22.91,33.44,704,Potato,Harvest,DAP,,
5.41,124,20,109,13.96,55.95,1746.9,Potato,Flowering,DAP,,
4.51,157,60,52,29.18,41.72,1797.66,Sugarcane,Harvest,Compost,,
5.71,94,75,79,30.93,32.31,1960.39,Potato,Sowing,DAP,,
4.93,20,54,86,20.93,32.08,2381.99,Tomato,Sowing,Urea,,
6.39,157,81,93,34.96,40.06,2843.21,Maize,Sowing,Compost,,
7.21,102,40,64,12.21,56.04,2192.82,Rice,Flowering,Compost,,
8,93,62,73,24.88,64,2783.18,Rice,Flowering,Zinc Sulphate,,
7.5,130,54,14,38.69,77.75,1739.78,Sugarcane,Harvest,MOP,,
8.25,33,76,68,15.71,66.46,1010.15,Maize,Vegetative,Urea,,
4.72,150,50,118,15.17,61.2,2043.88,Sugarcane,Sowing,Compost,,
4.55,154,37,36,21.36,32.18,2946.62,Sugarcane,Sowing,DAP,,
7.15,127,71,28,18.04,47.87,2187.19,Potato,Flowering,MOP,,
5.66,22,11,74,16.65,71.54,2913.24,Maize,Sowing,Urea,,
5.51,138,81,77,38.5,46.23,262.7,Tomato,Sowing,MOP,,
5.82,112,74,75,20.35,65.66,923.41,Rice,Flowering,Urea,,
5.58,110,30,117,11.8,66.23,966.09,Rice,Harvest,DAP,,
6.55,44,24,35,36.99,48.31,1395.04,Maize,Vegetative,Urea,,
6.26,62,64,42,23.45,64.3,286.21,Wheat,Flowering,DAP,,
6.55,134,17,117,32.08,36.84,2759.91,Potato,Flowering,DAP,,
7.19,113,29,118,21.02,73.62,2179.81,Maize,Harvest,DAP,,
6.05,63,86,47,38.06,31.35,435.05,Sugarcane,Flowering,SSP,,
5.51,48,73,16,18.63,32.12,689.15,Sugarcane,Harvest,Urea,,
5.16,110,48,102,29.88,82.22,1888.7,Tomato,Sowing,Compost,,
5.9,76,16,14,34.73,64.82,2743.81,Tomato,Vegetative,DAP,,
7.47,127,66,18,17.14,39.77,445.32,Rice,Harvest,MOP,,
7.53,156,84,22,34.05,66.1,1413.25,Tomato,Flowering,MOP,,
7.17,41,40,119,33.77,52.19,760.04,Tomato,Harvest,Urea,,
5.44,89,43,49,38.93,46.19,704.95,Maize,Vegetative,Compost,,
6.85,25,84,57,37.68,78.68,2244.24,Maize,Harvest,Urea,,
6.78,141,60,55,21.66,58.64,2514.18,Rice,Flowering,Zinc Sulphate,,
6.44,137,65,73,27.72,47.61,2779.21,Sugarcane,Vegetative,NPK,,
6.7,71,38,73,37.76,86.62,2115.16,Rice,Sowing,DAP,,
6.47,89,72,38,10.13,39.9,383.82,Cotton,Sowing,MOP,,
6.76,112,42,27,28.82,38.52,1199.79,Potato,Vegetative,MOP,,
7.36,100,54,39,16.46,35.84,1436.36,Sugarcane,Vegetative,MOP,,
4.94,93,15,83,32.16,37.47,972.49,Maize,Vegetative,DAP,,
7.5,126,46,28,33.89,45.17,1711.63,Wheat,Harvest,MOP,,
5.04,155,62,57,31.39,71.91,851.38,Wheat,Harvest,Compost,,
4.77,33,11,18,39.88,70.31,2718.4,Wheat,Flowering,Urea,,
8.4,50,66,94,24.38,75.81,601.78,Maize,Vegetative,Urea,,
8.33,113,60,10,26.84,64.53,1392.95,Maize,Flowering,MOP,,
4.74,101,48,114,22.27,59.56,549.58,Potato,Vegetative,Compost,,
6.27,49,31,99,39.22,55.91,1203.11,Wheat,Harvest,Urea,,
5.24,49,88,87,37.68,82.48,1557.4,Wheat,Flowering,Urea,,
6.44,119,52,48,39.6,50.61,1750.92,Potato,Sowing,DAP,,
7.82,67,47,102,39.55,83.49,1128.16,Tomato,Sowing,Zinc Sulphate,,
8.3,46,73,64,36.86,46.53,2466.98,Cotton,Vegetative,Urea,,
7.04,113,46,116,37.93,39.44,1643.16,Rice,Vegetative,NPK,,
5.92,34,47,61,13.6,45.31,2978.77,Potato,Sowing,Urea,,
6.91,63,80,80,15.21,59.94,545.87,Wheat,Harvest,NPK,,
5.75,67,40,73,36.56,85.55,713.93,Wheat,Vegetative,NPK,,
8.14,133,53,33,31.8,40.64,2445.02,Potato,Flowering,MOP,,
7.98,144,23,36,36.25,64.79,1751.94,Cotton,Vegetative,DAP,,
6.73,33,61,115,33.1,43.06,1208.07,Tomato,Sowing,Urea,,
5.8,73,76,75,14.19,70.66,1349.26,Rice,Harvest,Compost,,
5.67,111,14,75,37.5,57.9,1778.61,Wheat,Flowering,DAP,,
4.63,143,51,71,33.14,74.01,440.18,Cotton,Flowering,Compost,,
7.76,80,16,25,27.12,81.37,2342.36,Sugarcane,Harvest,DAP,,
6.3,37,27,21,25.97,50.08,1457.58,Potato,Harvest,Urea,,
5.8,105,66,49,27.21,86.29,1355.04,Rice,Harvest,Zinc Sulphate,,
6.38,76,83,99,21.71,58.11,2364.94,Rice,Harvest,Compost,,
7.77,104,53,19,34.1,86.2,1793.74,Sugarcane,Harvest,MOP,,
5,34,70,73,37.27,43.84,2311.63,Tomato,Harvest,Urea,,
7.93,125,72,64,17.59,83.83,2800.18,Wheat,Harvest,Zinc Sulphate,,
8.09,77,41,88,11.14,50.02,2848.34,Sugarcane,Flowering,Zinc Sulphate,,
8.29,149,37,98,16.09,75.05,1401.95,Wheat,Vegetative,DAP,,
6.09,33,13,13,32.72,88.09,394.64,Wheat,Vegetative,Urea,,
5.37,40,24,99,36.05,84.73,234.98,Cotton,Harvest,Urea,,
5.99,64,11,32,20.46,57.82,2174.65,Cotton,Harvest,DAP,,
5.83,53,32,110,14.57,50.69,428.33,Maize,Flowering,Urea,,
5.2,136,68,58,35.76,66.76,1292.55,Tomato,Flowering,Compost,,
6.93,90,32,115,16.44,72.35,2054.34,Tomato,Vegetative,DAP,,
6.41,98,35,13,17.26,62.41,2995.48,Rice,Harvest,DAP,,
7.96,31,43,10,12.78,80.91,824.58,Cotton,Sowing,Urea,,
4.63,142,22,74,37.31,33.5,227.19,Tomato,Flowering,DAP,,
7.08,26,49,48,19.8,65.98,315.51,Rice,Harvest,Urea,,
7.55,88,60,12,15.16,61.51,825.25,Wheat,Flowering,MOP,,
7.54,130,19,66,38.61,32.36,2980.42,Potato,Harvest,DAP,,
8.04,122,48,68,20.07,30.76,415.94,Cotton,Sowing,Zinc Sulphate,,
7.42,136,13,88,32.42,66.37,2297.94,Maize,Harvest,DAP,,
8.21,117,61,116,16.91,37.08,619.81,Wheat,Sowing,Zinc Sulphate,,
5.83,44,65,27,31.8,76.11,770.54,Sugarcane,Sowing,Urea,,
6.51,85,36,30,16.96,86.95,440.6,Cotton,Flowering,DAP,,
4.56,70,17,65,29.13,40.64,838.71,Rice,Sowing,DAP,,
4.53,139,62,61,23.23,77.91,523.47,Maize,Sowing,Compost,,
5.46,144,22,17,33.96,65.49,248.76,Tomato,Flowering,DAP,,
4.9,159,55,34,31.91,56.88,2436.21,Maize,Sowing,MOP,,
5.54,144,45,41,38.06,69.02,733.38,Tomato,Sowing,SSP,,
5.21,66,52,79,21.3,78.14,532.1,Maize,Harvest,Compost,,
4.61,157,44,49,32.63,88.24,962.16,Wheat,Flowering,Compost,,
8.14,29,60,93,39.07,69.63,2310.57,Tomato,Sowing,Urea,,
4.53,118,72,38,20.09,74.82,829.41,Wheat,Sowing,MOP,,
7.44,60,77,78,18.7,66.45,1717.33,Tomato,Harvest,SSP,,
5.11,74,22,44,33.07,63.9,807.7,Cotton,Harvest,DAP,,
8.15,137,56,92,23.37,33.89,1283.86,Potato,Vegetative,Zinc Sulphate,,
8.07,134,15,112,21.96,39.3,1659.74,Tomato,Harvest,DAP,,
7.12,62,27,85,26.37,52.76,2321.89,Potato,Harvest,DAP,,
7.19,51,17,42,38.07,68.97,988.74,Tomato,Sowing,Urea,,
4.52,134,50,108,12.52,34.55,1450.14,Tomato,Sowing,Compost,,
8.44,90,70,115,23.97,62.66,2000.15,Rice,Harvest,Zinc Sulphate,,
8.01,45,29,111,13.3,30.79,970.67,Sugarcane,Harvest,Urea,,
8.08,77,65,55,36.51,75.97,816.1,Wheat,Sowing,Zinc Sulphate,,
7.14,95,11,81,14.1,70.02,1792.94,Potato,Flowering,DAP,,
5.88,133,75,111,12.69,61.24,2866.7,Maize,Vegetative,NPK,,
8.07,109,41,40,38.91,64.27,2748.22,Tomato,Vegetative,Zinc Sulphate,,
5.67,121,31,84,26.9,85.97,1881.01,Tomato,Flowering,DAP,,
6.75,25,50,77,34.78,84.4,1381.59,Maize,Flowering,Urea,,
4.9,159,19,49,24.11,77.57,1784.28,Rice,Flowering,DAP,,
8.19,156,48,78,23.07,50.17,2445.59,Tomato,Flowering,Zinc Sulphate,,
5.06,103,54,51,37.35,36.43,459.97,Sugarcane,Harvest,Compost,,
5.4,78,14,95,39.7,49.29,2387.33,Cotton,Sowing,DAP,,
6.73,86,21,53,28.56,75.12,2042.45,Cotton,Flowering,DAP,,
7.56,34,41,26,37.55,66.66,953.32,Potato,Harvest,Urea,,
6.98,82,49,29,35.88,72.33,2652.91,Wheat,Flowering,MOP,,
5.43,69,27,116,26.32,36.32,423.82,Sugarcane,Vegetative,DAP,,
4.5,115,83,85,38.23,39.51,2772.31,Potato,Vegetative,Compost,,
7.53,40,73,62,16.3,69.86,1286.18,Tomato,Harvest,Urea,,
8.44,20,10,53,36.55,52.31,2468.89,Wheat,Flowering,Urea,,
7.74,145,62,26,19.28,52.15,632.48,Wheat,Harvest,MOP,,
6.34,30,51,36,10.92,53.56,1789.09,Rice,Vegetative,Urea,,
8.12,127,47,32,33.61,77.76,293.65,Cotton,Flowering,MOP,,
6.14,121,26,67,37.9,71.94,980.45,Potato,Flowering,DAP,,
6.6,107,71,78,16.5,36.36,2523.04,Tomato,Flowering,Compost,,
6.41,154,37,65,26.02,50.66,1472.19,Maize,Vegetative,DAP,,
6.29,132,31,101,32.48,70.43,2046.6,Rice,Flowering,DAP,,
7.6,119,55,110,19.95,88.57,2460.22,Rice,Harvest,MOP,,
6.61,148,47,103,14.41,84.74,1684.93,Maize,Vegetative,NPK,,
5.77,84,41,54,21.77,44.9,1840.31,Potato,Vegetative,NPK,,
5.53,83,64,38,23.7,33.96,2345.76,Potato,Harvest,MOP,,
4.65,36,18,23,32.27,64.4,537.25,Sugarcane,Harvest,Urea,,
6.83,158,59,17,15.96,54.38,400.35,Maize,Harvest,MOP,,
5.42,144,46,55,34.45,41,1941.38,Maize,Sowing,Compost,,
5.09,29,74,36,25.07,69.1,2930.18,Maize,Harvest,Urea,,
7.12,85,88,79,37.12,39.62,2005.3,Maize,Harvest,Compost,,
7.22,51,53,16,26.97,51.09,2174.27,Potato,Sowing,Urea,,
7.51,35,69,35,23.41,77.67,2043.94,Potato,Sowing,Urea,,
6.51,131,38,51,18.6,71.06,1895.95,Cotton,Vegetative,DAP,,
8.08,45,72,39,13.19,66.43,753.34,Cotton,Flowering,Urea,,
8.25,123,85,90,21.15,85.85,2552.77,Rice,Vegetative,Zinc Sulphate,,
7.73,93,35,15,22.41,37.52,1813.96,Rice,Sowing,DAP,,
7.04,119,54,76,27.05,71.46,2939.42,Sugarcane,Vegetative,NPK,,
5.71,113,44,92,35.8,37.04,393.43,Maize,Harvest,SSP,,
8.43,156,87,92,23.91,38.18,1035.76,Sugarcane,Harvest,Zinc Sulphate,,
5.6,24,16,63,19.43,60.39,478.21,Sugarcane,Harvest,Urea,,
5.31,26,76,97,36.2,31.45,2605.65,Potato,Sowing,Urea,,
6.27,84,62,101,32.02,60.06,2490.04,Tomato,Harvest,Urea,,
4.73,31,50,44,19.21,30.57,2364.56,Sugarcane,Sowing,Urea,,
8.41,44,13,44,15.01,66.14,2100.1,Sugarcane,Vegetative,Urea,,
6.85,29,11,14,18.73,48.72,498.47,Cotton,Sowing,Urea,,
6.73,52,44,111,13.71,35,1336.66,Maize,Sowing,Urea,,
7.12,122,42,15,37.1,76.85,2172.62,Rice,Vegetative,MOP,,
6.49,35,59,102,28.35,53.4,1210.36,Wheat,Vegetative,Urea,,
4.63,91,22,32,35.91,56.64,2209.96,Cotton,Vegetative,DAP,,
6.95,52,16,118,34.61,52.47,999.1,Sugarcane,Sowing,Urea,,
7.36,54,48,68,14.6,35.02,1721.91,Potato,Flowering,Urea,,
6.17,121,58,60,23.29,57.6,1192.69,Wheat,Vegetative,NPK,,
7.53,95,12,71,39.16,69.93,2780.2,Tomato,Harvest,DAP,,
5.41,98,26,110,17.01,84.2,1438.69,Maize,Sowing,DAP,,
5.39,36,34,41,11.51,75.83,1002.69,Maize,Harvest,Urea,,
5.15,46,23,10,20.38,34.76,359.63,Sugarcane,Sowing,Urea,,
5.99,133,14,58,25.33,39.95,607.27,Tomato,Sowing,DAP,,
7.89,40,80,107,11.68,32.69,1781.74,Cotton,Harvest,Urea,,
7.81,36,42,117,22.8,37.16,2163.2,Wheat,Sowing,Urea,,
6.03,95,60,37,17.6,58.83,2872.23,Sugarcane,Vegetative,MOP,,
6.86,63,26,80,16.36,43.18,1871.05,Potato,Sowing,DAP,,
7.38,47,70,46,17.92,68.88,2106.15,Wheat,Sowing,Urea,,
5.46,44,40,38,13.16,31.94,1935.47,Tomato,Harvest,Urea,,
5.17,66,24,28,12.3,81.43,2726.94,Cotton,Sowing,DAP,,
8.39,120,49,117,27.88,70.66,1046.83,Potato,Flowering,Zinc Sulphate,,
6.97,42,74,28,38.43,88.14,1889.02,Potato,Harvest,Urea,,
8.43,94,29,60,34.14,87.17,2887.39,Tomato,Sowing,DAP,,
5.85,69,43,93,35.02,71.58,219.96,Potato,Sowing,SSP,,
7.31,84,74,24,32.05,39.48,958.74,Rice,Harvest,MOP,,
5.39,35,41,33,38.68,43.32,2324.6,Potato,Flowering,Urea,,
5.54,143,31,114,38.52,46.65,1515.77,Potato,Sowing,DAP,,
6.55,69,71,70,33.35,55.6,671.47,Wheat,Harvest,Zinc Sulphate,,
5.78,32,54,62,31.48,64.25,1800.62,Maize,Flowering,Urea,,
5.17,99,20,81,19.16,70.96,1642.2,Potato,Vegetative,DAP,,
5.55,54,42,68,12.73,34.54,1471.54,Wheat,Flowering,Urea,,
4.64,133,47,16,12.79,66.63,1156.89,Potato,Flowering,MOP,,
7.32,51,74,92,32.09,33.55,347.1,Wheat,Vegetative,Urea,,
6.47,106,72,101,10.85,79.62,1891.55,Maize,Sowing,NPK,,
4.88,128,47,85,34.49,32.43,1648.32,Maize,Harvest,Compost,,
5.19,85,82,99,20.99,53.4,1839.01,Wheat,Vegetative,Compost,,
4.91,114,22,108,15.76,55.2,206.83,Wheat,Harvest,DAP,,
6.95,116,57,77,22.23,64.22,431.51,Wheat,Vegetative,NPK,,
4.88,66,33,43,31.1,35.73,669.55,Cotton,Flowering,DAP,,
7.52,137,45,16,18.25,85.99,1455.63,Maize,Harvest,MOP,,
4.58,54,29,63,15.21,52.99,2462.12,Potato,Sowing,Urea,,
5.5,119,52,100,32.14,53.77,888.37,Sugarcane,Sowing,Compost,,
8.06,83,66,76,36.42,44.59,2463.35,Maize,Harvest,Zinc Sulphate,,
7.37,31,74,106,27.57,76.84,858.71,Tomato,Flowering,Urea,,
4.79,139,69,21,25.72,30.47,2297.32,Cotton,Sowing,MOP,,
7.78,63,52,67,32.65,36.37,2647.85,Wheat,Harvest,NPK,,
6.47,30,74,92,31.98,58.25,2486.1,Potato,Vegetative,Urea,,
7.89,108,55,61,10.19,88.1,2267.47,Wheat,Sowing,Zinc Sulphate,,
6.9,65,71,90,18.46,32.14,307.64,Cotton,Sowing,Urea,,
7.23,78,79,65,37.96,33.72,1124.43,Rice,Sowing,Compost,,
8.47,118,35,91,38.81,72.89,750.24,Cotton,Vegetative,DAP,,
5.43,71,38,12,25.31,74.13,1528.85,Wheat,Vegetative,DAP,,
7,67,50,22,26.8,83.82,1192.01,Maize,Harvest,MOP,,
6.34,97,24,105,10.02,64.6,1929.84,Maize,Vegetative,DAP,,
4.66,151,28,72,30.17,54.21,1784.08,Potato,Flowering,DAP,,
4.56,121,82,14,16.37,57.06,1406.39,Maize,Sowing,MOP,,
4.98,51,68,34,13.84,55.89,2348.75,Rice,Harvest,Urea,,
7.1,109,37,95,19.14,88.41,241.45,Sugarcane,Vegetative,DAP,,
6.77,95,24,81,29.95,52.81,2624.13,Sugarcane,Flowering,DAP,,
6.71,52,67,61,23.09,35.76,208.26,Wheat,Sowing,Urea,,
4.63,123,62,89,20.47,47.38,1465.64,Maize,Harvest,Compost,,
6.38,72,51,105,31.8,87.61,2667.77,Maize,Flowering,Zinc Sulphate,,
8.2,127,37,14,34.41,55.69,1370.39,Maize,Vegetative,DAP,,
6.09,61,82,109,36.08,48.96,2315.88,Tomato,Flowering,Zinc Sulphate,,
7,55,28,68,23.34,48.65,1328.2,Potato,Sowing,Urea,,
7.62,44,80,34,31.53,30.54,2582.59,Maize,Flowering,Urea,,
7.64,134,86,89,36.56,67.99,2997.84,Cotton,Sowing,MOP,,
6.58,105,11,97,37.27,73.46,2715.22,Wheat,Sowing,DAP,,
7.93,28,27,23,24.76,51.18,356.1,Cotton,Sowing,Urea,,
6.07,126,49,86,20.66,82.37,615.12,Tomato,Flowering,SSP,,
8.05,88,62,96,37.01,74.57,1717.2,Rice,Harvest,Zinc Sulphate,,
5.46,89,17,61,17.84,66.05,2892.48,Potato,Vegetative,DAP,,
5.62,148,18,34,33.91,72.23,1337.71,Wheat,Harvest,DAP,,
4.71,50,86,100,37.26,76.17,975.72,Maize,Sowing,Urea,,
7.68,147,30,81,32.19,61.62,2901.94,Tomato,Harvest,DAP,,
6.17,150,53,65,30.4,53.87,2184.6,Maize,Harvest,Compost,,
5.42,121,69,91,11.52,37.54,2357.22,Cotton,Sowing,Compost,,
5.43,135,80,46,16.1,54.3,510.07,Sugarcane,Vegetative,Compost,,
8.11,23,40,79,30,63.01,935.17,Cotton,Flowering,Urea,,
7.84,159,22,15,33.56,86.87,1610.15,Sugarcane,Vegetative,DAP,,
6.71,141,54,34,11.9,39.29,2262.03,Wheat,Flowering,MOP,,
6.96,81,11,29,10.57,75.42,1172.4,Wheat,Harvest,DAP,,
6.4,90,43,32,19.35,44.44,771.96,Wheat,Flowering,MOP,,
6.07,111,78,66,29.35,87.42,1424.03,Rice,Vegetative,NPK,,
8.16,154,75,62,25.36,65.69,1388.03,Potato,Flowering,Zinc Sulphate,,
5,75,71,68,10.25,55.97,2644.31,Wheat,Sowing,Compost,,
6.17,86,56,90,14.55,50.81,2814.54,Potato,Harvest,Urea,,
5.88,82,11,105,32.57,42.12,672.68,Tomato,Vegetative,DAP,,
6.49,60,81,70,18.93,72.87,982.58,Cotton,Harvest,Zinc Sulphate,,
6.33,84,46,64,13.52,68.16,2400.87,Cotton,Vegetative,NPK,,
6.58,116,89,89,11.53,83.41,886.14,Sugarcane,Harvest,SSP,,
5.06,55,72,110,35.51,65.84,941,Wheat,Vegetative,Urea,,
6.55,33,65,29,24.15,40.19,2094.59,Potato,Harvest,Urea,,
5.47,66,55,12,25.11,70.97,1630.33,Sugarcane,Harvest,MOP,,
5.24,99,72,74,11.84,82.73,2170.09,Cotton,Vegetative,Compost,,
4.76,33,17,46,24.66,89.43,403.24,Maize,Sowing,Urea,,
7.55,98,64,44,29.37,71.1,1611.77,Wheat,Flowering,SSP,,
6.21,135,52,25,13.68,47.37,2083.97,Tomato,Sowing,MOP,,
7.01,20,32,13,37.08,63.92,1528.35,Potato,Vegetative,Urea,,
7.41,38,25,12,33.5,60.9,557.89,Potato,Sowing,Urea,,
7.22,140,61,117,34.06,60.72,574.88,Potato,Flowering,Urea,,
6.38,77,63,26,26.1,34.72,1846.4,Tomato,Harvest,MOP,,
6.05,154,85,53,20.02,41.67,603.32,Rice,Harvest,Urea,,
6,96,46,72,29.21,61.45,1050.54,Rice,Vegetative,NPK,,
7.06,134,76,115,16.76,77.89,1435.3,Maize,Sowing,Zinc Sulphate,,
6.48,83,27,107,14.11,40.91,1861.29,Potato,Sowing,DAP,,
7.9,37,68,51,26.15,39.86,942.87,Tomato,Flowering,Urea,,
8,69,10,107,24.36,75.59,1334.69,Sugarcane,Flowering,DAP,,
5.18,87,28,26,14.51,71.43,1229.91,Sugarcane,Vegetative,DAP,,
5.04,110,22,33,25.91,59.11,471.8,Sugarcane,Sowing,DAP,,
7.02,35,42,46,26.39,33.02,2450.53,Wheat,Vegetative,Urea,,
5.7,97,31,11,36.15,58.36,2278.68,Sugarcane,Sowing,DAP,,
4.57,154,36,23,32.78,80.09,2395.56,Tomato,Harvest,DAP,,
8.05,75,59,19,16.53,30.64,612.51,Potato,Sowing,MOP,,
5.41,33,86,24,34.54,36.16,1649.13,Rice,Vegetative,Urea,,
8.22,128,81,46,39.07,78.56,1124.73,Rice,Sowing,Zinc Sulphate,,
7.37,89,62,67,31.5,61.51,1175.79,Potato,Flowering,NPK,,
7.55,81,69,55,33.61,69.74,384.26,Rice,Sowing,Urea,,
5.31,62,59,62,17.99,74.7,2848.34,Potato,Sowing,Compost,,
5.44,76,75,91,39.76,48.01,2831.16,Potato,Harvest,Compost,,
6.59,121,33,65,15.29,47.87,1343.29,Sugarcane,Vegetative,DAP,,
5.19,94,78,118,32.53,45.84,2592.4,Wheat,Flowering,Compost,,
5.72,70,17,22,21.86,40.04,1124.31,Potato,Harvest,DAP,,
5.79,86,29,44,20.71,48.28,1766.37,Tomato,Vegetative,DAP,,
5.14,148,75,45,18.55,87.17,2284.89,Rice,Vegetative,Compost,,
5.32,99,79,110,23.23,35.16,1664.58,Cotton,Harvest,Compost,,
7.65,79,68,83,33.73,44.44,658.66,Rice,Harvest,MOP,,
5.17,22,89,102,38.23,49.08,1261.3,Wheat,Harvest,Urea,,
4.61,91,56,43,22.49,39.23,2326.61,Rice,Flowering,Compost,,
7.02,133,45,33,29.55,34.64,2386.42,Maize,Harvest,MOP,,
8.4,99,11,62,33.65,39.71,1146.16,Tomato,Vegetative,DAP,,
5.82,130,73,36,12.99,61.67,1713.33,Maize,Vegetative,MOP,,
4.97,73,87,82,38.82,65.81,779.93,Maize,Sowing,Compost,,
6.78,21,47,82,16.35,42.92,903.03,Rice,Sowing,Urea,,
8.13,48,35,83,37.45,60.23,605.47,Potato,Harvest,Urea,,
7.64,35,29,21,39.6,30.37,1426.18,Wheat,Harvest,Urea,,
6.99,114,13,24,13.01,66.12,2215.68,Tomato,Flowering,DAP,,
5.76,78,74,12,36.78,30.08,2661.72,Tomato,Flowering,MOP,,
6.67,158,23,37,29.23,68.57,1725.16,Tomato,Vegetative,DAP,,
4.86,43,44,18,34.54,59,2025.7,Sugarcane,Harvest,Urea,,
7.22,102,61,48,13.27,36.56,947.1,Wheat,Flowering,Urea,,
7.4,93,32,39,35.03,35.3,765.78,Cotton,Harvest,DAP,,
8.36,115,29,66,28.78,30.41,1307.97,Potato,Sowing,DAP,,
5.54,106,36,32,25.32,63.1,1764.95,Cotton,Vegetative,DAP,,
4.57,116,50,39,26.8,78.39,293.97,Wheat,Flowering,MOP,,
6.68,113,87,73,32.33,81.39,457.88,Rice,Vegetative,NPK,,
7.33,113,45,25,18.93,64.15,1966.16,Maize,Flowering,MOP,,
7.66,90,13,45,38.3,83.23,758.07,Tomato,Vegetative,DAP,,
5.27,72,35,39,19.23,81.72,1469.4,Maize,Sowing,DAP,,
5.55,133,49,55,36.31,71.89,2822.24,Potato,Harvest,MOP,,
6.55,148,89,110,10.36,51.78,2615.29,Sugarcane,Sowing,Compost,,
5.82,113,83,89,37.49,79.63,378.37,Rice,Flowering,SSP,,
7.94,117,75,101,35.55,53.5,364.38,Sugarcane,Harvest,Zinc Sulphate,,
6.4,137,82,29,13.73,54.2,606.7,Wheat,Flowering,MOP,,
7.7,53,12,87,32.11,70.68,525.93,Tomato,Vegetative,Urea,,
6.82,80,73,118,21.22,85.68,910.68,Potato,Sowing,SSP,,
7.59,121,38,65,24.39,60,1241.79,Sugarcane,Sowing,DAP,,
5.83,80,63,102,12.06,40.63,432.24,Cotton,Vegetative,NPK,,
7.83,27,16,119,16.38,38.55,1489.46,Sugarcane,Harvest,Urea,,
5.6,73,34,46,38.61,48.13,1683.51,Maize,Vegetative,DAP,,
6.68,65,33,92,22.54,57.46,2052.47,Cotton,Flowering,DAP,,
5.36,137,52,90,10.78,47.86,1337.75,Maize,Vegetative,Compost,,
6.4,112,15,71,25.45,72.72,1028.51,Wheat,Harvest,DAP,,
5.77,50,24,74,39.84,62.56,2000.9,Sugarcane,Flowering,Urea,,
5.57,41,88,38,19.98,54.4,2751.35,Potato,Flowering,Urea,,
8.37,76,49,102,14.24,42.8,1310.18,Sugarcane,Flowering,Zinc Sulphate,,
5.14,123,70,97,29.31,66.32,1021.62,Sugarcane,Flowering,Compost,,
7.65,36,30,92,37.59,70.45,2209.61,Rice,Harvest,Urea,,
8.44,108,67,52,35.77,77.05,2656.37,Potato,Flowering,Zinc Sulphate,,
4.58,120,41,83,29.71,89.45,2887.44,Rice,Sowing,Compost,,
7.3,86,21,45,15.52,43.88,816.41,Cotton,Vegetative,DAP,,
5.51,75,18,26,33.53,30.91,1047.76,Maize,Vegetative,DAP,,
4.66,43,29,63,34.7,60.03,2736.41,Tomato,Flowering,Urea,,
6.11,44,24,26,35.49,85.44,955.97,Wheat,Sowing,Urea,,
8.24,133,86,41,22.12,44.93,1167.67,Rice,Flowering,Zinc Sulphate,,
4.55,29,17,25,22.27,75.35,1990.49,Tomato,Flowering,Urea,,
6.85,55,30,60,14.65,49.17,1790.78,Maize,Flowering,Urea,,
6.51,144,54,68,33.18,53.47,2657.98,Sugarcane,Harvest,MOP,,
7.99,137,49,119,32.12,86.86,1913.18,Sugarcane,Harvest,Zinc Sulphate,,
4.84,77,15,32,12.99,57.66,1568.86,Tomato,Vegetative,DAP,,
7.23,102,20,25,10.6,73.52,407.05,Tomato,Harvest,DAP,,
7.22,101,73,41,38.55,62.99,2930.07,Maize,Sowing,MOP,,
7.18,42,51,75,10.52,75.83,1382.48,Tomato,Sowing,Urea,,
8.27,155,68,113,28.86,49.04,1803.22,Sugarcane,Harvest,Zinc Sulphate,,
7.79,69,17,79,23.61,82.61,1605.68,Potato,Sowing,DAP,,
4.67,108,81,83,33.32,62.94,2266.3,Rice,Flowering,Compost,,
6.38,62,64,107,12.63,48.55,2010.06,Wheat,Sowing,MOP,,
6.09,115,48,71,30.47,32.29,1159.48,Rice,Sowing,MOP,,
5.74,132,60,39,28.45,30.79,1656.12,Sugarcane,Sowing,MOP,,
6.31,133,64,45,35.61,51.2,2512.9,Wheat,Sowing,NPK,,
6.04,101,85,15,25.56,42.94,1973.68,Tomato,Vegetative,MOP,,
6.23,115,12,54,31.85,33.16,2872.85,Tomato,Vegetative,DAP,,
8.42,65,52,42,23.13,63.17,2311.04,Sugarcane,Harvest,Zinc Sulphate,,
4.85,123,54,14,39.52,89.33,1558.53,Wheat,Sowing,MOP,,
8.19,34,89,65,26.78,55.34,2459.63,Cotton,Vegetative,Urea,,
6.42,68,25,37,32.61,63.13,1438.13,Tomato,Harvest,DAP,,
6.99,94,14,16,12.79,43.19,796.93,Sugarcane,Flowering,DAP,,
7.82,25,49,119,23.88,42.29,1963.19,Cotton,Sowing,Urea,,
5.94,74,85,68,11.93,49.7,1190.9,Rice,Harvest,Compost,,
6.22,102,76,28,13.65,80.1,269.62,Rice,Harvest,MOP,,
6.14,95,54,71,25.18,87.63,799.41,Tomato,Flowering,Urea,,
6,34,12,52,20.57,74.38,667.82,Rice,Flowering,Urea,,
8.2,30,40,59,23.79,31.23,2425.62,Sugarcane,Harvest,Urea,,
7.82,146,33,99,24.88,56.3,2234.8,Maize,Sowing,DAP,,
4.94,139,38,62,14.79,55.24,1920.67,Cotton,Sowing,DAP,,
4.93,93,64,111,20.97,86.11,2816.13,Cotton,Vegetative,Compost,,
6.21,70,42,47,35.82,74.73,698.71,Cotton,Harvest,Compost,,
4.89,107,60,112,35.7,72.86,656.95,Potato,Vegetative,Compost,,
6.98,119,89,26,24.72,63.89,2745.43,Sugarcane,Harvest,MOP,,
5.07,84,83,92,32.47,68.75,2011.29,Cotton,Harvest,Compost,,
6.59,36,39,36,32.61,71.92,1761.28,Cotton,Harvest,Urea,,
4.53,57,70,46,11.32,63.15,2271.7,Cotton,Sowing,Urea,,
5.77,137,69,16,28.33,80.69,988.68,Sugarcane,Sowing,MOP,,
7.21,143,44,47,34.14,32.21,1865.68,Sugarcane,Harvest,MOP,,
6.44,56,16,90,27.82,86.48,1395.32,Potato,Flowering,Urea,,
8.41,105,15,38,26.25,76.42,1059.52,Maize,Flowering,DAP,,
8,130,24,60,25.94,61.74,2653.67,Cotton,Harvest,DAP,,
5.94,154,75,117,25.24,81.62,649.85,Potato,Vegetative,NPK,,
4.68,30,26,112,33.35,79.68,250.08,Maize,Sowing,Urea,,
7.88,97,28,117,29.27,55.16,1205.49,Cotton,Vegetative,DAP,,
8.14,132,23,90,16.47,80.39,755.53,Cotton,Vegetative,DAP,,
7.78,71,58,24,23,41.3,2470.88,Rice,Flowering,MOP,,
5.01,88,60,25,25.86,58.15,554.58,Potato,Flowering,MOP,,
8.49,90,43,106,22.57,43.94,2824.97,Rice,Vegetative,Zinc Sulphate,,
5.53,34,30,20,17.13,37.46,669.11,Maize,Vegetative,Urea,,
7.4,101,57,42,13.74,83.68,2689.92,Sugarcane,Vegetative,NPK,,
8.13,20,76,105,13.52,52.02,671.46,Tomato,Flowering,Urea,,
5.44,158,67,118,18.89,71.06,334.23,Maize,Vegetative,Compost,,
8.13,29,87,101,22.08,52.51,1565.97,Rice,Flowering,Urea,,
5.74,137,30,29,30.49,62.65,1197.83,Wheat,Sowing,DAP,,
8.41,61,36,38,39.55,50.88,1873.94,Sugarcane,Sowing,DAP,,
5.63,113,80,25,36.92,74.56,1994.02,Wheat,Vegetative,MOP,,
8.31,133,38,103,34.41,77.19,2816.26,Tomato,Vegetative,DAP,,
4.71,60,18,26,34.41,55.83,2867.61,Sugarcane,Flowering,DAP,,
7.34,145,88,66,27.88,81.58,1585.93,Rice,Sowing,MOP,,
6.63,143,53,87,17.58,51.32,784.27,Wheat,Harvest,Compost,,
6.41,31,37,97,24.16,75.75,892.35,Potato,Sowing,Urea,,
5.39,145,47,46,14.28,69,479.15,Tomato,Vegetative,Compost,,
7.32,117,24,86,26.99,57.36,983.64,Wheat,Flowering,DAP,,
5.26,125,24,27,10.69,83.34,2751.88,Potato,Flowering,DAP,,
6.71,133,39,80,15.68,64.34,1220.89,Cotton,Vegetative,DAP,,
5.51,132,41,58,31.37,80.41,1962.66,Wheat,Flowering,Zinc Sulphate,,
8.32,77,49,20,18.31,74,2947.48,Cotton,Harvest,MOP,,
4.61,133,85,66,22.6,61.95,498.86,Rice,Flowering,Compost,,
5.3,129,11,90,34.96,49.59,2371.06,Wheat,Harvest,DAP,,
5.47,30,31,28,11.34,87.07,2159.13,Cotton,Vegetative,Urea,,
6.16,146,35,79,10.68,33.4,2493.31,Tomato,Vegetative,DAP,,
5.43,102,49,91,16.87,83.67,584.07,Wheat,Harvest,Compost,,
6.47,59,17,62,30.53,60.38,1604.99,Rice,Vegetative,Urea,,
7.99,133,45,19,17.08,74.92,1969.6,Wheat,Sowing,MOP,,
7.35,113,35,10,35.91,50.05,2328.23,Potato,Harvest,DAP,,
6.82,118,16,10,20.56,53.05,2195.37,Wheat,Harvest,DAP,,
4.86,87,10,56,18.51,41.45,1798.71,Potato,Vegetative,DAP,,
7.28,24,41,111,16.99,87.26,1513.67,Maize,Harvest,Urea,,
5.17,154,87,36,27.22,32.6,2836.8,Tomato,Sowing,MOP,,
7.65,144,18,34,35.69,53.21,708.99,Maize,Sowing,DAP,,
5.5,50,68,99,22.18,50.08,772.15,Potato,Harvest,Urea,,
6.17,44,53,112,17.58,78.78,511,Cotton,Vegetative,Urea,,
5.9,121,74,19,22.63,60.1,515.48,Wheat,Flowering,MOP,,
7.94,100,30,45,37.14,40.15,2645.77,Wheat,Flowering,DAP,,
5.01,98,29,55,20.04,60.54,1898.27,Tomato,Sowing,DAP,,
6.76,138,58,17,29.67,44.16,2818.26,Wheat,Flowering,MOP,,
5.07,126,42,106,19.89,31.03,2683.22,Wheat,Harvest,Compost,,
7.32,26,27,71,30.24,62.67,1041.44,Maize,Sowing,Urea,,
8.12,122,50,38,36.43,51.62,1995.69,Wheat,Vegetative,MOP,,
6.24,70,26,62,27.96,44.33,1262.43,Tomato,Sowing,DAP,,
6.45,74,22,107,38.42,40.33,2653.29,Cotton,Sowing,DAP,,
8.21,57,52,100,28.05,57.22,2255.9,Wheat,Flowering,Urea,,
6.58,75,82,115,39.25,82.18,545.75,Maize,Sowing,Zinc Sulphate,,
6.45,111,74,13,31.71,75.49,909.21,Cotton,Harvest,MOP,,
6.81,91,32,58,29.58,30.28,2041.22,Maize,Flowering,DAP,,
7.26,96,49,78,34.89,73.87,889.18,Potato,Sowing,DAP,,
4.93,65,43,51,10.33,34.36,1695.31,Potato,Vegetative,Compost,,
7.78,56,45,84,17.72,62.88,883.91,Cotton,Vegetative,Urea,,
6.24,22,59,74,16.48,76.8,2111.07,Cotton,Flowering,Urea,,
4.79,97,87,86,13.33,57.2,410.04,Wheat,Flowering,Compost,,
7.64,96,39,93,38.13,52.6,2219.43,Sugarcane,Sowing,DAP,,
6.01,69,49,43,13.93,86.37,1143.62,Maize,Flowering,MOP,,
4.9,126,21,106,17.89,31.76,1469.86,Cotton,Harvest,DAP,,
7.04,50,10,23,20.05,36.36,1554.01,Cotton,Flowering,Urea,,
8.02,26,25,62,28.74,82.22,744.26,Tomato,Sowing,Urea,,
8.05,76,59,85,33.02,83.17,2838.05,Maize,Harvest,Zinc Sulphate,,
8.33,55,52,84,28.14,52.36,200.46,Maize,Sowing,Urea,,
7.97,105,69,10,32.47,62.41,1243.69,Rice,Vegetative,MOP,,
4.51,43,14,119,22.06,39.86,559.88,Maize,Harvest,Urea,,
6.02,43,30,17,39.87,83.06,1207.79,Sugarcane,Vegetative,Urea,,
7.77,75,74,27,15.1,58.14,491.05,Tomato,Harvest,MOP,,
5.97,96,30,14,21.99,63.85,1260.38,Sugarcane,Vegetative,DAP,,
6.91,143,80,104,34.97,37.08,742.86,Tomato,Harvest,Zinc Sulphate,,
6.93,47,74,76,17.4,66.89,1750.6,Sugarcane,Sowing,Urea,,
5.96,96,32,31,32.53,71.75,233.48,Tomato,Harvest,DAP,,
8.12,97,69,15,20.93,47.68,1617.07,Rice,Flowering,MOP,,
6.51,115,11,97,15.33,83.77,991.74,Rice,Vegetative,DAP,,
6.36,64,43,36,22.1,42.23,1100.08,Potato,Vegetative,MOP,,
8.49,88,66,94,33.54,83.84,1193.11,Tomato,Harvest,Zinc Sulphate,,
6.47,118,25,46,13.36,72.2,2027.62,Potato,Harvest,DAP,,
5.21,139,83,107,25.48,79.85,2321.76,Rice,Flowering,Compost,,
6.55,87,57,44,32.24,71.95,1123.17,Cotton,Sowing,SSP,,
7.76,97,34,45,32.55,55.71,2789.98,Potato,Sowing,DAP,,
7.61,94,77,70,21.69,49.89,2289.46,Wheat,Harvest,Urea,,
7.65,102,41,99,23.99,74.04,1330.74,Rice,Vegetative,NPK,,
7.33,21,54,10,35.7,47.89,473.85,Potato,Harvest,Urea,,
5.52,150,49,57,16.25,33.71,1768.95,Wheat,Sowing,Urea,,
7.95,106,22,92,39.78,44.82,1918.54,Wheat,Vegetative,DAP,,
8.07,67,14,99,22.58,75.31,581.66,Wheat,Vegetative,DAP,,
5.28,84,26,96,18.26,77.59,2585.67,Sugarcane,Flowering,DAP,,
5.02,61,80,113,10.08,46.6,1268,Rice,Harvest,Compost,,
8.4,153,19,107,13.75,49.68,626.64,Potato,Vegetative,DAP,,
7.97,78,68,100,32.7,62.96,1658.46,Maize,Flowering,Zinc Sulphate,,
8.07,100,44,76,29.48,45.72,1381.71,Maize,Sowing,Zinc Sulphate,,
8.05,38,32,119,17.4,66.37,1998.04,Potato,Harvest,Urea,,
6.67,127,65,112,37.81,46.92,683.2,Sugarcane,Vegetative,NPK,,
7.09,80,25,86,35.07,37.25,258.14,Cotton,Flowering,DAP,,
6.68,139,61,48,18.08,39.29,1534.09,Potato,Sowing,MOP,,
4.7,149,36,89,19.9,45.03,640.16,Cotton,Flowering,DAP,,
7.48,98,24,12,15.54,40.07,638.05,Rice,Flowering,DAP,,
6.52,38,71,35,29.28,88.46,2098.19,Maize,Flowering,Urea,,
7.09,116,15,78,31.03,69.5,924.56,Potato,Harvest,DAP,,
6.51,89,33,64,21.88,40.76,2551.97,Wheat,Sowing,DAP,,
6.47,113,14,12,32.11,55.43,1641.27,Rice,Vegetative,DAP,,
5.19,150,80,65,39.75,46.15,1902.63,Cotton,Sowing,Compost,,
5.61,143,62,37,28.36,71.07,1098.54,Rice,Vegetative,MOP,,
5.14,152,40,52,29.48,82.04,826.68,Tomato,Harvest,Compost,,
5.28,86,44,39,21.22,54.05,645.11,Maize,Harvest,MOP,,
8.39,58,28,96,10.32,55.73,2179.83,Wheat,Harvest,Urea,,
5.11,148,43,27,38.62,53.91,2129.56,Wheat,Harvest,MOP,,
5.58,128,10,14,33.17,56.95,1579.49,Cotton,Harvest,DAP,,
6.86,70,50,95,30.87,32.15,2387.67,Cotton,Vegetative,NPK,,
6.94,122,62,118,10.89,65.56,2447.26,Sugarcane,Harvest,Zinc Sulphate,,
5.12,100,89,70,32.77,87.12,1438.1,Tomato,Flowering,Compost,,
7.67,125,73,10,30.1,77.12,2023.23,Maize,Harvest,MOP,,
7.64,70,49,73,27.07,81.68,2753.89,Potato,Sowing,Urea,,
5.45,47,71,100,28.71,43.75,428.06,Cotton,Vegetative,Urea,,
5.65,49,64,23,37.55,66.43,233.96,Maize,Vegetative,Urea,,
8.25,27,20,50,10.2,83.58,1525.41,Sugarcane,Flowering,Urea,,
7.8,60,61,82,14.71,34.12,1128.87,Rice,Sowing,DAP,,
7.29,78,35,77,36.84,82.64,443.62,Sugarcane,Flowering,DAP,,
4.83,53,83,62,10.25,33.87,619.35,Maize,Vegetative,Urea,,
6.17,90,57,98,37.11,88.98,921,Cotton,Vegetative,NPK,,
6.74,135,54,40,10.89,35.04,478.31,Sugarcane,Harvest,MOP,,
5.25,57,42,68,33.38,52.08,1093.42,Wheat,Sowing,Urea,,
6.29,128,73,105,36.73,33.28,571.84,Tomato,Vegetative,NPK,,
6.9,136,87,75,28.38,33.41,1949.14,Maize,Sowing,Zinc Sulphate,,
5.81,41,18,46,29.24,81.98,2150.55,Cotton,Flowering,Urea,,
7.62,40,87,59,11.52,33.82,2371.37,Rice,Harvest,Urea,,
7.86,66,11,75,16.33,77.56,2635.34,Cotton,Flowering,DAP,,
5.79,69,84,23,36.98,84.41,208.67,Maize,Harvest,MOP,,
7.85,138,23,24,34.71,86.1,693.92,Potato,Vegetative,DAP,,
4.91,157,45,34,11.79,81.84,2481.04,Wheat,Flowering,MOP,,
7.85,130,44,83,34.39,87.31,285.37,Cotton,Sowing,Zinc Sulphate,,
5.11,47,73,101,22.7,33.11,2063.24,Tomato,Vegetative,Urea,,
4.83,56,34,17,26.82,89.8,706.12,Cotton,Flowering,Urea,,
7.07,70,18,67,13.25,31.23,1618,Tomato,Sowing,DAP,,
6.39,27,86,65,21.96,39.99,2894.46,Maize,Vegetative,Urea,,
8.13,133,52,23,23.05,34.86,2016.36,Tomato,Vegetative,MOP,,
5.95,38,19,93,30.08,74.64,1231.02,Maize,Harvest,Urea,,
5.65,49,66,51,29.73,35.22,2129.21,Wheat,Vegetative,Urea,,
6.5,55,42,22,26.47,47.56,215.57,Cotton,Vegetative,Urea,,
6.32,154,18,28,10.94,68.28,2861.4,Wheat,Harvest,DAP,,
5.88,135,63,43,14.85,59.88,1164.45,Potato,Flowering,DAP,,
7.27,126,22,99,14.81,38.17,2944.33,Maize,Harvest,DAP,,
7.54,53,33,110,36.63,61.29,2093.96,Wheat,Flowering,Urea,,
7.91,51,71,55,37.05,50.44,1004.58,Potato,Vegetative,Urea,,
8.39,61,49,97,34.19,65.16,1922.75,Maize,Sowing,Zinc Sulphate,,
5.57,138,68,64,15.25,62.31,1264.7,Rice,Harvest,Zinc Sulphate,,
7.36,33,65,94,35.2,89.37,1999.83,Wheat,Harvest,Urea,,
6.08,133,73,73,15.63,81.81,2413.85,Tomato,Sowing,SSP,,
7.21,113,69,66,26.64,30.22,1518.23,Tomato,Vegetative,NPK,,
6.4,50,32,97,32.02,40.56,821.93,Cotton,Harvest,Urea,,
8.48,151,36,81,11.55,84.79,2948.07,Potato,Flowering,DAP,,
7.42,28,70,73,27.94,62.37,1355.41,Cotton,Harvest,Urea,,
8.31,119,53,106,17.53,75.57,693.89,Cotton,Harvest,Zinc Sulphate,,
7.84,89,66,14,24.94,60.21,2269.8,Cotton,Harvest,MOP,,
8.11,43,52,98,21.52,77.15,2034.78,Rice,Harvest,Urea,,
7.76,117,71,52,30.6,37.97,2486.47,Cotton,Vegetative,NPK,,
6.34,84,35,113,24.68,74.27,204.69,Wheat,Sowing,DAP,,
5.51,119,84,26,19.05,82.18,1172.48,Maize,Harvest,MOP,,
5.98,69,73,98,37.31,45.94,1080.68,Tomato,Flowering,NPK,,
4.58,39,78,115,38.77,52.1,2786.75,Maize,Sowing,Urea,,
6.6,78,33,55,34.06,65.43,1179.07,Maize,Flowering,DAP,,
6.52,78,82,42,27.42,82.09,1676.25,Tomato,Flowering,NPK,,
6.6,109,83,78,36.53,84.47,209.87,Maize,Flowering,NPK,,
8.4,158,20,24,28.05,62.07,2462.81,Tomato,Harvest,DAP,,
8.15,103,76,51,14.46,69.48,519.14,Wheat,Harvest,Zinc Sulphate,,
5.15,84,62,24,10.52,82.37,2670.53,Cotton,Flowering,MOP,,
5.98,96,52,74,31.78,43.88,2258.31,Sugarcane,Flowering,SSP,,
6.2,77,36,72,32.57,79.51,1757.89,Cotton,Flowering,DAP,,
5.94,119,10,65,37.77,45.71,2297.44,Sugarcane,Vegetative,DAP,,
7.69,142,58,52,34.73,64.86,2420.09,Rice,Sowing,Compost,,
6.6,63,57,91,29.19,86.08,2304.87,Maize,Harvest,MOP,,
6.79,144,89,79,15.71,60.69,2050.51,Rice,Vegetative,NPK,,
7.91,71,88,43,27.82,35.6,2665.93,Maize,Vegetative,Zinc Sulphate,,
7.72,141,62,75,23.04,83.75,1384.46,Potato,Vegetative,NPK,,
5.03,31,20,90,16.96,65.1,1785.27,Potato,Harvest,Urea,,
7.36,57,18,78,33.97,34.27,2914.26,Tomato,Vegetative,Urea,,
6.24,109,70,29,14.49,30.63,1242.29,Sugarcane,Harvest,MOP,,
5.68,123,31,23,28.91,45.68,2302.57,Maize,Sowing,DAP,,
4.7,108,80,85,28.32,37.22,1297.05,Maize,Vegetative,Compost,,
6.45,31,53,77,19.11,67.71,1516.48,Cotton,Harvest,Urea,,
5.92,108,39,50,22.88,65.8,1139.77,Tomato,Flowering,DAP,,
5.51,55,69,68,13.5,80.45,628.61,Potato,Sowing,Urea,,
7.28,35,64,59,10.77,60.8,2922.17,Cotton,Flowering,Urea,,
7.58,132,48,83,10.39,45.19,1452.46,Cotton,Vegetative,NPK,,
5.48,82,50,48,15.23,33.02,982.17,Rice,Vegetative,Compost,,
4.7,62,18,39,36.01,30.63,2009.59,Wheat,Harvest,DAP,,
7.9,38,10,46,25.68,85.55,510.6,Sugarcane,Flowering,Urea,,
4.54,157,12,56,13.51,38.67,1721.54,Potato,Harvest,DAP,,
8.25,75,78,99,37.16,59.95,1807.53,Tomato,Vegetative,Zinc Sulphate,,
7.01,62,20,54,27.07,77.69,748.67,Rice,Vegetative,DAP,,
5.79,67,13,119,10.84,85.72,2886.92,Cotton,Harvest,DAP,,
5.49,59,42,66,32.88,42.1,1865.1,Cotton,Vegetative,Urea,,
4.54,53,42,13,24.2,43.92,823.33,Wheat,Vegetative,Urea,,
5.44,129,54,15,25.99,40.78,2533.63,Potato,Sowing,MOP,,
5.05,132,29,24,28.4,39.54,1059.71,Rice,Flowering,DAP,,
6.95,132,46,118,12.83,57.3,2243.75,Potato,Sowing,NPK,,
5.17,148,30,54,38.43,68.15,1959.45,Tomato,Vegetative,DAP,,
6.61,38,67,91,17.66,72.38,647.11,Potato,Sowing,Urea,,
6.86,20,60,90,28.65,49.63,464.53,Cotton,Harvest,Urea,,
5.69,139,80,69,35.67,67.43,1901.03,Maize,Flowering,Zinc Sulphate,,
4.64,107,25,106,19.96,30.14,2071.25,Sugarcane,Vegetative,DAP,,
4.65,122,45,109,28.83,83.3,566.96,Rice,Flowering,Compost,,
4.61,103,59,116,39.67,82.19,683.61,Maize,Flowering,Compost,,
7.46,47,84,98,35.55,62.65,340.25,Rice,Vegetative,Urea,,
5.77,126,57,37,33.38,44.6,576.6,Rice,Harvest,MOP,,
7.69,64,38,86,23.18,88.33,1846.62,Potato,Sowing,DAP,,
6.23,43,51,41,23.54,78.64,761.78,Cotton,Flowering,Urea,,
6.31,63,68,57,24.57,31.02,1008.25,Wheat,Flowering,Compost,,
6.55,149,64,28,30.71,58.18,1754.7,Maize,Harvest,MOP,,
7.35,97,83,40,14.33,36.12,1359.6,Cotton,Vegetative,NPK,,
5.59,81,76,88,35.83,37.93,2566.63,Sugarcane,Harvest,MOP,,
4.99,23,31,69,10.54,30.08,1798.97,Potato,Harvest,Urea,,
6.72,145,11,53,15.1,71.26,569.78,Tomato,Harvest,DAP,,
5.81,50,17,32,24.45,45.15,1276.1,Cotton,Harvest,Urea,,
6.27,78,50,113,17.56,48.29,924.54,Rice,Harvest,DAP,,
7.09,20,20,36,20.97,32.82,925.16,Potato,Vegetative,Urea,,
6.48,88,33,10,19.98,30.48,918.11,Maize,Vegetative,DAP,,
6.98,33,35,31,18.07,77.56,1371.46,Sugarcane,Harvest,Urea,,
6.68,42,44,17,21.41,69.68,569.78,Cotton,Harvest,Urea,,
7.46,127,14,78,25.16,52.94,906.7,Tomato,Sowing,DAP,,
7.32,133,24,33,24.29,34.19,2164.11,Rice,Harvest,DAP,,
6.64,137,23,42,34.36,76.55,2516.84,Tomato,Sowing,DAP,,
7.22,156,46,21,19.24,85.58,238.51,Potato,Sowing,MOP,,
7.99,138,27,13,18.46,61.65,433.68,Tomato,Flowering,DAP,,
6.23,117,85,73,25.13,38.34,2594.13,Sugarcane,Harvest,SSP,,
6.15,64,76,88,11.44,69.15,801.03,Rice,Vegetative,NPK,,
7.56,145,55,69,13.35,34.29,1074.09,Cotton,Vegetative,NPK,,
6.83,154,77,18,34.09,39.93,1143.85,Tomato,Flowering,MOP,,
4.78,76,66,51,24.81,58.24,2624.45,Potato,Harvest,Compost,,
8.07,83,49,62,12,44.94,655.72,Cotton,Vegetative,Zinc Sulphate,,
4.62,21,54,86,23.21,85.81,2475.11,Rice,Harvest,Urea,,
7.49,25,25,83,21.95,78.53,1509.54,Maize,Harvest,Urea,,
7.54,127,71,69,17.38,46.61,2392.87,Tomato,Sowing,MOP,,
8.31,80,32,115,21.16,87.83,2126.55,Maize,Vegetative,DAP,,
4.72,36,82,23,15.65,52.7,2249.88,Wheat,Vegetative,Urea,,
6.89,45,60,60,23.47,64.1,518.77,Cotton,Harvest,Urea,,
6.21,95,10,74,22.26,63.84,1064.58,Tomato,Vegetative,DAP,,
5.82,60,86,36,28.23,68.98,836.05,Tomato,Harvest,MOP,,
4.86,129,54,31,38.26,44.62,552.58,Potato,Harvest,MOP,,
6.75,118,13,31,15.56,85.32,1989.86,Maize,Harvest,DAP,,
6.42,118,64,99,22.52,45.94,2146.37,Rice,Sowing,Compost,,
4.92,73,19,73,26.87,69.89,596.15,Tomato,Harvest,DAP,,
6.95,67,39,33,26.41,75.95,2351.82,Maize,Harvest,DAP,,
7.45,114,23,39,29.84,82.89,1003.11,Sugarcane,Harvest,DAP,,
7.57,109,39,49,18.04,57.42,1255.03,Tomato,Sowing,DAP,,
8.12,91,14,90,29.04,72.7,2981.11,Tomato,Sowing,DAP,,
6.14,123,24,32,16.04,35.12,737.56,Sugarcane,Harvest,DAP,,
8.31,152,26,19,13.76,76.68,530.74,Tomato,Harvest,DAP,,
7.96,71,57,42,34.95,75.34,951.83,Rice,Harvest,Zinc Sulphate,,
5.69,20,85,81,24.21,54.64,2809.05,Tomato,Harvest,Urea,,
5.14,64,34,14,21.92,48.81,536.14,Rice,Vegetative,DAP,,
6.24,137,28,107,37.86,52.81,1924.64,Cotton,Flowering,DAP,,
6.11,59,68,36,31.29,35.43,2420.63,Sugarcane,Vegetative,Urea,,
6.8,30,62,71,30.31,68.27,2782.64,Maize,Sowing,Urea,,
6.83,145,48,104,15.83,84.78,1538.49,Wheat,Flowering,MOP,,
7.5,115,14,34,16.28,69.94,1481.53,Rice,Flowering,DAP,,
6.54,154,49,75,24.49,64.83,2517.3,Sugarcane,Sowing,SSP,,
4.92,58,67,29,29.57,89.44,748.35,Rice,Flowering,Urea,,
7.93,63,87,52,21.86,62.51,1494.04,Tomato,Sowing,Zinc Sulphate,,
5.74,76,15,76,11.93,50.75,1985.65,Maize,Vegetative,DAP,,
8.39,60,28,67,30.49,72.28,2160.26,Maize,Sowing,DAP,,
4.97,58,77,50,33.21,61.29,513.17,Sugarcane,Harvest,Urea,,
8.33,41,33,113,38.33,88.33,2628.05,Potato,Sowing,Urea,,
4.86,65,28,73,22.26,83.88,2491.09,Cotton,Sowing,DAP,,
5.42,22,68,111,17.74,86.81,1087.74,Tomato,Sowing,Urea,,
4.69,152,70,55,37.77,30.06,1533.87,Cotton,Harvest,Compost,,
7.32,75,41,69,31.45,50.05,1275.31,Wheat,Flowering,Urea,,
7.9,86,54,113,11.92,67.63,2947.08,Maize,Harvest,Zinc Sulphate,,
6.24,108,44,24,27.4,48.5,1835.18,Rice,Vegetative,MOP,,
8.21,116,63,36,10.86,69.39,957.3,Maize,Sowing,MOP,,
6.86,128,11,67,16.8,72.9,2288.65,Sugarcane,Sowing,DAP,,
7.02,60,83,33,12.13,67.4,2500.6,Wheat,Flowering,MOP,,
7.88,48,54,44,16.15,57.5,2233.16,Tomato,Flowering,Urea,,
5.69,122,42,32,24.7,71.81,433.86,Cotton,Sowing,MOP,,
5.92,130,32,17,18.97,76.82,1005.66,Cotton,Sowing,DAP,,
8.12,128,45,95,12.64,71.77,1214.82,Maize,Sowing,Zinc Sulphate,,
8.1,30,78,25,24.46,78.72,807.25,Tomato,Flowering,Urea,,
8.41,114,89,79,31.25,86.84,1547.78,Tomato,Harvest,Zinc Sulphate,,
8.11,151,80,112,11.59,36.15,1094.59,Cotton,Vegetative,Zinc Sulphate,,
5.01,112,18,70,36.47,84.39,302.09,Rice,Sowing,DAP,,
7.79,73,58,118,29.59,46.41,2025.74,Wheat,Sowing,SSP,,
6.14,140,35,67,25.58,63.83,1420.71,Maize,Sowing,DAP,,
8.46,21,36,38,21.89,86.54,278.71,Potato,Harvest,Urea,,
6.39,119,50,72,21.8,67.2,2812.12,Wheat,Sowing,Urea,,
6.72,97,81,35,20.07,35.05,2022.9,Wheat,Flowering,MOP,,
6.62,67,15,18,13.47,59.95,407.05,Potato,Sowing,DAP,,
5.79,87,75,28,12.38,83.66,2690.31,Tomato,Vegetative,MOP,,
4.8,63,70,80,19.26,54.73,1378.41,Tomato,Vegetative,Compost,,
8.08,147,76,34,30.01,80.88,870.89,Maize,Vegetative,MOP,,
7.71,113,75,33,18.65,77.65,328.82,Tomato,Harvest,MOP,,
5.06,102,86,48,34.37,84.39,2285.5,Potato,Harvest,Compost,,
7.61,38,52,56,21.41,45.78,2914.1,Cotton,Harvest,Urea,,
7,81,34,70,28.94,59.79,718.88,Wheat,Vegetative,DAP,,
6.14,86,71,110,22.96,50.11,1367.36,Sugarcane,Harvest,DAP,,
5.52,105,22,107,24.93,62.06,865.03,Sugarcane,Sowing,DAP,,
7.94,103,33,38,17.5,31.15,1802.92,Cotton,Sowing,DAP,,
7.3,144,68,107,25.42,44.5,2639.63,Potato,Harvest,Urea,,
6.69,26,86,29,13.32,88.44,565.95,Sugarcane,Flowering,Urea,,
6.94,148,47,14,21.6,66.19,1034.99,Wheat,Flowering,MOP,,
4.86,41,17,117,23.45,40.4,661.05,Sugarcane,Vegetative,Urea,,
6.4,76,67,45,31.12,60.5,840.29,Rice,Sowing,Zinc Sulphate,,
5.27,113,39,103,22.01,71.88,563.8,Sugarcane,Harvest,DAP,,
5.33,144,28,71,29.96,66.22,1976.97,Rice,Sowing,DAP,,
7.15,92,39,59,15.24,60.12,321.8,Potato,Sowing,DAP,,
8.15,46,64,29,10.76,70.44,2241.15,Sugarcane,Harvest,Urea,,
6.12,57,55,20,25.18,40.02,597.95,Wheat,Flowering,Urea,,
5.33,147,47,94,24.22,56.29,946.7,Sugarcane,Flowering,Compost,,
7.09,95,26,29,30.09,75.02,1166.79,Sugarcane,Flowering,DAP,,
7.98,116,89,15,19.41,64.77,1266.95,Sugarcane,Sowing,MOP,,
7.49,99,68,54,10.9,84.38,684.19,Wheat,Sowing,MOP,,
7.98,117,46,35,31.71,56.63,1568.68,Tomato,Flowering,MOP,,
6.65,67,64,32,38.27,37.93,2705.34,Potato,Vegetative,MOP,,
7.51,34,15,14,21.83,32.93,1484.43,Cotton,Flowering,Urea,,
5.06,118,75,34,28.33,58.65,277.99,Tomato,Sowing,MOP,,
5.89,59,78,102,26.34,56.25,1217.52,Tomato,Sowing,Urea,,
6.06,49,51,13,26.98,45.39,1328.8,Potato,Sowing,Urea,,
6.55,131,74,100,36.02,65.43,993.37,Cotton,Flowering,Zinc Sulphate,,
8.22,42,89,19,32.09,45.01,1028.72,Rice,Sowing,Urea,,
8,28,19,43,33.09,42.98,756.99,Sugarcane,Flowering,Urea,,
5.04,54,49,100,12.7,67.33,2878.69,Wheat,Sowing,Urea,,
5.19,68,61,67,14.4,86.7,1682.44,Maize,Harvest,Compost,,
5.93,115,33,17,29.9,42.17,1702.93,Potato,Vegetative,DAP,,
5.66,35,68,61,26.21,40.97,1391.69,Rice,Flowering,Urea,,
6.96,51,30,108,33.23,61.16,1927.37,Tomato,Vegetative,Urea,,
8.11,44,61,37,12.79,37.17,1385.15,Maize,Sowing,Urea,,
8.35,113,88,18,26.99,47.65,2129.1,Tomato,Harvest,MOP,,
7.11,56,14,43,24.58,89.45,447,Potato,Sowing,Urea,,
7.85,56,45,68,35.64,80.46,283.1,Wheat,Harvest,Urea,,
6.6,64,31,103,15.61,72.37,1774.79,Tomato,Harvest,DAP,,
5.33,155,17,26,20.46,31.56,2255.47,Sugarcane,Sowing,DAP,,
6.6,55,61,42,14.51,45.9,2073.24,Cotton,Harvest,Urea,,
6.72,137,10,65,23.55,64.18,1316.2,Tomato,Flowering,DAP,,
7.47,101,37,70,36.44,72.62,209.01,Sugarcane,Flowering,DAP,,
5.38,122,40,102,30.11,70.1,538.26,Wheat,Vegetative,Compost,,
5.97,157,62,46,32.33,41.13,1297.69,Wheat,Harvest,Zinc Sulphate,,
5.96,20,33,22,12.8,57.98,2060.2,Rice,Sowing,Urea,,
8.34,115,54,38,23.56,41.91,1073.73,Rice,Harvest,MOP,,
6.28,111,16,49,35.16,85.41,1688.48,Wheat,Vegetative,DAP,,
7.52,106,11,112,35.12,63.44,691.47,Potato,Sowing,DAP,,
7.5,150,82,64,39.64,53.42,674.78,Wheat,Sowing,DAP,,
5.56,134,72,23,25.78,85.08,2279.77,Wheat,Flowering,MOP,,
6.79,51,50,17,10.06,84.24,1427.51,Rice,Harvest,Urea,,
8.08,75,32,41,36.97,60.25,2857.3,Tomato,Flowering,DAP,,
6.4,97,59,20,38.69,71.21,791.65,Potato,Sowing,MOP,,
8.28,118,83,108,37.83,49.13,1453.73,Rice,Sowing,Zinc Sulphate,,
5.36,123,42,78,33.16,48.46,727.2,Wheat,Sowing,Compost,,
4.8,61,52,59,16.36,62.97,916.67,Maize,Harvest,Compost,,
8.07,92,64,46,14.17,80.8,1992.16,Sugarcane,Harvest,Zinc Sulphate,,
7.89,79,60,54,31.03,65.83,2746.96,Potato,Vegetative,Zinc Sulphate,,
8.47,60,46,78,14.21,57.54,559.59,Maize,Vegetative,Zinc Sulphate,,
7.22,23,72,75,38.6,69.85,562.84,Rice,Harvest,Urea,,
8.25,95,76,35,23.37,78.74,2866.9,Rice,Vegetative,MOP,,
7.81,20,54,39,10.92,77.24,2261.57,Maize,Harvest,Urea,,
7.88,33,80,86,14.52,52.24,1075.91,Maize,Flowering,Urea,,
6.78,157,58,47,18.71,86.14,1339.41,Potato,Sowing,Urea,,
6.03,116,10,113,31.11,30.95,2408.91,Cotton,Vegetative,DAP,,
8.24,61,63,36,32.12,57.05,2156.7,Potato,Vegetative,MOP,,
6.23,141,45,90,16.39,84.45,1906.64,Maize,Harvest,SSP,,
6.66,67,74,60,29.46,71.76,2621.21,Maize,Vegetative,NPK,,
6.28,37,50,24,10.95,72.24,1074.75,Potato,Flowering,Urea,,
6.76,108,59,71,13.09,39.39,791.52,Cotton,Flowering,Urea,,
6.38,95,58,106,26.05,64.92,1347.4,Tomato,Flowering,MOP,,
4.69,79,56,39,31.11,88.02,220.91,Sugarcane,Vegetative,MOP,,
8.03,28,19,41,37.43,42.69,1620.4,Maize,Flowering,Urea,,
6.28,46,53,59,23.13,49.63,1222.65,Maize,Flowering,Urea,,
6.86,120,53,16,13.6,53.32,569.41,Tomato,Sowing,MOP,,
5.06,102,13,48,37.87,51.59,2651.36,Potato,Vegetative,DAP,,
4.51,73,73,70,23.12,67.62,744.36,Rice,Sowing,Compost,,
5.48,105,29,25,24.92,44.07,2176.7,Sugarcane,Flowering,DAP,,
7.32,101,63,84,35.63,60.34,2176.02,Maize,Flowering,Zinc Sulphate,,
4.9,116,88,46,27.57,54.01,319.25,Potato,Sowing,Compost,,
8.14,122,50,62,19.04,68.67,1397.4,Potato,Harvest,Zinc Sulphate,,
5.36,59,39,87,26.22,44.52,1533.85,Maize,Flowering,Urea,,
5.32,83,80,32,28.75,63.19,2489.06,Maize,Vegetative,MOP,,
5.23,154,50,68,36.69,74.42,1948.44,Wheat,Vegetative,Compost,,
4.56,21,17,104,17.05,71.58,377.3,Wheat,Flowering,Urea,,
7.59,49,80,37,26.78,80.06,1456.56,Sugarcane,Harvest,Urea,,
8,71,78,115,37.61,87.37,1042.39,Tomato,Vegetative,Zinc Sulphate,,
6.96,120,41,78,11.36,81.24,678.65,Potato,Vegetative,NPK,,
5.25,122,89,97,15.84,86.29,972.92,Potato,Flowering,Compost,,
5.64,52,49,60,20.39,31.05,2552.62,Rice,Flowering,Urea,,
6.4,28,71,91,30.35,67.74,1935.99,Sugarcane,Vegetative,Urea,,
8.32,30,36,77,35.26,46.06,1419.19,Cotton,Harvest,Urea,,
5.49,143,48,96,15.98,78.54,2217.36,Maize,Flowering,Compost,,
7.43,95,42,82,17.4,79.14,2911.02,Sugarcane,Sowing,DAP,,
6.26,157,75,20,34.7,32.87,2796.06,Maize,Flowering,MOP,,
5.69,73,88,44,14.45,65.73,471.19,Sugarcane,Harvest,Zinc Sulphate,,
6.32,94,80,20,17.84,81.05,1130.38,Tomato,Harvest,MOP,,
4.78,116,22,80,31.98,65.24,1076.76,Cotton,Harvest,DAP,,
7.69,24,38,26,14.98,55.53,1750.77,Maize,Flowering,Urea,,
5.47,43,77,64,34.84,34.61,453.16,Tomato,Sowing,Urea,,
7.4,50,19,91,24.72,73.82,2780.81,Wheat,Harvest,Urea,,
4.77,125,85,35,23.43,34.48,2391.08,Maize,Flowering,MOP,,
8.32,63,67,56,14.06,65.87,543.75,Wheat,Vegetative,Zinc Sulphate,,
5.27,43,36,35,30.39,85.06,911.95,Rice,Vegetative,Urea,,
8.03,137,67,66,36.52,55.15,600.58,Wheat,Harvest,Zinc Sulphate,,
7.74,31,79,90,30.76,76.21,1537.44,Potato,Vegetative,Urea,,
8.37,104,54,83,19.51,77.99,2692.34,Potato,Flowering,Zinc Sulphate,,
6.41,134,59,103,30.96,30.62,2004.96,Sugarcane,Vegetative,NPK,,
7.41,44,57,88,25.3,84.9,1895.47,Maize,Flowering,Urea,,
5.98,136,52,57,35.61,41.33,408.58,Maize,Vegetative,NPK,,
5.24,91,23,35,23.79,46.96,2737.62,Sugarcane,Harvest,DAP,,
6.27,48,53,50,17.12,82.25,986.12,Tomato,Harvest,Urea,,
5.16,44,37,37,13.04,71.2,2720.38,Maize,Harvest,Urea,,
8.43,106,70,28,18.43,52.31,1471.28,Cotton,Vegetative,MOP,,
4.88,119,47,10,26.91,35.27,1680.58,Maize,Vegetative,MOP,,
6.86,159,80,43,15.1,53.17,1894,Maize,Sowing,Zinc Sulphate,,
7.01,159,84,111,11.19,87.98,1007.83,Rice,Flowering,Compost,,
6.65,101,42,97,23.47,36.28,2539.56,Maize,Flowering,Urea,,
7.15,119,76,50,20.42,80.77,2883.38,Maize,Harvest,Zinc Sulphate,,
4.96,38,31,97,22.61,49.52,993.79,Cotton,Harvest,Urea,,
6.72,131,22,91,23.62,69.27,200.39,Wheat,Flowering,DAP,,
5.65,72,15,74,32.98,67.89,1671.72,Potato,Harvest,DAP,,
8.26,54,73,83,38.83,49.54,1859.98,Tomato,Vegetative,Urea,,
7.55,132,63,13,17.87,33.26,377.77,Wheat,Vegetative,MOP,,
8.39,86,52,23,38.27,38.93,2084.11,Tomato,Sowing,MOP,,
4.65,70,64,72,16.85,63.95,1017.79,Maize,Vegetative,Compost,,
5.64,124,37,30,32.65,86.93,2884.27,Potato,Vegetative,DAP,,
5.28,62,67,73,30.44,85.55,2387.96,Tomato,Harvest,Compost,,
4.54,54,24,35,11.57,36.81,403.23,Wheat,Vegetative,Urea,,
5.47,34,33,111,31.75,82.51,2872.23,Rice,Harvest,Urea,,
7.22,118,71,78,37.03,44.03,836.24,Potato,Flowering,Compost,,
5.42,88,74,88,37.91,84.59,2435.32,Rice,Vegetative,Compost,,
6.54,104,35,33,30.56,75.51,2001.18,Wheat,Vegetative,DAP,,
8.05,49,70,19,33.6,87.68,1701.64,Rice,Flowering,Urea,,
7.28,107,10,108,12.15,56.5,2811.46,Tomato,Vegetative,DAP,,
6.08,65,55,90,14.84,73.9,1896.45,Maize,Vegetative,NPK,,
5.99,79,10,41,17.87,74.12,2604.43,Wheat,Sowing,DAP,,
6.32,98,60,82,25.94,59.77,2517.55,Cotton,Vegetative,NPK,,
5.21,43,45,40,21.59,88.47,2082.09,Tomato,Flowering,Urea,,
7.04,33,78,114,29.71,44.62,1573.03,Potato,Vegetative,Urea,,
5.96,58,78,24,23.37,89.17,474.84,Tomato,Sowing,Urea,,
7.91,27,75,59,33.25,78.73,631.19,Maize,Vegetative,Urea,,
7.53,99,84,12,31.41,66.97,1691.86,Maize,Flowering,MOP,,
6.94,100,39,113,32.42,34.54,1130.18,Maize,Flowering,DAP,,
5.96,60,17,44,34.87,45.56,781.97,Wheat,Vegetative,DAP,,
5.34,54,11,63,35.03,80.48,2907.84,Cotton,Flowering,Urea,,
7.6,73,34,86,33.39,73.69,2604.11,Cotton,Flowering,DAP,,
6.45,37,28,95,11.98,87.76,1404.8,Cotton,Harvest,Urea,,
5.4,40,80,80,28.7,53.81,2639.05,Tomato,Vegetative,Urea,,
5.28,61,23,93,10.59,83.67,366.49,Wheat,Vegetative,DAP,,
5.16,84,13,110,32.31,81.71,477.84,Rice,Sowing,DAP,,
7.61,155,55,35,11.83,87.97,2854.51,Maize,Harvest,MOP,,
5.42,133,42,92,39.5,46.35,2128.64,Maize,Flowering,Compost,,
6.61,120,46,103,28.42,59.67,2340.07,Rice,Sowing,NPK,,
6.31,80,39,107,15.46,34.86,2532.09,Potato,Flowering,DAP,,
6.82,29,87,44,24.05,65.46,349.03,Wheat,Flowering,Urea,,
8.01,26,36,37,34.8,73.94,2209.89,Cotton,Harvest,Urea,,
7.97,54,22,108,15.4,44.28,1199.04,Wheat,Harvest,Urea,,
6.3,110,80,107,26.1,40.18,2490.4,Potato,Harvest,Urea,,
4.56,61,47,25,10.11,68.37,1285.53,Tomato,Harvest,MOP,,
6.21,107,61,57,33.65,53.59,2349.32,Rice,Vegetative,NPK,,
6.92,48,82,105,15.84,55.59,2723.61,Sugarcane,Harvest,Urea,,
6.73,57,75,90,21.62,58.27,1150.01,Sugarcane,Flowering,Urea,,
7.11,21,49,97,25.91,60.69,1514.22,Rice,Harvest,Urea,,
5.12,44,47,78,14.35,41.73,1704.79,Rice,Vegetative,Urea,,
7.09,57,50,85,37.8,64.66,2125.96,Cotton,Flowering,Urea,,
5.23,78,14,31,24.06,34.15,2563.49,Maize,Vegetative,DAP,,
7.5,125,73,21,16.95,36.81,789.09,Tomato,Flowering,MOP,,
5.86,26,65,102,32.05,72.69,2847.79,Potato,Sowing,Urea,,
7.34,127,58,67,36.83,73.89,2399.63,Cotton,Flowering,Compost,,
4.69,60,68,112,37.38,45.98,590.7,Maize,Sowing,Compost,,
6.13,124,48,48,22.93,41.08,1140.35,Cotton,Sowing,Compost,,
7.32,113,89,45,20.78,33.24,903.82,Wheat,Vegetative,NPK,,
5.41,43,64,15,37.88,55.13,645.26,Maize,Vegetative,Urea,,
7.68,55,84,57,11.59,60.54,2005.25,Cotton,Vegetative,Urea,,
7.02,99,87,17,32.52,83.97,384.22,Tomato,Flowering,MOP,,
6.85,157,73,79,15.33,30.15,1876.56,Rice,Flowering,SSP,,
5.91,40,12,64,23.97,54.35,2517.59,Cotton,Sowing,Urea,,
6.43,46,17,103,38.61,55.16,1213.3,Potato,Flowering,Urea,,
6.89,74,88,70,27.43,83.19,1571.09,Potato,Flowering,SSP,,
6.39,104,82,92,25.7,41.76,603.6,Wheat,Flowering,Zinc Sulphate,,
7.29,152,25,103,11.85,33.97,2217.15,Potato,Sowing,DAP,,
6.23,136,35,98,18.32,52.9,2744.49,Potato,Vegetative,DAP,,
5.31,78,41,19,10.09,66.74,2251.73,Tomato,Sowing,MOP,,
5.36,93,17,57,36.25,81.49,544.38,Rice,Flowering,DAP,,
4.52,53,69,75,29.35,46.14,1167.29,Tomato,Sowing,Urea,,
5.7,71,83,119,13.54,45.08,684.96,Maize,Sowing,Compost,,
7.5,153,21,116,20.9,49.56,1850.42,Tomato,Vegetative,DAP,,
7.68,78,85,33,34.34,37.09,2223.01,Rice,Vegetative,MOP,,
5.31,76,68,37,14.21,88.63,2930.88,Cotton,Vegetative,MOP,,
8.34,139,68,43,16.91,62.44,1608.17,Wheat,Harvest,Zinc Sulphate,,
6.51,56,83,66,26.24,46.33,1984.37,Cotton,Flowering,Urea,,
8.17,51,43,76,14.35,51.7,498.41,Cotton,Sowing,Urea,,
7.33,39,39,35,21.48,81.96,634.71,Sugarcane,Flowering,Urea,,
7.39,145,53,72,39.46,70.42,848.75,Wheat,Vegetative,NPK,,
4.84,100,47,31,26.32,63.19,352.12,Potato,Flowering,MOP,,
5.38,128,34,105,31.05,73.49,1342.89,Rice,Sowing,DAP,,
4.54,71,33,116,29.9,75.35,2863.33,Sugarcane,Flowering,DAP,,
7.36,107,70,45,16.35,41.65,2028.17,Potato,Sowing,SSP,,
5.88,104,18,87,35.38,39.52,1420.89,Tomato,Harvest,DAP,,
7.65,98,57,46,13.66,88,1582.86,Potato,Flowering,NPK,,
5.86,158,61,12,37.65,41.14,610.55,Rice,Flowering,MOP,,
7.78,120,79,101,16.48,57.89,470.87,Rice,Vegetative,NPK,,
5.02,79,73,99,38.64,88.97,925.28,Maize,Flowering,Compost,,
5.19,139,45,113,33.94,55.03,1058.19,Maize,Harvest,Compost,,
5.86,145,29,83,15.13,60.89,543.97,Wheat,Sowing,DAP,,
6.13,31,59,73,14.81,77.9,2135.94,Potato,Flowering,Urea,,
5.89,121,21,117,12.54,50.42,2784.89,Wheat,Sowing,DAP,,
7.55,131,16,99,17.42,55.86,688.28,Cotton,Sowing,DAP,,
4.89,59,49,113,29.77,49.93,2546.76,Wheat,Harvest,Urea,,
5.9,38,51,32,25.61,47.24,1035.31,Potato,Flowering,Urea,,
7.85,106,76,80,28.4,58.31,1899.31,Wheat,Sowing,Zinc Sulphate,,
4.77,119,59,107,10.93,74.75,448.36,Tomato,Flowering,Compost,,
8.27,99,50,67,12.4,82.04,870.04,Potato,Flowering,Zinc Sulphate,,
8.45,26,33,21,30.76,58.21,642.62,Maize,Sowing,Urea,,
4.85,96,78,95,35.44,49.26,651.58,Sugarcane,Flowering,Compost,,
5.67,74,22,61,20.78,84.7,2813.7,Maize,Harvest,DAP,,
5.99,110,43,20,14.99,50.16,1218.76,Wheat,Harvest,MOP,,
7.61,158,12,18,19.25,76.5,749.04,Tomato,Vegetative,DAP,,
6.88,85,82,14,22.36,74.92,679.62,Potato,Vegetative,MOP,,
7.08,86,12,79,28.9,32.99,2084.2,Cotton,Harvest,DAP,,
7.53,117,33,80,22.28,40.66,2211.77,Tomato,Sowing,DAP,,
4.97,133,83,119,36.91,64.37,2943.32,Cotton,Vegetative,Compost,,
7.83,32,44,27,22.04,82.06,1953.02,Cotton,Harvest,Urea,,
7.32,40,29,88,15.44,65.64,1484.66,Maize,Sowing,Urea,,
6.81,154,53,74,17.45,74.56,827.61,Cotton,Vegetative,NPK,,
8.06,103,85,88,23.95,74.06,310.14,Wheat,Harvest,Zinc Sulphate,,
7.3,131,57,63,33.47,59.66,2666.2,Maize,Sowing,NPK,,
5.31,145,52,18,36.08,63.65,2408.79,Potato,Flowering,MOP,,
6.22,97,85,80,15.56,34.28,2429.27,Wheat,Vegetative,NPK,,
6.48,105,77,117,10.1,85.66,1101.75,Sugarcane,Flowering,Urea,,
4.72,124,81,69,36.08,70.46,1201.26,Wheat,Sowing,Compost,,
8.32,95,80,18,16.85,39.27,2394.21,Sugarcane,Vegetative,MOP,,
5.01,132,64,53,34.65,44.64,2125.18,Sugarcane,Flowering,Compost,,
7.29,50,35,20,26.52,30.28,2018.9,Tomato,Sowing,Urea,,
6.52,123,40,12,22.12,45.84,1753.14,Rice,Vegetative,MOP,,
4.6,87,63,86,14.4,49,1231.42,Rice,Flowering,Compost,,
8.2,46,65,14,30.16,70.99,2275.53,Wheat,Flowering,Urea,,
7.91,156,65,41,34.54,58.6,1210.54,Sugarcane,Sowing,Zinc Sulphate,,
6.6,112,62,31,23.83,80.57,2257.17,Maize,Sowing,MOP,,
5.42,35,81,63,23.39,35.21,733.19,Maize,Flowering,Urea,,
4.99,130,70,62,32.66,72.42,1853.28,Cotton,Flowering,Compost,,
5.95,132,43,71,25,82.49,1200.5,Cotton,Flowering,Zinc Sulphate,,
5.52,32,55,59,33.57,55.28,2520.02,Tomato,Harvest,Urea,,
6.53,79,89,116,11.62,47.32,1652.34,Tomato,Sowing,MOP,,
8.37,98,83,35,35.73,56.73,1947.24,Maize,Harvest,MOP,,
6.8,156,59,76,17.86,77.33,433.12,Rice,Flowering,MOP,,
8.06,139,78,63,15.08,85.14,1586.67,Sugarcane,Flowering,Zinc Sulphate,,
7.1,144,20,50,10.97,33.94,2386.05,Wheat,Sowing,DAP,,
6.4,127,84,17,35.02,61.71,2607.96,Maize,Flowering,MOP,,
7.92,51,27,33,11.8,68.38,2219.28,Maize,Sowing,Urea,,
6.39,74,40,113,38.63,31.05,1372.01,Rice,Harvest,DAP,,
7.97,45,71,22,26.95,40.87,920.93,Cotton,Sowing,Urea,,
5.67,128,32,84,30.96,33.75,1289.62,Sugarcane,Sowing,DAP,,
5.02,147,62,111,31.76,47.42,1772.48,Wheat,Flowering,Compost,,
7.92,101,71,118,18.78,42.32,216.24,Tomato,Flowering,Zinc Sulphate,,
6.85,55,83,69,34.19,59.21,2753.62,Tomato,Flowering,Urea,,
8.06,116,26,116,38.39,69.32,1162.41,Rice,Flowering,DAP,,
8.25,103,50,23,21.1,80.53,2431.06,Potato,Vegetative,MOP,,
4.71,150,17,55,35.06,48.26,1696.53,Cotton,Vegetative,DAP,,
6.5,78,40,14,33.16,33.02,2054.13,Wheat,Vegetative,MOP,,
6,25,58,22,27.69,30.23,2326.59,Tomato,Harvest,Urea,,
7,61,66,33,21.03,80.67,1006.15,Wheat,Flowering,MOP,,
7.67,76,57,25,22.46,82.69,1897.03,Rice,Vegetative,MOP,,
5.62,92,62,38,19.23,36.06,2304.61,Wheat,Vegetative,MOP,,
6.73,65,71,28,22.79,30.61,2358.59,Cotton,Harvest,MOP,,
7.33,131,59,90,39.69,78.02,1364.81,Maize,Vegetative,NPK,,
5.04,107,64,69,20.9,68.44,2239.84,Cotton,Vegetative,Compost,,
7.76,75,18,71,29.97,63.37,1045.32,Rice,Flowering,DAP,,
6.92,142,41,104,19.59,61.99,547.95,Wheat,Flowering,DAP,,
8.3,45,66,57,24,76.43,516.18,Maize,Vegetative,Urea,,
5.86,69,14,102,12.51,47.6,1615.97,Tomato,Harvest,DAP,,
4.93,149,74,41,32.9,53.35,1273.13,Sugarcane,Flowering,Compost,,
6.53,125,59,55,29.83,34.67,850.86,Cotton,Sowing,NPK,,
4.84,127,72,90,20.42,63.97,1295.3,Potato,Flowering,Compost,,
8.38,26,67,80,25.75,87.65,1353.16,Sugarcane,Vegetative,Urea,,
4.65,99,66,111,36.17,47.03,1750,Potato,Flowering,Compost,,
7.51,68,18,78,11.33,85.75,362.18,Rice,Vegetative,DAP,,
6.6,65,35,97,37.91,73.75,2742.46,Rice,Flowering,DAP,,
5.97,84,72,65,24.12,44.03,1242.16,Sugarcane,Flowering,DAP,,
4.76,21,75,42,35.79,69.77,1923.06,Potato,Sowing,Urea,,
6.99,98,43,32,35.84,51.97,1057.92,Maize,Vegetative,MOP,,
6.84,83,15,87,11.76,37.34,2332.69,Wheat,Vegetative,DAP,,
5.62,119,71,107,33.45,35.56,1484.35,Potato,Harvest,NPK,,
8.14,79,84,70,31.99,31.03,1101.03,Sugarcane,Harvest,Zinc Sulphate,,
5.72,108,50,13,11.3,77.87,2898.66,Potato,Harvest,MOP,,
6.3,156,63,74,38.22,83.09,2622.58,Maize,Flowering,NPK,,
6.68,34,45,11,29.04,58.95,704.92,Wheat,Sowing,Urea,,
4.9,25,11,102,15.03,61.2,2161.79,Sugarcane,Vegetative,Urea,,
8.23,64,36,67,13.69,71.5,2312.09,Sugarcane,Vegetative,DAP,,
6,95,27,82,26.86,72.05,296.76,Rice,Flowering,DAP,,
4.82,125,86,37,11.77,49.45,2890.7,Rice,Vegetative,MOP,,
6.05,85,20,42,14.93,39.55,852.32,Cotton,Sowing,DAP,,
6.9,148,87,32,38.45,55.83,2743.45,Potato,Flowering,MOP,,
6.55,111,53,93,32.34,71.82,2031.4,Wheat,Harvest,Urea,,
7.28,49,13,40,28.4,78.25,1633.91,Wheat,Harvest,Urea,,
4.72,29,86,57,16.26,35.35,2400.35,Wheat,Flowering,Urea,,
5.64,128,52,55,16.56,65.3,2090.08,Potato,Harvest,Urea,,
7.78,48,48,54,23.37,33.25,2272.69,Maize,Flowering,Urea,,
4.82,88,68,99,32.62,79.49,2602.14,Sugarcane,Vegetative,Compost,,
7.92,155,34,104,10.12,70.01,1519.31,Cotton,Vegetative,DAP,,
4.87,158,88,41,11.33,71.8,1392.04,Wheat,Harvest,Compost,,
7.84,55,64,60,36.1,75.7,2719.38,Potato,Vegetative,Urea,,
5.94,28,74,56,34.42,59.74,2434,Tomato,Harvest,Urea,,
6.95,154,34,70,30.84,47.93,253.89,Cotton,Harvest,DAP,,
5.11,37,46,59,24.99,77.14,2030.69,Maize,Flowering,Urea,,
4.76,156,84,44,14.35,76.64,2730.93,Rice,Sowing,Compost,,
5.36,153,89,24,13.07,38.1,2114.03,Cotton,Sowing,MOP,,
5.01,64,63,88,37.16,84.17,1749.63,Tomato,Sowing,Compost,,
5.75,98,82,46,21.48,43.27,692.49,Sugarcane,Flowering,Urea,,
6.56,106,37,118,30.87,48.39,2861.62,Maize,Vegetative,DAP,,
6.86,140,61,65,23.69,42.95,1953.78,Tomato,Harvest,NPK,,
7.66,149,73,68,31.93,87.94,482.87,Maize,Vegetative,NPK,,
7.12,60,47,34,15.8,47.97,2797.4,Cotton,Harvest,MOP,,
6.94,33,53,29,24.54,88.28,1646.49,Wheat,Vegetative,Urea,,
6.15,46,71,57,21.31,68.28,640.23,Maize,Sowing,Urea,,
6.4,100,77,95,17.35,40.59,834.29,Potato,Vegetative,NPK,,
6.16,92,47,29,27.93,63.23,2909.87,Rice,Harvest,MOP,,
7.87,29,59,24,26.11,82.94,1422.57,Maize,Flowering,Urea,,
5.42,112,70,71,24.87,63.7,1375.09,Potato,Harvest,Compost,,
4.52,151,37,103,27.73,37.96,1561.27,Sugarcane,Sowing,DAP,,
7.11,104,79,23,14.28,47.22,2161.46,Rice,Harvest,MOP,,
5.31,120,40,114,21.12,43.49,1222.06,Cotton,Harvest,Compost,,
8.06,21,66,30,19.74,37.55,1378.92,Wheat,Harvest,Urea,,
7.94,108,19,59,33.08,49.64,2289.13,Rice,Flowering,DAP,,
4.81,140,21,90,11.07,69.66,1491.35,Potato,Flowering,DAP,,
4.93,49,16,78,18.46,52.95,2198,Tomato,Harvest,Urea,,
6.48,28,37,24,37.55,56.63,2894.21,Cotton,Sowing,Urea,,
6.94,148,84,72,19.01,49.24,2895.07,Rice,Vegetative,NPK,,
5.6,75,29,52,14.56,89.67,1451.62,Wheat,Sowing,DAP,,
7.37,75,74,36,32.72,65.17,855.82,Potato,Sowing,MOP,,
6.88,80,36,70,11.44,80.03,903.45,Sugarcane,Sowing,DAP,,
5.8,64,25,63,22.79,56.48,2493.82,Potato,Sowing,DAP,,
4.6,157,45,68,35.66,40.12,423.22,Maize,Sowing,Compost,,
7.5,68,79,117,38.62,80.81,313.16,Maize,Sowing,MOP,,
5.36,109,19,48,17.47,75.81,2107.97,Wheat,Flowering,DAP,,
7.84,119,53,93,18.89,49.79,2748.32,Wheat,Vegetative,Zinc Sulphate,,
6.18,112,28,114,27.02,66.39,846.25,Rice,Harvest,DAP,,
6.81,37,83,44,16.8,35.61,352.81,Maize,Vegetative,Urea,,
7.99,30,74,90,14.52,31.58,2706.81,Maize,Flowering,Urea,,
7.95,115,83,18,22.78,78.95,1191.65,Potato,Sowing,MOP,,
5.99,150,71,116,12.17,86.52,1739.22,Wheat,Vegetative,NPK,,
5.34,123,42,119,36.83,50.64,2541.49,Potato,Vegetative,Compost,,
7.6,156,46,69,20.03,65.85,900.01,Potato,Harvest,Compost,,
6.23,87,22,71,20.09,73.04,1883.42,Cotton,Harvest,DAP,,
5.27,21,46,115,33.74,74.76,2976.23,Cotton,Flowering,Urea,,
8.12,138,28,77,20.25,58.86,2275.67,Sugarcane,Sowing,DAP,,
5.29,108,75,25,32.83,66.8,1312.55,Wheat,Vegetative,MOP,,
4.6,139,39,25,15.44,69.42,2350.45,Potato,Vegetative,DAP,,
4.58,41,41,102,25.87,36.2,260.96,Tomato,Harvest,Urea,,
6.99,140,42,117,33.06,68.71,802.95,Potato,Vegetative,NPK,,
7.15,93,49,105,23.5,60.65,2285.1,Tomato,Vegetative,NPK,,
5.74,106,24,41,12.15,52.71,934.26,Potato,Harvest,DAP,,
5.78,23,79,111,32.11,45.7,553.12,Sugarcane,Harvest,Urea,,
5.86,77,89,112,24.82,68.28,1021.25,Tomato,Sowing,Zinc Sulphate,,
7.22,137,47,113,19.49,40.01,679.74,Potato,Sowing,DAP,,
4.73,45,17,47,39.78,78.65,1377.81,Wheat,Vegetative,Urea,,
8.22,132,85,48,36.28,40.31,548.71,Wheat,Flowering,Zinc Sulphate,,
5.39,123,48,71,11.13,76.3,2545.57,Wheat,Sowing,Compost,,
8.5,148,69,72,27.81,79.05,2383.93,Maize,Vegetative,Zinc Sulphate,,
5.19,117,69,114,20.64,86.38,1059.52,Potato,Sowing,Compost,,
7.59,67,65,25,11.12,57.8,1655.8,Potato,Harvest,MOP,,
5.39,40,27,63,10.34,33.82,2594.1,Potato,Harvest,Urea,,
4.82,42,57,118,27.51,70.66,2801.26,Maize,Vegetative,Urea,,
8,110,30,24,19.6,46.96,455.04,Sugarcane,Vegetative,DAP,,
7.94,26,65,27,31.1,35.56,2221.66,Rice,Sowing,Urea,,
6.11,147,21,13,23.63,81.35,579.29,Potato,Flowering,DAP,,
7.31,68,15,46,32.99,38.38,256.09,Potato,Vegetative,DAP,,
6.73,118,40,49,34.39,60.38,421.04,Rice,Vegetative,NPK,,
7.91,50,80,72,29.72,77.31,1812.46,Rice,Sowing,Urea,,
5.76,144,70,77,22.54,41.95,1255.92,Sugarcane,Flowering,MOP,,
6.59,112,77,26,39.65,83.8,532.29,Sugarcane,Harvest,MOP,,
6.44,54,66,90,19.2,49.9,1528.11,Tomato,Sowing,Urea,,
5.92,53,70,107,25.44,53.79,1623.05,Wheat,Vegetative,Urea,,
8.07,34,26,57,25.61,37.89,2404.71,Sugarcane,Sowing,Urea,,
5.16,97,38,28,22.85,68.67,2058.25,Maize,Harvest,DAP,,
5.1,104,76,95,13.64,59.72,1504.71,Tomato,Harvest,Compost,,
6.81,90,68,48,20.62,88.45,1108.14,Tomato,Vegetative,NPK,,
7.13,100,12,116,16.46,71.9,205.62,Sugarcane,Flowering,DAP,,
5.28,57,36,74,37,75.54,2529.72,Cotton,Harvest,Urea,,
6.06,83,10,62,29.66,41.95,947.56,Tomato,Vegetative,DAP,,
8.29,48,88,27,18.63,72.77,797.01,Potato,Flowering,Urea,,
5.49,137,87,48,26.97,63.44,2256.88,Wheat,Harvest,Compost,,
7.17,134,13,69,35.6,54.23,400.62,Maize,Vegetative,DAP,,
7.46,29,13,101,38.03,76.96,935.33,Rice,Harvest,Urea,,
6.29,36,84,86,12.25,88.71,1418.16,Cotton,Sowing,Urea,,
8.25,134,42,44,33.61,35.69,1436.43,Sugarcane,Harvest,Zinc Sulphate,,
7.45,103,20,82,38.99,77.33,641.97,Cotton,Harvest,DAP,,
6.33,100,85,90,24.02,85.17,312.34,Rice,Harvest,NPK,,
6.78,90,88,43,39.87,48.91,1517.49,Wheat,Harvest,SSP,,
7.27,134,66,24,38.71,51.78,1200.9,Tomato,Harvest,MOP,,
6.87,75,35,82,29.71,77.69,997.58,Wheat,Harvest,DAP,,
8.01,80,35,112,35.43,87.22,957.76,Wheat,Harvest,DAP,,
5.93,122,63,28,18.9,86.34,1611.7,Cotton,Flowering,MOP,,
5.7,63,36,84,37.52,33.34,260.66,Maize,Vegetative,DAP,,
5.36,123,63,97,27.76,82.29,497.03,Sugarcane,Sowing,Compost,,
4.65,93,11,94,25.29,65.19,1110.57,Rice,Harvest,DAP,,
4.67,51,18,72,35.07,55.27,1543.48,Potato,Harvest,Urea,,
7.98,140,81,91,36.68,80.73,2142.72,Cotton,Vegetative,Zinc Sulphate,,
7.21,109,73,35,31.04,78.03,1020.7,Rice,Harvest,MOP,,
7.14,72,74,58,10.75,60.56,2067.73,Cotton,Harvest,Compost,,
6.96,20,30,13,27.92,54.64,1284.02,Sugarcane,Sowing,Urea,,
7.9,122,35,75,34.65,58.35,2369.22,Cotton,Sowing,DAP,,
6.42,137,24,26,26.36,49.1,1545.73,Wheat,Harvest,DAP,,
7.98,49,52,10,38.05,70.83,1715.89,Cotton,Flowering,Urea,,
5.94,28,48,86,36.92,83.52,1418.2,Tomato,Sowing,Urea,,
8.21,127,25,83,25.89,45.03,572.1,Cotton,Vegetative,DAP,,
7.29,52,44,90,22.11,79.53,679.27,Sugarcane,Harvest,Urea,,
5.53,45,32,94,11.65,51.64,1321.38,Wheat,Flowering,Urea,,
6.76,61,21,116,28.98,37.91,476.69,Tomato,Harvest,DAP,,
6.63,61,65,18,17.98,32.43,592.54,Sugarcane,Harvest,MOP,,
5.05,115,61,104,30.05,58.76,1946.46,Rice,Sowing,Compost,,
6.86,58,28,108,33.96,64.1,1973.08,Tomato,Flowering,Urea,,
5.76,80,71,19,22.26,30.36,556.82,Cotton,Flowering,MOP,,
4.71,66,17,58,10.47,69.16,2590.69,Sugarcane,Vegetative,DAP,,
8.29,67,20,57,35.96,61.11,2598.83,Maize,Vegetative,DAP,,
7.07,147,52,57,26.47,89.84,1263.24,Maize,Harvest,NPK,,
8.01,118,78,24,19.44,36.27,1594.29,Tomato,Vegetative,MOP,,
7.2,130,46,54,29.01,72.3,2444.33,Potato,Sowing,Urea,,
5.93,47,34,11,30.23,43.02,2335.58,Potato,Sowing,Urea,,
6.55,29,33,67,14.42,42.38,1215.69,Potato,Vegetative,Urea,,
7.2,125,43,47,29.39,31.12,1087.87,Maize,Sowing,MOP,,
8.34,119,21,12,18.6,30.39,2060.16,Sugarcane,Vegetative,DAP,,
5.51,20,51,99,34.11,41.2,1217.86,Cotton,Sowing,Urea,,
8,137,88,106,38.25,40.53,2130.46,Maize,Flowering,Zinc Sulphate,,
8.2,101,21,97,13.08,30.03,562.95,Wheat,Flowering,DAP,,
7.18,151,38,68,37.52,73.03,2081.71,Maize,Vegetative,DAP,,
8.23,151,29,106,37.1,60.22,2398.41,Maize,Harvest,DAP,,
6.09,134,88,72,20.29,53.77,2732.89,Cotton,Harvest,Zinc Sulphate,,
8.31,82,12,103,10.87,36.23,1477.31,Tomato,Harvest,DAP,,
7.31,54,89,52,29.9,50.03,1768.85,Maize,Vegetative,Urea,,
4.67,135,70,13,20.34,58.24,1008.95,Tomato,Vegetative,MOP,,
8.13,64,80,52,15.75,89.88,621.38,Maize,Vegetative,Zinc Sulphate,,
6.44,76,31,118,13.26,60.64,684.71,Tomato,Sowing,DAP,,
6.34,140,88,70,15.88,31.17,2564.81,Cotton,Sowing,Urea,,
6.77,39,82,95,17.12,42.46,1716.13,Maize,Sowing,Urea,,
5.1,43,26,58,33.87,51.27,1253.67,Sugarcane,Vegetative,Urea,,
6.38,89,11,73,33.51,57.36,2619.06,Wheat,Sowing,DAP,,
7.82,121,16,29,24.83,70.46,518.64,Sugarcane,Flowering,DAP,,
4.56,146,23,102,26.6,65.44,1863.85,Maize,Flowering,DAP,,
5.59,137,13,94,37.53,60.56,2414.1,Wheat,Vegetative,DAP,,
4.51,44,54,54,37.24,80.27,549.77,Potato,Harvest,Urea,,
6.16,100,72,26,34.86,41.77,537.53,Rice,Sowing,MOP,,
7.41,36,19,75,21.23,34.67,293.45,Wheat,Sowing,Urea,,
7.7,77,54,107,21,80.29,2837.49,Cotton,Harvest,DAP,,
8.28,21,53,31,36.64,57.73,2138.11,Tomato,Sowing,Urea,,
6.93,102,64,59,37.8,63.2,400.03,Wheat,Flowering,Zinc Sulphate,,
5.52,28,27,79,33.95,80.24,2079.52,Sugarcane,Flowering,Urea,,
8.2,142,20,34,32.71,86.75,1050.11,Cotton,Flowering,DAP,,
7.6,123,63,11,26.74,63.12,506.13,Sugarcane,Vegetative,MOP,,
6.8,102,10,52,20.15,78.74,2978.22,Sugarcane,Sowing,DAP,,
7.28,128,62,26,17.22,62.69,703.67,Rice,Vegetative,MOP,,
8.2,139,89,82,14.21,32,2435.91,Maize,Vegetative,Zinc Sulphate,,
7.35,153,87,29,31.85,87.35,2667.93,Rice,Harvest,MOP,,
5.97,30,42,46,33.31,79.07,1684.92,Maize,Sowing,Urea,,
7.35,125,16,61,20.76,75.21,2932.81,Potato,Sowing,DAP,,
4.66,147,34,88,10.18,56.51,535.63,Sugarcane,Vegetative,DAP,,
6.05,49,78,35,38.16,86.55,2890.44,Wheat,Vegetative,Urea,,
6.13,101,58,34,23.11,59.39,397.85,Maize,Sowing,MOP,,
5.17,134,83,73,39.24,73.25,1536.55,Rice,Vegetative,Compost,,
4.59,80,13,40,30.32,36.04,2594.08,Cotton,Harvest,DAP,,
5.03,37,33,39,13.72,43.13,1748.94,Rice,Vegetative,Urea,,
7.12,81,55,19,19.81,55.45,1833.69,Sugarcane,Flowering,MOP,,
7.71,80,79,47,29.71,64.88,650.76,Tomato,Vegetative,NPK,,
8.45,78,21,118,29.48,78.33,2956.17,Sugarcane,Flowering,DAP,,
5.89,129,71,94,16.96,44.45,847.15,Rice,Flowering,Compost,,
6.9,133,85,97,15.31,76.46,2605,Rice,Vegetative,NPK,,
8.25,70,71,107,18.3,83.4,2878.36,Cotton,Flowering,Zinc Sulphate,,
5.17,84,71,37,33.61,79.11,986.18,Potato,Flowering,MOP,,
7.37,131,85,110,17.26,67.34,2245.44,Maize,Flowering,NPK,,
7.52,61,67,33,31.05,78.6,425.05,Sugarcane,Harvest,MOP,,
4.86,62,47,38,36.1,82.65,2276.05,Maize,Harvest,MOP,,
7.94,21,77,90,21.75,63.31,1556.14,Tomato,Flowering,Urea,,
7.75,159,26,112,10.21,78.61,530.22,Sugarcane,Vegetative,DAP,,
4.63,145,19,97,14.26,55.27,2705,Sugarcane,Vegetative,DAP,,
4.86,63,52,26,19.36,61.35,2100.81,Rice,Flowering,MOP,,
4.7,54,42,110,15.7,33.16,672.05,Potato,Harvest,Urea,,
5.84,84,46,79,18.69,83.01,1691.86,Tomato,Vegetative,NPK,,
6.54,158,37,73,26.32,38.42,1112.44,Tomato,Vegetative,DAP,,
6.63,51,55,115,10.63,46.57,2189.58,Rice,Sowing,Urea,,
5.57,85,11,110,11.93,49.05,1956.89,Potato,Sowing,DAP,,
8.15,79,55,119,35.67,36.95,730.72,Wheat,Flowering,Zinc Sulphate,,
5.97,134,47,40,25.67,85.31,877.91,Rice,Harvest,Zinc Sulphate,,
4.68,87,47,66,38.07,88.2,2172.72,Wheat,Sowing,Compost,,
5.7,83,30,29,10.1,81.91,2090.45,Potato,Sowing,DAP,,
6.62,150,32,55,10,50.78,1074.28,Sugarcane,Sowing,DAP,,
6.13,73,42,11,32.19,33.31,1539.08,Cotton,Flowering,MOP,,
5.6,95,52,114,24.29,40.97,1508.15,Potato,Harvest,Compost,,
5.03,146,77,91,37.41,76.33,548.44,Maize,Vegetative,Compost,,
7.78,129,79,59,33.6,47.16,1938.96,Maize,Flowering,Compost,,
8.48,107,73,69,25.12,83.56,940.42,Tomato,Vegetative,Zinc Sulphate,,
5.82,132,73,95,24.36,80.11,1487.71,Cotton,Sowing,Urea,,
6.03,73,46,50,34.34,44.22,400.93,Cotton,Harvest,MOP,,
6.97,67,88,110,34.11,71.61,1919.32,Potato,Flowering,DAP,,
7.37,54,32,99,18.31,56.54,2550.88,Rice,Harvest,Urea,,
6.07,87,82,85,30.24,42.9,1794.86,Sugarcane,Flowering,SSP,,
8.12,45,43,79,29.3,65.41,1871.06,Tomato,Harvest,Urea,,
6.74,91,43,26,35.68,80.24,2085.26,Potato,Harvest,MOP,,
6.3,107,36,87,36.06,85.61,749.74,Potato,Flowering,DAP,,
7.09,126,89,19,18.05,33.52,392.61,Maize,Vegetative,MOP,,
8.31,75,13,99,36.39,55.12,2591.2,Cotton,Sowing,DAP,,
7.68,88,85,76,37.74,66.27,2570.5,Sugarcane,Vegetative,NPK,,
4.66,99,78,51,13.29,50.28,1725,Potato,Harvest,Compost,,
5.83,115,72,119,27.21,49.06,751.8,Maize,Harvest,SSP,,
6.38,145,87,88,23.09,76.32,2488.28,Sugarcane,Vegetative,NPK,,
5.76,124,23,25,22.06,76.95,816.69,Wheat,Flowering,DAP,,
7.3,78,75,47,31.14,73.74,2610.56,Maize,Vegetative,NPK,,
7.81,44,37,23,13.89,83.91,1386.55,Wheat,Flowering,Urea,,
7.43,46,30,45,34.6,59.68,360.97,Potato,Harvest,Urea,,
8.46,118,88,22,10.8,77.27,2487.25,Sugarcane,Flowering,MOP,,
5.59,41,19,68,27.35,30.67,1769.76,Rice,Vegetative,Urea,,
8,66,35,36,16.76,89.25,1091.4,Cotton,Flowering,DAP,,
7.57,141,44,17,30.02,85.15,1468.21,Wheat,Vegetative,MOP,,
5.95,74,43,96,25.76,80.48,2681.36,Rice,Flowering,NPK,,
7.44,28,11,114,39.99,65.27,768.84,Maize,Vegetative,Urea,,
4.92,73,52,62,35.87,62.65,490.61,Cotton,Flowering,Compost,,
7.66,133,53,84,20.1,39.01,2397.41,Sugarcane,Vegetative,NPK,,
6.63,83,53,14,25.85,33.24,1940.72,Tomato,Vegetative,MOP,,
5.67,137,52,14,19.53,45.35,2635.91,Tomato,Vegetative,MOP,,
7.12,128,61,98,31.86,39.06,1077.54,Potato,Flowering,DAP,,
7.07,118,14,91,22.67,63.65,1771.51,Cotton,Harvest,DAP,,
5.34,102,28,57,13.46,49.95,318.78,Rice,Sowing,DAP,,
4.62,27,39,33,29.82,53.27,2570.7,Rice,Vegetative,Urea,,
6.23,126,58,82,10.33,31.58,735.31,Maize,Harvest,MOP,,
6.78,131,72,116,18.92,62.92,520.93,Sugarcane,Flowering,DAP,,
8.01,157,38,84,37.21,69.37,1556.75,Maize,Sowing,DAP,,
8.21,125,85,87,12.83,50.06,2285.76,Potato,Vegetative,Zinc Sulphate,,
6.62,30,81,51,25.13,37.88,787.35,Sugarcane,Harvest,Urea,,
7.52,38,88,18,33.85,72.22,853.72,Potato,Flowering,Urea,,
6.26,71,62,73,37.14,37.74,1083.66,Potato,Harvest,Urea,,
7.48,61,37,78,26.8,79.01,2471.06,Maize,Sowing,DAP,,
5.32,119,62,100,14.6,62.76,2292.59,Cotton,Flowering,Compost,,
5.98,115,26,20,38.23,44.25,955.59,Sugarcane,Harvest,DAP,,
7.04,102,33,101,32.48,83.92,914.37,Sugarcane,Vegetative,DAP,,
4.57,98,85,18,21.87,38.51,2738.02,Sugarcane,Flowering,MOP,,
7.39,147,74,86,18.31,66.07,1921.49,Maize,Harvest,SSP,,
7.84,105,45,70,11.43,67.05,829.95,Potato,Vegetative,Zinc Sulphate,,
6.1,68,41,92,15.74,32.24,593.07,Maize,Harvest,SSP,,
6.29,96,78,81,33.33,66.58,385.23,Potato,Flowering,MOP,,
7.91,103,35,64,13.26,71.65,889.78,Maize,Harvest,DAP,,
7.6,68,65,77,13.88,84.61,2216.09,Rice,Vegetative,NPK,,
5.65,98,76,117,15.88,72.54,1240.64,Tomato,Vegetative,NPK,,
5.8,69,42,34,21.86,59.07,2902.07,Cotton,Vegetative,MOP,,
7.22,103,48,80,15.67,81.2,1107.92,Maize,Vegetative,NPK,,
6.75,143,67,65,37.13,51.23,620.56,Cotton,Sowing,Compost,,
5.15,38,21,36,17.73,81.33,694.46,Wheat,Harvest,Urea,,
5.74,110,52,113,37.58,80.64,1567.67,Tomato,Vegetative,NPK,,
8.1,91,81,32,39.55,66.22,2824.88,Maize,Harvest,MOP,,
7.25,29,22,49,32.64,50.68,2720.78,Sugarcane,Sowing,Urea,,
8.44,69,82,102,10.22,65.47,713.29,Sugarcane,Vegetative,Zinc Sulphate,,
7.57,68,14,67,17.2,84.35,2312.55,Wheat,Sowing,DAP,,
8.27,118,54,45,18.02,68.19,2306.66,Potato,Flowering,Zinc Sulphate,,
5.36,139,14,83,26.28,80.4,662.85,Maize,Flowering,DAP,,
7.59,42,32,41,14.75,50.68,1034.95,Sugarcane,Vegetative,Urea,,
4.58,95,44,32,12.32,47.54,412.91,Tomato,Harvest,MOP,,
7.18,132,63,49,15.29,45.35,409.61,Sugarcane,Harvest,Urea,,
6.38,46,58,57,19.82,59.48,1437.89,Potato,Harvest,Urea,,
5.89,25,79,33,11.48,55.92,1555.27,Wheat,Harvest,Urea,,
7.95,43,87,94,15.86,81.25,291.69,Sugarcane,Flowering,Urea,,
7.92,105,46,48,15.03,36.76,2905.44,Tomato,Harvest,Zinc Sulphate,,
4.59,156,31,49,33.17,63.24,1561.67,Potato,Flowering,DAP,,
6.94,86,17,38,15.09,54.2,2405.95,Cotton,Vegetative,DAP,,
5.97,89,66,54,33.75,86.25,1977.81,Potato,Harvest,MOP,,
6.16,97,80,118,25.25,77.3,1934.07,Cotton,Flowering,Urea,,
7.83,61,69,100,32.74,56,1048.77,Rice,Flowering,Zinc Sulphate,,
5.74,79,64,43,23.51,68.44,2683.91,Tomato,Vegetative,NPK,,
8.27,102,43,99,37.03,74.74,1039.27,Rice,Harvest,Zinc Sulphate,,
5.22,106,50,24,18.3,34.27,2864.23,Potato,Sowing,MOP,,
7.15,152,37,79,33,70.42,310.36,Tomato,Flowering,DAP,,
7.19,127,40,98,14.9,38.37,521.16,Maize,Flowering,DAP,,
5.51,90,30,91,36.48,41.34,2234.39,Rice,Vegetative,DAP,,
5.8,43,83,80,10.85,57.67,1904.35,Sugarcane,Vegetative,Urea,,
7.84,124,60,11,23.72,88.77,2207.78,Potato,Flowering,MOP,,
7.55,99,45,107,22.64,87.13,1996.52,Sugarcane,Flowering,Zinc Sulphate,,
5.82,157,86,10,28.71,84.14,1676.17,Maize,Vegetative,MOP,,
6.64,83,35,63,23.23,32.06,287.33,Rice,Sowing,DAP,,
4.75,90,28,119,27.67,81.17,2464.96,Rice,Harvest,DAP,,
5.33,155,15,11,35.85,76.57,1628.41,Sugarcane,Harvest,DAP,,
6.44,124,57,115,14.26,59.93,496.28,Cotton,Vegetative,NPK,,
4.84,71,24,45,17.32,49.53,738.97,Rice,Sowing,DAP,,
7.87,21,58,77,34.08,75.34,2053.61,Wheat,Vegetative,Urea,,
7.37,138,27,37,16.84,36.42,415.64,Sugarcane,Harvest,DAP,,
8.27,137,74,96,37.17,69.03,2634.55,Maize,Flowering,Zinc Sulphate,,
7.27,23,31,112,26.22,70.31,2414.06,Rice,Flowering,Urea,,
8.26,71,69,29,12.46,63.22,1057.7,Tomato,Harvest,MOP,,
6.72,130,45,46,10.62,82.67,2673.83,Cotton,Vegetative,NPK,,
6.9,26,19,68,32.89,49.79,2678.49,Sugarcane,Sowing,Urea,,
8.41,20,29,53,35.69,58.69,2545.96,Rice,Vegetative,Urea,,
7.07,102,79,21,17.2,75.52,1061.44,Cotton,Flowering,MOP,,
4.62,113,70,41,17.22,73,2036.41,Potato,Vegetative,Compost,,
7.4,133,68,47,38.62,63.75,1463.98,Cotton,Vegetative,NPK,,
8.12,74,31,40,29.69,46.33,1708.87,Tomato,Vegetative,DAP,,
7.68,136,77,27,15.03,47.66,1347.13,Sugarcane,Harvest,MOP,,
6.84,32,13,38,23.46,74.47,211.17,Rice,Flowering,Urea,,
7.19,47,38,107,37.31,30.34,227.93,Tomato,Harvest,Urea,,
8.46,33,67,60,28.64,69.16,2363.98,Maize,Flowering,Urea,,
4.86,150,67,38,22.22,44.9,2849.87,Rice,Harvest,MOP,,
7.17,35,63,100,14.53,70.38,842.9,Potato,Sowing,Urea,,
5.63,108,37,104,31.78,41.22,1724.1,Wheat,Vegetative,DAP,,
7.06,130,86,72,18.29,52.59,1056.91,Maize,Sowing,MOP,,
6.93,140,48,107,26.98,75.23,1537.12,Sugarcane,Harvest,Compost,,
5.11,150,66,90,28,75.31,530.82,Wheat,Vegetative,Compost,,
5.33,117,73,29,26.66,42.58,2231.14,Wheat,Vegetative,MOP,,
6.99,150,39,40,17.39,52.58,1645.51,Rice,Vegetative,DAP,,
5.01,38,59,40,31.25,60.15,1064.43,Cotton,Flowering,Urea,,
5.56,40,63,67,26.98,65.24,2057.99,Wheat,Sowing,Urea,,
7.84,111,32,112,22.11,74.55,1631.48,Potato,Vegetative,DAP,,
5.81,66,27,94,11.56,31.42,1331.99,Sugarcane,Vegetative,DAP,,
6.45,110,63,16,19.94,36.92,1692.95,Sugarcane,Flowering,MOP,,
8.26,63,37,105,20.57,39.46,2870.3,Potato,Harvest,DAP,,
5.41,133,17,21,33.73,41.44,393.99,Potato,Flowering,DAP,,
6.06,108,41,96,25.4,31.82,2787.14,Tomato,Flowering,DAP,,
6.93,21,15,70,37.96,85.23,553.73,Cotton,Flowering,Urea,,
7.52,107,81,52,32.52,39.73,777.84,Wheat,Harvest,Compost,,
8.11,109,49,58,26.14,34.42,2941.71,Cotton,Sowing,Zinc Sulphate,,
8.16,86,60,116,15.07,58.3,2468.13,Wheat,Flowering,Zinc Sulphate,,
7.61,110,56,49,16.63,86.47,1184.8,Rice,Sowing,MOP,,
5.41,33,79,79,14.8,87.86,1333.22,Sugarcane,Flowering,Urea,,
4.6,54,77,41,23.29,70.58,1037.52,Potato,Flowering,Urea,,
6.04,147,16,72,31.68,40.7,830.48,Cotton,Vegetative,DAP,,
5.07,151,36,111,32.78,30.23,370.46,Wheat,Vegetative,DAP,,
7.34,76,75,24,12.88,50.1,294.27,Wheat,Sowing,MOP,,
7.14,21,63,99,24.88,37.53,1604.47,Potato,Harvest,Urea,,
4.68,85,23,93,24.44,75.31,1684.3,Maize,Sowing,DAP,,
7.85,108,31,21,23.17,88.15,2332.38,Maize,Vegetative,DAP,,
5.49,130,78,114,19.04,35.02,466.36,Maize,Flowering,Compost,,
6.23,106,65,118,24.27,53.82,1641.2,Maize,Vegetative,NPK,,
7.17,108,69,35,25.5,84.15,2788.49,Maize,Harvest,MOP,,
6.22,110,60,39,27.99,73.7,2587.45,Tomato,Flowering,MOP,,
6.27,71,25,102,21.32,82.19,1696.79,Maize,Flowering,DAP,,
4.76,137,15,39,38.35,85.38,574.18,Sugarcane,Flowering,DAP,,
6.11,134,10,86,20.17,54.76,636.94,Wheat,Flowering,DAP,,
7.56,50,21,114,36.85,71.62,1536.55,Sugarcane,Vegetative,Urea,,
8.16,81,33,71,34.04,72.56,1928.59,Tomato,Sowing,DAP,,
6.15,53,84,52,23.96,67.85,2940.13,Wheat,Sowing,Urea,,
6.19,55,52,31,24.89,49.55,2527.62,Maize,Sowing,Urea,,
7.31,140,43,116,36.1,79.93,1360.23,Potato,Sowing,DAP,,
8.27,123,66,114,24.78,76.13,1180.47,Potato,Flowering,Zinc Sulphate,,
5.57,63,30,26,30.38,56.71,237.76,Rice,Flowering,DAP,,
6.26,96,49,32,34.28,55.26,221.6,Cotton,Sowing,MOP,,
7.68,37,42,34,37.24,30.65,1528.43,Potato,Sowing,Urea,,
6.94,64,42,79,16.54,80.61,394,Cotton,Harvest,MOP,,
4.94,127,37,46,39.26,47.04,637.81,Sugarcane,Vegetative,DAP,,
7.01,45,74,99,38.96,58.25,2945.06,Maize,Flowering,Urea,,
5.25,131,85,66,18.92,54.68,2208.28,Sugarcane,Flowering,Compost,,
6.54,120,55,94,28.41,70.69,1466.3,Cotton,Harvest,NPK,,
6.62,94,42,108,11.41,53.41,2602.07,Maize,Harvest,Urea,,
8,115,78,79,15.03,40.78,696.76,Cotton,Harvest,Zinc Sulphate,,
6.35,43,75,31,27.51,82.12,1290.09,Potato,Vegetative,Urea,,
5.62,136,45,90,29.5,41.01,1025.3,Wheat,Flowering,Urea,,
5.42,124,63,84,26.04,31.71,2987.3,Cotton,Harvest,Compost,,
8,58,59,13,31.14,41.77,2723.09,Wheat,Harvest,Urea,,
5.18,130,60,67,33.79,57.31,1673.03,Rice,Sowing,Compost,,
6.2,102,61,53,15.05,55.39,1387.31,Maize,Sowing,Zinc Sulphate,,
5.25,40,30,83,29.79,77.78,2994.71,Cotton,Flowering,Urea,,
7.59,42,39,26,26.88,41.7,777.72,Tomato,Harvest,Urea,,
6.4,73,24,111,13.53,76.54,1342.08,Cotton,Harvest,DAP,,
5.9,149,18,27,16.86,35.78,2192.95,Cotton,Flowering,DAP,,
5.94,95,41,62,22.59,58.42,2170.73,Potato,Flowering,MOP,,
7.91,89,81,28,35.91,81.92,1807.88,Cotton,Vegetative,MOP,,
6.72,84,32,95,16.51,54.78,2865.29,Maize,Harvest,DAP,,
7.37,69,36,70,15.49,87.8,890.95,Cotton,Sowing,DAP,,
8.09,136,51,66,31.63,67.86,1792.16,Potato,Vegetative,Zinc Sulphate,,
8.11,106,17,88,39.27,75.4,2469.34,Sugarcane,Vegetative,DAP,,
5.81,20,20,53,23.42,60.59,850.89,Wheat,Vegetative,Urea,,
8.31,40,30,28,20.5,55.79,2639.22,Wheat,Flowering,Urea,,
4.6,76,53,34,17.62,35.08,1989.56,Tomato,Vegetative,MOP,,
6.01,48,48,46,11.49,37.2,1267,Cotton,Vegetative,Urea,,
8.08,53,42,27,15.35,64.3,2013.54,Rice,Harvest,Urea,,
5.6,100,76,67,12.8,66.82,2798.57,Sugarcane,Vegetative,NPK,,
5.59,73,64,21,24.82,89.09,2966.89,Sugarcane,Harvest,MOP,,
5.71,51,22,41,39.35,81.46,988.02,Potato,Harvest,Urea,,
6.95,151,45,35,33.62,80.67,2745.41,Tomato,Harvest,MOP,,
6.25,49,35,35,28.05,47.2,308.04,Rice,Harvest,Urea,,
7.41,114,83,56,24.6,54.71,220.37,Wheat,Sowing,DAP,,
8.08,88,47,51,28.52,36.13,1884.53,Potato,Flowering,Zinc Sulphate,,
7.2,48,32,101,21.28,64.89,1548.61,Maize,Sowing,Urea,,
5.32,159,17,98,15.35,34.17,1513.71,Potato,Vegetative,DAP,,
8.23,34,23,103,27.69,56.81,855.39,Cotton,Flowering,Urea,,
5.56,98,33,60,25.84,63.97,1872.89,Wheat,Flowering,DAP,,
5.1,72,49,50,38.34,43.69,247.44,Maize,Sowing,Compost,,
4.86,122,34,111,29.49,76.53,1414.67,Wheat,Vegetative,DAP,,
6.75,105,34,87,33.2,70.49,1227.42,Potato,Harvest,DAP,,
4.96,74,26,74,12.78,38.87,740.55,Potato,Harvest,DAP,,
5.06,158,13,106,32.83,89.02,1630.09,Rice,Flowering,DAP,,
5.7,86,50,70,39.49,62.52,2132.73,Rice,Harvest,Urea,,
5.63,72,69,84,29.72,31.59,2476.31,Wheat,Harvest,SSP,,
6.92,66,52,44,32.26,51.01,1494.3,Wheat,Vegetative,NPK,,
7.77,114,63,94,39.39,88.76,871.69,Potato,Vegetative,NPK,,
7.55,108,61,31,21.74,84.14,787.71,Maize,Vegetative,MOP,,
5.55,159,30,78,34.73,39.07,1821.72,Cotton,Flowering,DAP,,
5.48,26,33,49,21.99,81.3,1289.91,Sugarcane,Vegetative,Urea,,
8.36,106,46,63,22.78,67.1,1089.16,Cotton,Vegetative,Zinc Sulphate,,
4.53,155,53,91,29.75,31.3,1664.33,Potato,Sowing,Compost,,
8.02,96,14,46,17.69,75.45,1757.98,Maize,Harvest,DAP,,
5.3,119,70,53,39.78,54.77,854.72,Maize,Vegetative,Compost,,
8.29,127,53,38,19.88,53.77,1259.25,Wheat,Flowering,MOP,,
5.87,84,15,91,13.69,52.97,2181.56,Rice,Sowing,DAP,,
6.26,56,87,21,19.68,65.79,1284.72,Tomato,Sowing,Urea,,
7.33,35,12,30,35.68,72.85,1443.48,Potato,Sowing,Urea,,
6.85,131,74,49,19.42,68.86,1992.08,Potato,Sowing,DAP,,
5.77,51,40,39,28.34,44.51,734.25,Sugarcane,Vegetative,Urea,,
6.72,104,64,73,38.06,72.41,2627.02,Cotton,Sowing,Urea,,
7.42,48,54,50,17.8,38.13,1147.52,Sugarcane,Vegetative,Urea,,
4.67,148,83,88,13.94,88.28,2125.44,Cotton,Flowering,Compost,,
4.54,46,64,108,12.91,58.42,1032.18,Potato,Vegetative,Urea,,
6.33,40,69,56,23.21,35.48,2014.8,Tomato,Sowing,Urea,,
5.03,111,40,101,13.13,64.6,976.56,Cotton,Vegetative,Compost,,
7.16,133,48,13,23.61,64.62,2294.54,Rice,Flowering,MOP,,
5.36,117,57,37,35.88,32.33,493.59,Potato,Flowering,MOP,,
6.23,41,89,103,33.32,30.65,1060.96,Sugarcane,Sowing,Urea,,
5.29,61,36,57,27.45,89.77,1789.02,Tomato,Sowing,DAP,,
6.69,140,25,66,35.51,53.41,1972.93,Rice,Vegetative,DAP,,
4.96,67,61,100,13.01,44.73,586.87,Tomato,Vegetative,Compost,,
4.59,155,13,25,28.28,62.86,1094.7,Maize,Harvest,DAP,,
4.7,149,51,105,13.47,30.5,485.01,Wheat,Harvest,Compost,,
8.32,152,63,21,24.46,30.77,2536.17,Wheat,Flowering,MOP,,
5.07,47,18,117,23.9,36.77,2954.25,Tomato,Sowing,Urea,,
7.33,151,34,64,17.95,78.15,994.64,Wheat,Vegetative,DAP,,
4.77,72,67,45,34.9,44.89,1552.72,Maize,Flowering,Compost,,
4.93,119,27,24,16.85,60.21,1618.28,Wheat,Flowering,DAP,,
6.54,148,53,28,26.56,43.42,660.46,Maize,Vegetative,MOP,,
6.36,98,83,27,24.47,62.69,2069.31,Tomato,Flowering,MOP,,
8.31,153,58,99,22.95,60.53,1646.99,Wheat,Flowering,Zinc Sulphate,,
8.28,107,53,84,11.01,54.04,1638.79,Cotton,Vegetative,Zinc Sulphate,,
7.62,71,84,103,30.9,55.99,364.03,Potato,Harvest,Urea,,
6.91,96,87,37,10.38,69.2,423.77,Potato,Harvest,MOP,,
6.32,43,47,65,34.62,80.53,2900.02,Rice,Sowing,Urea,,
5.92,112,74,32,17.99,49.16,2831.19,Potato,Vegetative,MOP,,
8.29,127,19,88,13.6,61.93,251.04,Maize,Sowing,DAP,,
6.91,39,72,20,22.51,81.25,1713.29,Potato,Sowing,Urea,,
6.82,53,55,52,26.78,40.08,381.58,Tomato,Sowing,Urea,,
5.43,34,11,94,19.31,88.77,2420.81,Potato,Harvest,Urea,,
4.69,70,29,54,13.65,75.04,337.91,Maize,Harvest,DAP,,
8.28,146,12,48,10.55,51.97,1738.08,Tomato,Sowing,DAP,,
5.75,23,45,104,31.11,52.51,1933.96,Rice,Harvest,Urea,,
6.27,72,14,88,36.59,42.32,468.96,Cotton,Vegetative,DAP,,
4.96,143,29,90,13.02,46.07,1864.24,Rice,Harvest,DAP,,
7.85,69,12,98,16.92,65.22,2836.7,Tomato,Vegetative,DAP,,
4.61,82,12,33,10.61,30.22,472.56,Tomato,Vegetative,DAP,,
7.84,69,79,54,36.55,31.39,2117.07,Maize,Flowering,Zinc Sulphate,,
5.06,112,56,45,23.34,89.19,959.51,Potato,Flowering,Compost,,
8.05,93,46,106,37.76,44.13,966.13,Wheat,Vegetative,Zinc Sulphate,,
7.42,105,17,117,24.04,79.77,1723.55,Wheat,Harvest,DAP,,
5.16,116,89,13,35.87,66.74,2797.96,Cotton,Sowing,MOP,,
6.76,119,10,74,38.55,56.76,846.02,Maize,Sowing,DAP,,
5.75,117,87,111,20.05,73.93,2981.33,Maize,Vegetative,NPK,,
5.21,49,54,65,29.22,33,456.06,Potato,Harvest,Urea,,
7.94,41,83,20,29.99,75.36,2832.5,Cotton,Harvest,Urea,,
6.11,88,19,94,10.64,81.42,249.96,Sugarcane,Harvest,DAP,,
6.09,75,77,34,23.15,46.81,654.09,Cotton,Vegetative,MOP,,
5.18,103,52,59,35.66,48.1,2933.88,Rice,Flowering,Compost,,
6.03,120,50,101,38.39,36.18,945.14,Rice,Flowering,MOP,,
7.99,114,21,61,36.98,81.35,219.89,Sugarcane,Vegetative,DAP,,
5.95,48,17,15,39.19,78.47,2678.18,Rice,Harvest,Urea,,
8.31,143,54,55,29.59,55.51,2759.12,Cotton,Flowering,Zinc Sulphate,,
8.29,70,10,79,16.98,52.66,2284.36,Rice,Flowering,DAP,,
5.08,95,35,95,27.26,55.65,2830.76,Cotton,Sowing,DAP,,
5.21,31,40,24,22.63,55.22,943.88,Rice,Vegetative,Urea,,
7.95,112,65,70,17.76,55.78,2006.85,Rice,Sowing,Zinc Sulphate,,
6.07,90,46,42,33.18,38.74,2278.58,Wheat,Harvest,SSP,,
4.52,147,84,90,28.88,30.81,2926.09,Tomato,Sowing,Compost,,
5.6,31,13,21,33.7,75.75,2714.8,Wheat,Vegetative,Urea,,
6.89,81,81,40,18.08,50.62,365.38,Tomato,Vegetative,NPK,,
7.7,125,53,108,37.12,59.45,1149.34,Cotton,Sowing,Zinc Sulphate,,
5.03,79,58,43,17.16,48.45,1922.34,Tomato,Vegetative,Compost,,
4.94,100,49,41,28.06,52.9,2595.08,Tomato,Harvest,Compost,,
8.19,47,77,32,11.71,34.49,983.05,Sugarcane,Sowing,Urea,,
7.5,83,80,111,26.23,52.22,222.55,Tomato,Harvest,DAP,,
6.86,114,19,78,12.96,57.79,723.48,Wheat,Vegetative,DAP,,
7.58,91,79,49,19.97,79.97,1390.95,Tomato,Sowing,NPK,,
6.22,129,13,75,35.82,49.33,371.21,Cotton,Vegetative,DAP,,
7.53,45,30,40,36.81,35.31,318.52,Cotton,Sowing,Urea,,
5.99,129,51,21,33.02,75.55,1324.53,Potato,Harvest,MOP,,
5.48,131,15,112,21.03,52.54,2014.05,Wheat,Flowering,DAP,,
7.42,145,20,119,27.36,84.92,2189.41,Potato,Flowering,DAP,,
6.18,90,82,51,16.72,87.54,1691.85,Sugarcane,Sowing,MOP,,
8.43,132,21,29,30.35,82.31,1420.45,Rice,Sowing,DAP,,
5.9,24,40,23,20.42,43.6,252.78,Sugarcane,Sowing,Urea,,
8.19,101,40,84,16.63,45.23,935.25,Potato,Harvest,Zinc Sulphate,,
8.23,138,52,69,27.55,77.65,2075.65,Wheat,Vegetative,Zinc Sulphate,,
5.47,69,67,104,13.35,56.77,1458.75,Potato,Flowering,Compost,,
7.69,147,59,106,30.6,47.87,939.55,Cotton,Vegetative,NPK,,
6.23,103,89,99,15.61,47.63,842.37,Wheat,Sowing,NPK,,
8.17,132,50,11,26.6,64.65,248.34,Wheat,Sowing,MOP,,
6.3,132,85,40,21.78,83.7,2510.18,Wheat,Harvest,Zinc Sulphate,,
7.48,134,86,64,26.99,67.14,2658.54,Wheat,Sowing,Zinc Sulphate,,
6.37,123,45,44,17.38,67.22,1223.88,Sugarcane,Vegetative,NPK,,
5.41,52,86,36,19.31,74.82,2163.52,Maize,Sowing,Urea,,
5.3,88,53,14,14.21,75.62,381.89,Wheat,Sowing,MOP,,
6.2,115,75,84,33.31,84.57,2688.45,Sugarcane,Harvest,DAP,,
7.52,115,24,60,12.1,39.73,2738.99,Sugarcane,Flowering,DAP,,
6.92,87,86,112,21.29,89.08,639.16,Wheat,Vegetative,NPK,,
7.25,41,43,101,23.47,49.73,2385.7,Sugarcane,Harvest,Urea,,
5.63,78,79,25,15.86,46.89,1525.09,Wheat,Flowering,MOP,,
6.43,27,53,49,21.54,60.59,2106.86,Cotton,Flowering,Urea,,
4.68,56,42,99,22.54,45.86,1529.12,Tomato,Harvest,Urea,,
7.77,118,88,97,16.73,43.97,420.25,Rice,Harvest,Zinc Sulphate,,
8.46,75,15,77,29.18,88.01,2552.12,Sugarcane,Harvest,DAP,,
6.13,105,49,85,10.93,36.24,440.07,Tomato,Flowering,Zinc Sulphate,,
4.54,84,15,91,15.93,89.4,1208.43,Maize,Flowering,DAP,,
5.18,122,84,87,28.72,67.35,2960.69,Maize,Harvest,Compost,,
7.11,131,23,90,28.83,87.51,1394.72,Cotton,Flowering,DAP,,
6.95,116,14,53,17.96,83.84,2496.81,Sugarcane,Flowering,DAP,,
7.65,87,54,50,30.49,68.9,672.99,Cotton,Harvest,SSP,,
5.52,156,68,25,24.09,65.39,2524.18,Maize,Harvest,MOP,,
7.55,155,82,51,25.82,89.56,1491.4,Cotton,Sowing,Urea,,
7.25,77,52,29,19.98,60.91,1627.8,Potato,Flowering,MOP,,
5.79,125,62,71,39.53,40.73,2912.23,Wheat,Flowering,SSP,,
6.68,73,36,116,32.12,89.58,2681.18,Rice,Flowering,DAP,,
5.09,104,78,37,17.45,49.41,1173.76,Wheat,Sowing,MOP,,
6.31,67,78,69,17.1,35.24,2858.34,Tomato,Harvest,Urea,,
8.02,124,57,50,33.23,73.01,488.74,Potato,Sowing,Zinc Sulphate,,
6.18,120,88,10,21.64,56.76,273.32,Tomato,Sowing,MOP,,
7.86,129,82,25,12.75,53.28,1691.39,Sugarcane,Flowering,MOP,,
6.86,100,34,13,11.07,67.9,2355.71,Tomato,Harvest,DAP,,
5.27,147,17,63,22.42,33.17,818.63,Potato,Vegetative,DAP,,
6.82,78,87,105,22.44,71.89,424.83,Maize,Vegetative,NPK,,
6.52,101,41,38,31.21,60.21,2567.42,Sugarcane,Harvest,MOP,,
6.09,52,70,81,27.24,59.41,2961.69,Tomato,Sowing,Urea,,
4.98,137,10,75,33.1,84,2144.09,Cotton,Vegetative,DAP,,
6.17,72,40,119,19.53,79.87,2930.74,Potato,Sowing,Zinc Sulphate,,
4.79,114,80,33,28.73,61.9,2531.49,Rice,Vegetative,MOP,,
4.9,141,24,50,36.57,64.7,905.19,Wheat,Sowing,DAP,,
6.16,110,79,72,12.08,78.42,507.39,Potato,Vegetative,NPK,,
5.72,140,25,65,31.25,54.68,2464.98,Wheat,Sowing,DAP,,
8.2,55,87,119,31.48,70.27,2046.88,Tomato,Vegetative,Urea,,
6,142,83,23,33.82,62.45,2476.09,Potato,Flowering,MOP,,
7.53,53,81,62,18.07,59.98,2211.43,Rice,Vegetative,Urea,,
6.62,140,66,53,22.5,89.08,1614.44,Rice,Vegetative,NPK,,
7.32,80,20,52,17.19,31.05,2834.31,Cotton,Sowing,DAP,,
5.54,22,27,10,19.26,54.88,2309.97,Wheat,Flowering,Urea,,
8.27,25,54,106,39.06,85.81,223.87,Maize,Flowering,Urea,,
6.62,23,29,20,23.37,85.69,2171.93,Tomato,Sowing,Urea,,
7.83,120,89,29,35.46,74.86,1723.6,Rice,Harvest,MOP,,
5.96,72,23,88,33.85,65.51,587.24,Tomato,Vegetative,DAP,,
4.9,122,85,101,23.34,71.45,1418.36,Cotton,Harvest,Compost,,
7.19,90,36,30,39.77,45.18,1667.67,Rice,Harvest,DAP,,
4.53,53,86,96,35.22,59.3,1511.67,Potato,Flowering,Urea,,
6.4,25,89,82,24.48,62.16,1416.26,Potato,Sowing,Urea,,
5.27,147,85,29,19.29,33.82,1967.31,Tomato,Flowering,MOP,,
7.01,46,18,26,12.26,81.97,2044.08,Sugarcane,Sowing,Urea,,
8.42,58,22,115,23.94,57.4,2153.07,Rice,Vegetative,Urea,,
6.36,70,54,72,20.8,83.93,2332.03,Sugarcane,Harvest,Urea,,
7.77,38,17,88,31.34,53.4,2532.82,Sugarcane,Sowing,Urea,,
6.53,115,65,117,10.59,54.53,1807.67,Maize,Harvest,SSP,,
6.48,107,16,14,34.94,44.65,404.2,Sugarcane,Harvest,DAP,,
8.22,108,86,55,22.5,68.66,1221.33,Sugarcane,Flowering,Zinc Sulphate,,
8.06,43,24,115,24.09,62.91,210.62,Sugarcane,Vegetative,Urea,,
7.64,95,65,61,15.48,84.78,1866.58,Rice,Flowering,SSP,,
5.69,113,65,106,38.12,55.75,2930.16,Potato,Vegetative,NPK,,
6.68,49,46,103,21.95,68.88,2515.84,Potato,Harvest,Urea,,
5.4,73,73,89,35.28,72.45,1561.45,Rice,Sowing,Compost,,
6.28,134,26,45,17.12,49.19,2182.94,Cotton,Harvest,DAP,,
6.44,97,30,110,12.9,82.85,2277.26,Wheat,Sowing,DAP,,
7.83,139,87,114,29.07,52.85,1865.54,Maize,Sowing,Zinc Sulphate,,
8.08,44,61,58,39.53,68.24,2679.63,Rice,Sowing,Urea,,
6.16,144,42,47,29.41,66.95,1101.15,Cotton,Flowering,Zinc Sulphate,,
4.57,24,86,97,28.26,55.28,2085.47,Cotton,Sowing,Urea,,
7.95,21,21,98,23.27,41,381.02,Maize,Harvest,Urea,,
5.2,130,55,36,18.51,65.55,587.1,Tomato,Sowing,MOP,,
6.99,99,79,78,22.92,52.53,2827.68,Cotton,Harvest,DAP,,
4.6,122,84,59,14.47,52.75,1720.61,Potato,Sowing,Compost,,
6.1,143,80,94,17.86,59.58,2312.27,Potato,Sowing,Zinc Sulphate,,
8.44,143,66,52,24.62,70.63,2634.01,Potato,Vegetative,Zinc Sulphate,,
4.9,36,29,108,14.34,73.78,2815.58,Rice,Harvest,Urea,,
6.19,50,77,79,33.75,55.62,451.31,Tomato,Vegetative,Urea,,
5.73,148,53,18,10.35,37.19,2165.12,Tomato,Flowering,MOP,,
8.12,153,39,118,19.65,77.5,1963.56,Potato,Vegetative,DAP,,
7.98,89,34,100,25.5,70.16,1880.38,Potato,Flowering,DAP,,
5.45,55,40,74,37.87,78.04,607.2,Sugarcane,Flowering,Urea,,
4.82,155,11,39,27.2,48.95,2364.94,Rice,Vegetative,DAP,,
7.01,112,63,24,18.85,84.55,1083.63,Cotton,Flowering,MOP,,
5.85,92,23,41,20.57,45.76,822.16,Wheat,Harvest,DAP,,
7.19,157,32,93,20.17,47.39,2180.36,Potato,Harvest,DAP,,
4.63,43,78,13,15.41,62.18,803,Wheat,Flowering,Urea,,
5.03,21,61,69,14.35,89.84,1596.45,Tomato,Sowing,Urea,,
7.25,39,59,64,24.42,42.13,1089.06,Sugarcane,Sowing,Urea,,
5.35,52,80,43,18.11,80.31,2505.74,Tomato,Vegetative,Urea,,
7.93,33,42,70,12.76,30.14,2872.25,Potato,Sowing,Urea,,
4.73,74,18,47,16.49,44.25,2508.94,Cotton,Harvest,DAP,,
5.36,56,17,93,25.62,50.77,1311.27,Sugarcane,Flowering,Urea,,
8.49,124,84,60,17.71,68.92,655.81,Potato,Flowering,Zinc Sulphate,,
6.23,103,16,67,17.13,36.83,2155.44,Tomato,Vegetative,DAP,,
7.31,132,30,101,28.62,37.72,2730.35,Sugarcane,Harvest,DAP,,
5.23,153,62,112,30.68,38.78,1324.11,Sugarcane,Sowing,Compost,,
6.94,147,24,34,17.24,69.75,314.17,Potato,Flowering,DAP,,
7.4,69,81,20,24.16,36.88,548.19,Wheat,Harvest,MOP,,
5.76,103,61,17,32.94,53.89,1271.46,Maize,Vegetative,MOP,,
7.82,98,85,43,30.7,39.4,1597.98,Tomato,Sowing,Zinc Sulphate,,
6.91,105,78,36,12.08,52.92,1013.58,Tomato,Sowing,MOP,,
6.06,119,81,117,20.8,72.84,1564.99,Cotton,Vegetative,NPK,,
6.73,159,46,31,31.7,46.66,2884.64,Sugarcane,Flowering,MOP,,
6.81,76,87,71,15.38,67.06,415.72,Potato,Flowering,NPK,,
5.16,44,13,81,15.88,44.91,2449.83,Sugarcane,Flowering,Urea,,
6.11,34,88,106,28.91,74.25,1474.92,Rice,Harvest,Urea,,
5.87,122,70,48,18.51,76.62,2030.34,Rice,Sowing,DAP,,
6.1,117,31,82,19.71,48.62,2914.25,Rice,Harvest,DAP,,
7.54,96,58,31,25.68,31.43,1486.76,Cotton,Flowering,MOP,,
6.43,123,45,82,32.52,37.75,468.89,Tomato,Flowering,DAP,,
8.26,84,72,40,24.95,59.46,2518.15,Maize,Harvest,Zinc Sulphate,,
5.67,132,47,43,36.8,52.92,941.2,Cotton,Vegetative,NPK,,
6.16,142,49,77,13.2,50.73,2734.59,Potato,Sowing,SSP,,
7.65,130,73,119,32.62,64.76,429.43,Cotton,Sowing,Compost,,
6.68,142,77,87,26.31,39.69,838.36,Potato,Flowering,NPK,,
6.69,73,65,68,34.5,57.4,2910.59,Wheat,Harvest,DAP,,
4.71,39,23,17,19.49,42.2,2664.73,Tomato,Sowing,Urea,,
6.09,108,11,62,24.46,88.86,812.71,Cotton,Vegetative,DAP,,
5.58,30,72,114,34.71,32.92,2374.1,Rice,Harvest,Urea,,
8.5,146,28,108,34.95,30.95,441.62,Rice,Flowering,DAP,,
5.73,71,87,95,21.28,63.85,641.99,Sugarcane,Harvest,NPK,,
8.04,73,80,63,34.67,33.76,710.38,Potato,Flowering,Zinc Sulphate,,
7.2,88,18,79,30.47,78.66,320.92,Potato,Flowering,DAP,,
5.86,26,42,106,22.28,79.18,1556.83,Sugarcane,Harvest,Urea,,
6.67,159,70,27,39.09,55.94,1293.82,Rice,Flowering,MOP,,
7.86,149,53,17,10.93,80.3,1850.86,Cotton,Vegetative,MOP,,
8.03,122,74,16,21.48,74.43,2128.42,Cotton,Harvest,MOP,,
5.14,88,66,105,19.21,38.12,1866.95,Potato,Vegetative,Compost,,
5.86,110,33,16,38.07,81.58,979.72,Maize,Sowing,DAP,,
5.84,114,53,19,12.98,82.46,431.39,Cotton,Harvest,MOP,,
4.67,137,77,45,28.84,49.36,2249.65,Wheat,Flowering,Compost,,
6.89,140,15,71,31.5,76.5,1065.53,Wheat,Vegetative,DAP,,
7.92,55,76,60,15.53,83.84,891.76,Cotton,Vegetative,Urea,,
6.03,40,43,104,14.5,74.74,2133.42,Sugarcane,Harvest,Urea,,
7.46,72,34,40,11.43,35.64,1437.25,Sugarcane,Vegetative,DAP,,
7.01,22,36,19,14.77,35.68,772.66,Sugarcane,Harvest,Urea,,
6,100,27,93,34.25,88.94,2346.33,Wheat,Vegetative,DAP,,
5.06,113,14,44,38.32,62.48,2457.86,Rice,Vegetative,DAP,,
7.34,119,53,38,37.04,68.67,2958.8,Potato,Flowering,MOP,,
7.92,135,14,103,20.96,84.74,1510.36,Maize,Sowing,DAP,,
7.24,92,70,58,31.78,30.45,302.68,Potato,Harvest,Compost,,
4.57,59,15,40,34.81,55.6,1648.32,Sugarcane,Harvest,Urea,,
5.36,69,84,106,34.37,63.98,265.11,Cotton,Harvest,Compost,,
4.78,68,48,113,11.88,30.13,2853.24,Rice,Sowing,Compost,,
6.78,142,17,77,16.44,67.46,689.48,Maize,Sowing,DAP,,
7.53,132,84,107,38.17,81.06,2791.11,Rice,Harvest,SSP,,
4.94,79,52,26,32.2,33.29,2860.06,Cotton,Vegetative,MOP,,
7.85,26,50,107,35.03,78.25,2371.28,Rice,Flowering,Urea,,
6.72,138,85,105,25.42,88.65,444.46,Maize,Flowering,DAP,,
7.26,50,78,106,21.79,85.22,1763.42,Cotton,Flowering,Urea,,
8.39,151,39,46,29.54,62.22,1191.94,Tomato,Flowering,DAP,,
4.83,112,68,104,24.19,81.63,2496.6,Wheat,Vegetative,Compost,,
8.1,26,32,99,21.21,76.24,1046.2,Rice,Flowering,Urea,,
5,150,66,104,20.44,79.06,1463.51,Cotton,Sowing,Compost,,
6.07,44,34,104,14.74,53.88,1806.34,Rice,Harvest,Urea,,
7.91,52,57,37,25.88,58.54,298.9,Cotton,Harvest,Urea,,
8.13,114,79,47,25.6,44.35,1904.87,Tomato,Harvest,Zinc Sulphate,,
6.53,107,51,117,27.72,33.09,1163.94,Sugarcane,Sowing,Urea,,
6.88,145,38,19,13.49,65.83,1681.7,Rice,Flowering,DAP,,
7.33,57,80,81,37.45,48.57,549.52,Sugarcane,Sowing,Urea,,
7.83,129,54,119,32.26,60.16,1140.3,Sugarcane,Harvest,Zinc Sulphate,,
4.99,144,50,109,13.93,87.76,1829.04,Wheat,Flowering,Compost,,
7.74,145,82,92,12.38,33.79,1800.42,Tomato,Sowing,Urea,,
6.43,23,72,37,29.29,82.41,642.29,Sugarcane,Sowing,Urea,,
6.3,120,56,78,20.25,35.21,1361.15,Rice,Vegetative,NPK,,
6.2,80,10,97,19.57,69.21,1654.61,Rice,Flowering,DAP,,
6.54,100,29,16,35.2,50.6,427.43,Tomato,Vegetative,DAP,,
8.28,129,28,93,20.35,36.01,1878.24,Maize,Flowering,DAP,,
6.69,97,74,11,28.97,75.42,848.81,Sugarcane,Flowering,MOP,,
8.31,80,83,66,26.11,71.91,2776.58,Potato,Harvest,Zinc Sulphate,,
5.22,148,45,116,17.89,68.42,951.92,Wheat,Harvest,Compost,,
7.4,25,32,19,19.95,87.89,2404.61,Cotton,Harvest,Urea,,
7.75,40,38,91,38.3,31.42,1830.05,Cotton,Sowing,Urea,,
7.22,102,53,107,19.94,56.08,2118.97,Cotton,Harvest,MOP,,
6.93,47,16,23,33.52,63.76,2724.93,Wheat,Vegetative,Urea,,
6.76,159,40,83,35.84,51.46,2573.88,Wheat,Flowering,SSP,,
7.94,84,47,111,12.13,70.17,557.69,Maize,Flowering,Zinc Sulphate,,
7.79,112,75,41,29.89,83.95,2814.48,Maize,Harvest,DAP,,
4.99,156,88,62,32.48,71.82,588.29,Cotton,Sowing,Compost,,
7.89,101,31,12,23.02,64.16,1085.89,Sugarcane,Harvest,DAP,,
6.16,81,84,57,27.08,74.27,1664.77,Tomato,Flowering,SSP,,
5.51,128,63,17,14.85,36.58,2813.38,Wheat,Flowering,MOP,,
7.98,118,63,18,19.55,67.8,1956.12,Sugarcane,Harvest,MOP,,
6.23,119,15,84,31.23,54.43,2649.86,Maize,Vegetative,DAP,,
7.73,54,82,25,28.08,49.13,2836.82,Sugarcane,Vegetative,Urea,,
5.55,146,71,107,14.09,60.43,2295.76,Tomato,Flowering,Urea,,
4.52,102,38,97,39.64,78.28,1549.34,Rice,Vegetative,DAP,,
6.48,110,52,40,38.13,54.75,1286.44,Wheat,Harvest,DAP,,
4.9,22,76,14,16.72,72.15,970.47,Wheat,Vegetative,Urea,,
7.52,147,71,106,36.25,65.33,1618.46,Cotton,Flowering,Urea,,
5.6,72,22,103,18.02,84.97,334.5,Potato,Harvest,DAP,,
6.27,119,73,103,26.91,56.69,838.82,Cotton,Flowering,Compost,,
4.85,56,56,88,33.46,79.2,1203.33,Tomato,Sowing,Urea,,
5.65,120,69,48,20.32,80.52,2589.47,Cotton,Vegetative,NPK,,
7.63,63,24,25,26.65,57.85,1253.1,Rice,Vegetative,DAP,,
5.11,83,14,99,23.51,59.32,870.67,Cotton,Sowing,DAP,,
7.09,143,78,73,32.81,50,2391.54,Cotton,Flowering,MOP,,
8.17,25,11,85,24.36,59.73,2840.85,Wheat,Vegetative,Urea,,
7.22,88,47,92,27.01,44.96,2369.4,Potato,Flowering,NPK,,
7.74,76,63,56,35.37,81.5,552.16,Sugarcane,Sowing,SSP,,
4.94,104,48,68,30.96,44.99,1096.92,Wheat,Sowing,Compost,,
5.5,43,29,108,25.83,45.46,1888.1,Sugarcane,Flowering,Urea,,
8.08,134,29,29,23.84,83.74,748.84,Tomato,Harvest,DAP,,
7.36,111,38,30,13.8,61.93,1982.43,Wheat,Harvest,DAP,,
7.06,94,44,62,11.69,36.31,860.88,Rice,Sowing,MOP,,
7.16,41,41,110,38.58,50.74,1719.59,Sugarcane,Vegetative,Urea,,
6.16,129,26,88,15.6,72.32,2178.93,Rice,Harvest,DAP,,
4.68,53,60,63,18.31,54.35,2403.08,Wheat,Sowing,Urea,,
7.64,137,17,58,28.33,55.39,2441.56,Maize,Vegetative,DAP,,
7.21,56,30,25,34.84,59.92,2369.32,Rice,Vegetative,Urea,,
6.39,60,32,25,34.99,43.35,583.88,Cotton,Flowering,DAP,,
8.1,98,60,32,34.89,55.44,2970.11,Tomato,Flowering,MOP,,
5.84,124,15,117,39.34,42.92,2362.03,Maize,Vegetative,DAP,,
5.68,62,61,77,11.67,51.04,491.57,Wheat,Vegetative,NPK,,
7.99,41,17,102,22,61.94,2153.19,Maize,Sowing,Urea,,
7.69,110,78,46,37.41,71.62,1516,Rice,Vegetative,NPK,,
6.56,40,42,33,24.02,68.04,1398.3,Maize,Vegetative,Urea,,
5.02,71,71,70,36.14,64.53,2094.52,Tomato,Vegetative,Compost,,
5.36,23,74,17,10.53,65.73,670.11,Wheat,Vegetative,Urea,,
7.12,90,72,117,25.13,60.66,2998.4,Maize,Vegetative,NPK,,
6.04,137,41,78,37.67,66.88,1724.56,Rice,Sowing,Urea,,
7.85,26,64,116,17.84,52.53,1864.98,Sugarcane,Sowing,Urea,,
8.3,157,42,38,37.89,83.97,1390.54,Sugarcane,Sowing,MOP,,
7.72,159,47,19,10.25,65.43,1896.58,Potato,Flowering,MOP,,
6.01,110,11,65,12.37,86.2,2059.23,Potato,Harvest,DAP,,
7.65,77,19,117,24.3,54.27,1167.39,Rice,Flowering,DAP,,
5.91,146,75,82,13.19,53.67,1493.84,Tomato,Flowering,MOP,,
5.17,64,85,31,16.77,87.9,915.67,Wheat,Harvest,MOP,,
4.63,125,24,19,18.93,73.74,2361.47,Maize,Flowering,DAP,,
6.04,129,70,93,24.44,61.12,2264.65,Tomato,Sowing,NPK,,
8.11,74,40,29,21.72,73.11,2470.62,Cotton,Sowing,MOP,,
5.46,57,47,60,37.66,53.8,2167.93,Potato,Sowing,Urea,,
5.33,23,38,100,36.58,75.53,256.28,Tomato,Vegetative,Urea,,
8.38,34,87,111,32.44,42.57,735.21,Tomato,Sowing,Urea,,
4.6,127,52,19,29.78,87.05,1288.12,Rice,Flowering,MOP,,
7.64,54,32,92,16.13,57.65,855.72,Maize,Harvest,Urea,,
5.79,144,34,50,28.05,35.57,1688.76,Tomato,Sowing,DAP,,
4.65,23,37,103,14.41,80.7,2714.73,Wheat,Flowering,Urea,,
8.17,159,81,89,23.58,83.66,2266.55,Potato,Flowering,Zinc Sulphate,,
5.06,73,10,49,23.85,73.8,946.33,Maize,Flowering,DAP,,
6.71,49,29,85,30.69,67.78,1313.19,Tomato,Vegetative,Urea,,
5.6,28,38,14,35.05,85.71,345.47,Wheat,Vegetative,Urea,,
4.76,38,17,52,19.62,67.32,217.47,Tomato,Flowering,Urea,,
4.7,99,71,76,11.24,77.48,1390.38,Rice,Flowering,Compost,,
4.96,129,23,33,11.41,58.27,2238.22,Tomato,Vegetative,DAP,,
4.79,64,47,99,36.24,73.63,2610.26,Maize,Harvest,Compost,,
7.54,42,12,40,24.59,89.94,1408.13,Tomato,Flowering,Urea,,
6.44,95,12,68,17.44,52.95,704.71,Cotton,Harvest,DAP,,
5.87,24,64,76,10.97,73.21,931.85,Tomato,Harvest,Urea,,
6.17,138,87,72,25.86,38.93,1447.34,Potato,Sowing,DAP,,
8.22,62,30,10,14.11,68.11,2018.85,Cotton,Harvest,DAP,,
8.14,21,44,84,22.51,49.37,1719.93,Maize,Sowing,Urea,,
7.36,59,53,118,25.48,82,2553.72,Rice,Sowing,Urea,,
8.04,118,53,78,16.88,51.58,251.86,Tomato,Sowing,Zinc Sulphate,,
5.78,136,52,80,15.97,56.71,2977.96,Sugarcane,Flowering,MOP,,
6.02,59,50,42,10.59,88.82,2801.78,Wheat,Harvest,Urea,,
6.95,153,36,86,27.57,42.92,618.98,Sugarcane,Harvest,DAP,,
6.99,144,37,72,16.01,63.89,334.87,Wheat,Harvest,DAP,,
6.43,120,14,51,36.35,81.83,1929.44,Wheat,Harvest,DAP,,
6.1,52,52,40,28.11,48.89,2219.93,Wheat,Sowing,Urea,,
8.44,127,72,61,26.69,30.92,1530.77,Sugarcane,Sowing,Zinc Sulphate,,
7.78,73,48,59,25.14,83.78,979.14,Cotton,Sowing,Compost,,
6.24,115,19,22,16.46,67.18,1989.63,Cotton,Harvest,DAP,,
7.41,111,72,74,39.08,43.83,1980.34,Cotton,Vegetative,NPK,,
5.58,111,18,117,39.01,46.58,615.33,Rice,Sowing,DAP,,
4.9,143,38,47,19.64,77.98,2438.56,Sugarcane,Harvest,DAP,,
5.91,114,37,48,33.29,68.53,2298.63,Wheat,Flowering,DAP,,
6.11,80,20,106,13.58,73.96,437.51,Tomato,Flowering,DAP,,
4.57,37,24,51,33.42,64.63,1494.9,Rice,Harvest,Urea,,
7.76,128,33,108,18.59,77.4,1301.55,Rice,Harvest,DAP,,
5.94,91,44,48,18.67,79.26,1494.92,Sugarcane,Harvest,DAP,,
6.82,132,70,51,25.22,53.21,1491.62,Maize,Harvest,NPK,,
4.8,67,29,115,21.77,84.06,1667.34,Potato,Vegetative,DAP,,
5.2,114,67,82,13.53,60.31,976.17,Maize,Harvest,Compost,,
8.06,103,72,79,27.79,39.61,1514.98,Cotton,Harvest,Zinc Sulphate,,
6.93,106,84,114,16.42,43.11,478.58,Cotton,Harvest,MOP,,
8.3,157,69,82,23.33,74.03,694.73,Tomato,Flowering,Zinc Sulphate,,
8.5,156,48,100,16.93,52.64,446.49,Cotton,Flowering,Zinc Sulphate,,
5.99,52,29,51,35.73,45.75,721.29,Maize,Vegetative,Urea,,
5.7,84,67,38,20.14,66.29,212.13,Potato,Sowing,MOP,,
7.93,145,73,77,36.62,76.94,305.93,Rice,Vegetative,Zinc Sulphate,,
8.49,148,23,34,19.78,36.55,2430.58,Rice,Harvest,DAP,,
7.02,148,45,25,15.38,56.95,757.56,Rice,Harvest,MOP,,
7.68,88,22,66,27.3,76.29,1655.97,Cotton,Flowering,DAP,,
7.63,94,10,43,26.65,84.22,1237.03,Potato,Harvest,DAP,,
5.92,115,22,84,28.57,30.81,1121.28,Maize,Vegetative,DAP,,
6.8,140,44,18,19.06,69.37,2599.88,Potato,Harvest,MOP,,
7.83,130,17,44,19.6,65.84,1561.44,Potato,Flowering,DAP,,
7.25,91,27,36,17.12,61.06,1647.05,Tomato,Harvest,DAP,,
4.58,71,43,48,37.85,39.61,1485.5,Cotton,Vegetative,Compost,,
5.85,83,61,54,30.49,74.51,953.03,Wheat,Sowing,SSP,,
5.08,64,79,118,32.69,53.57,2113.1,Cotton,Flowering,Compost,,
5.43,45,67,69,15.82,44.08,332.1,Tomato,Flowering,Urea,,
8.12,97,36,101,29.85,81,988.13,Wheat,Vegetative,DAP,,
4.65,49,27,52,32.88,48.42,2052.25,Potato,Sowing,Urea,,
5.38,121,66,70,20.27,41.9,293.57,Wheat,Sowing,Compost,,
5.74,28,18,78,14.73,48.72,271.98,Maize,Sowing,Urea,,
6.97,115,73,25,30.91,40.86,1243.74,Potato,Harvest,MOP,,
6.64,87,88,101,28.33,76.64,903.3,Rice,Sowing,Zinc Sulphate,,
5.37,153,32,11,27.27,40.92,2162.69,Sugarcane,Vegetative,DAP,,
5.16,108,68,115,15.48,73,2316.64,Cotton,Vegetative,Compost,,
5.45,40,76,83,17.87,39.75,301.47,Tomato,Vegetative,Urea,,
6.51,97,82,28,28.75,43.58,1421.9,Maize,Vegetative,MOP,,
5.58,49,31,73,28.41,50.55,2841,Cotton,Flowering,Urea,,
8.29,76,59,29,26.64,87,1076.3,Wheat,Flowering,MOP,,
6.36,74,32,67,33.04,84.83,751.48,Rice,Vegetative,DAP,,
4.74,21,61,69,34.44,35.11,1659.63,Rice,Harvest,Urea,,
7.42,67,16,111,18.3,50.15,1462.56,Sugarcane,Vegetative,DAP,,
5.82,41,26,68,14.73,50.78,814.63,Wheat,Sowing,Urea,,
7.11,108,12,118,16.04,42.69,834.95,Sugarcane,Sowing,DAP,,
5.62,131,16,60,18.44,56.14,2122.78,Cotton,Sowing,DAP,,
6.78,62,86,44,38.43,74.88,1104.18,Rice,Vegetative,NPK,,
7.59,94,50,114,14.11,35.96,2960.88,Rice,Harvest,Urea,,
8.21,93,32,19,36.36,70.3,1011.44,Sugarcane,Sowing,DAP,,
5.54,68,46,45,16.1,45.65,1734.09,Potato,Flowering,SSP,,
5.84,127,77,62,20.45,68.55,404.75,Potato,Harvest,Compost,,
6.36,54,82,63,13.78,70.91,1708.71,Tomato,Flowering,Urea,,
8.21,38,79,25,13.1,73.69,1489.71,Potato,Harvest,Urea,,
8.11,47,73,59,12.85,81.7,1178.17,Wheat,Harvest,Urea,,
4.86,125,27,35,20.28,83.98,1402.95,Rice,Harvest,DAP,,
5.03,131,44,40,25.71,75.55,699.71,Maize,Sowing,Compost,,
6.48,134,32,70,16.02,58.87,2496.65,Potato,Sowing,DAP,,
4.93,140,16,51,37.98,32.65,2781.02,Maize,Flowering,DAP,,
5.88,157,70,10,27.59,86.23,2544.99,Wheat,Sowing,MOP,,
5.09,98,85,96,36.55,66.08,2453.64,Wheat,Harvest,Compost,,
7.04,115,58,51,14.46,62.07,1735.48,Potato,Vegetative,NPK,,
8.3,43,66,58,14.3,44.37,1134.21,Sugarcane,Flowering,Urea,,
8.49,147,77,100,35.4,71.05,681.42,Wheat,Flowering,Zinc Sulphate,,
6,134,21,28,27.04,89.68,2495.29,Sugarcane,Vegetative,DAP,,
6.9,64,24,89,38.16,49.8,321.69,Wheat,Flowering,DAP,,
7.93,137,11,66,14.41,77.97,706.84,Maize,Sowing,DAP,,
4.97,79,56,111,10.78,47.47,1324.85,Rice,Harvest,Compost,,
7.26,135,84,17,37.5,59.26,744.94,Wheat,Flowering,MOP,,
6.14,72,65,71,30.97,42.8,1832.38,Wheat,Vegetative,NPK,,
5.32,122,23,89,34.22,60.77,2227.67,Potato,Sowing,DAP,,
6.11,44,36,85,18.88,57.56,2745.45,Tomato,Sowing,Urea,,
4.8,121,13,18,10.09,32.33,789.24,Wheat,Harvest,DAP,,
7.28,151,47,16,24.49,52.91,982.92,Maize,Harvest,MOP,,
5.51,111,11,49,39.7,33.76,2206.85,Cotton,Harvest,DAP,,
5.75,50,13,110,37.23,57.04,807.72,Wheat,Harvest,Urea,,
4.98,21,33,70,12.16,88.81,1274.7,Maize,Harvest,Urea,,
7.96,23,18,32,15.63,47.58,2309.7,Rice,Vegetative,Urea,,
6.47,98,28,50,19.34,60.94,1252.36,Maize,Harvest,DAP,,
6.79,57,71,81,34.91,37.81,609.68,Wheat,Flowering,Urea,,
6.78,52,81,32,34.74,39.24,954.49,Rice,Sowing,Urea,,
6.14,37,50,93,15.55,51.33,426.41,Potato,Sowing,Urea,,
5.27,123,86,20,25.99,59.38,2087.67,Maize,Sowing,MOP,,
7.48,134,81,10,25.05,72.08,328.32,Sugarcane,Harvest,MOP,,
5.01,53,87,58,22.43,57.4,1807.35,Wheat,Flowering,Urea,,
4.92,70,59,53,26.08,31.46,2860.14,Cotton,Harvest,Compost,,
7.34,82,83,78,18.78,46.26,2607.65,Maize,Sowing,Urea,,
5.34,66,74,23,25.95,31.49,404.24,Tomato,Harvest,MOP,,
5.73,71,85,16,30.57,85.08,2200.55,Cotton,Vegetative,MOP,,
6.4,112,85,69,11.88,31.74,2132.27,Maize,Harvest,Zinc Sulphate,,
6.3,71,21,33,39.02,32.98,1035.48,Rice,Vegetative,DAP,,
7.33,125,48,112,14.96,47.9,506.1,Cotton,Vegetative,NPK,,
6.99,117,38,13,20.81,67.94,2591.41,Potato,Sowing,DAP,,
7.08,150,67,36,24.12,51.48,1752.05,Wheat,Vegetative,MOP,,
7.36,78,76,71,11.23,33.69,2155.55,Cotton,Flowering,Zinc Sulphate,,
5.67,146,80,16,26.45,80.18,1481.85,Wheat,Harvest,MOP,,
5.79,88,86,63,36.1,72.01,822.6,Rice,Flowering,Zinc Sulphate,,
6.25,145,84,97,37.03,53.78,928.98,Potato,Harvest,SSP,,
5.73,149,34,82,19.79,70.61,1697.51,Potato,Harvest,DAP,,
8.44,63,58,74,26.76,46.48,856.72,Wheat,Harvest,Zinc Sulphate,,
7.76,147,72,107,33.3,61.67,1316.29,Maize,Flowering,Zinc Sulphate,,
5.16,57,36,113,17.59,82.83,408.33,Wheat,Vegetative,Urea,,
4.52,110,79,104,25.85,36.46,2987.41,Cotton,Vegetative,Compost,,
4.67,145,79,112,21,80.81,1926.71,Tomato,Flowering,Compost,,
5.48,34,67,96,21.35,77.31,608.96,Cotton,Vegetative,Urea,,
4.96,82,18,76,12.82,86.95,564.3,Tomato,Vegetative,DAP,,
6.63,81,10,112,22.21,60.83,1553.2,Maize,Vegetative,DAP,,
7.93,97,85,29,14.83,46.49,269.34,Tomato,Flowering,MOP,,
7.45,37,74,67,19.04,51.19,1353.7,Wheat,Harvest,Urea,,
5.36,90,33,57,19.91,68.39,2845.76,Wheat,Vegetative,DAP,,
6.1,43,28,35,22.92,38.45,2505.41,Tomato,Vegetative,Urea,,
6.53,57,23,43,37.51,51.1,2803.89,Wheat,Sowing,Urea,,
7.74,153,23,41,28.93,73.59,511.12,Tomato,Vegetative,DAP,,
7.86,41,89,106,39.23,64.42,1238.27,Sugarcane,Flowering,Urea,,
8.14,65,41,49,27.72,33.77,1753.99,Potato,Flowering,Zinc Sulphate,,
6.54,124,15,14,34.16,59.81,2216.75,Tomato,Harvest,DAP,,
7.28,104,32,19,35.02,61.45,1298.87,Sugarcane,Sowing,DAP,,
4.95,75,28,109,32.17,72.05,1093.06,Potato,Flowering,DAP,,
6.76,96,11,103,30.1,30.64,1054.18,Cotton,Harvest,DAP,,
5.49,61,83,82,22.54,55.7,2410.47,Potato,Vegetative,Compost,,
6.23,32,50,55,27.02,83.2,1269.1,Cotton,Sowing,Urea,,
7.04,73,62,41,15.81,31.51,245.68,Rice,Harvest,Urea,,
5.53,159,36,70,28.55,70.34,2356.6,Wheat,Flowering,DAP,,
4.71,54,17,94,25.43,43.39,651.74,Cotton,Harvest,Urea,,
4.54,102,52,51,34.13,53.25,1958.99,Rice,Sowing,Compost,,
4.59,28,42,35,37.08,83.05,282.5,Potato,Harvest,Urea,,
4.53,32,52,32,13.98,51.75,1283.56,Sugarcane,Flowering,Urea,,
4.94,41,39,18,30.73,62.73,1476.61,Cotton,Harvest,Urea,,
5.46,59,43,78,38.5,35.38,2924.63,Wheat,Harvest,Urea,,
5.38,136,87,64,37.54,49.48,446.88,Tomato,Sowing,Compost,,
8.45,146,29,17,35.03,38.5,2304.25,Potato,Flowering,DAP,,
5.72,26,71,117,11.45,63.69,2901.3,Cotton,Flowering,Urea,,
5.01,74,88,65,17.57,57.59,975.35,Sugarcane,Harvest,Compost,,
6.68,140,11,64,14.45,45.87,831.82,Rice,Flowering,DAP,,
7.93,98,89,119,37.81,89.98,2865.79,Tomato,Vegetative,Zinc Sulphate,,
7.21,118,77,52,32.47,39.2,1570.76,Rice,Sowing,Zinc Sulphate,,
5.68,42,88,84,25.95,79.53,2503.25,Tomato,Harvest,Urea,,
6.75,56,28,65,39.38,32.15,2424.96,Rice,Harvest,Urea,,
7.36,39,44,45,15.84,80.81,1112.81,Potato,Flowering,Urea,,
7.41,139,29,27,29.25,58.62,724.93,Wheat,Harvest,DAP,,
7.17,87,50,40,28.28,79.69,2168.09,Cotton,Harvest,Zinc Sulphate,,
7.98,65,38,114,20.21,74.83,1603.65,Cotton,Flowering,DAP,,
7.98,39,24,17,24.56,64.36,1573.4,Rice,Vegetative,Urea,,
6.82,91,41,109,17.06,52.29,1729.38,Maize,Vegetative,NPK,,
6.22,124,22,28,30.31,69.93,271.83,Sugarcane,Vegetative,DAP,,
7.07,123,16,31,22.55,79.95,214.19,Potato,Harvest,DAP,,
7.77,26,63,75,10.71,60.2,1079.53,Cotton,Vegetative,Urea,,
4.52,69,25,20,38.52,54.89,1106.32,Sugarcane,Sowing,DAP,,
8.47,72,19,76,25.04,38.57,2212.45,Wheat,Harvest,DAP,,
5.23,92,65,42,31.17,83.77,1111.86,Cotton,Vegetative,Compost,,
6.38,30,75,83,15.91,46.04,1206.75,Wheat,Flowering,Urea,,
7.99,155,47,62,13.82,37.41,1738.73,Wheat,Harvest,Zinc Sulphate,,
5.4,51,62,54,37.07,33.97,1856.51,Cotton,Harvest,Urea,,
6.41,82,43,76,27.73,75.05,1133.22,Sugarcane,Sowing,MOP,,
5.03,70,10,48,24.8,70.5,1762.69,Cotton,Sowing,DAP,,
6.08,52,88,46,25.63,37.23,1929.89,Rice,Vegetative,Urea,,
5.21,45,83,107,17.09,61.81,931.49,Wheat,Vegetative,Urea,,
5.95,41,68,59,37.38,39.16,860.09,Wheat,Harvest,Urea,,
5.99,114,34,37,16.43,53.01,2693.22,Sugarcane,Vegetative,DAP,,
8.47,97,41,23,14.74,76.97,2012.86,Rice,Sowing,MOP,,
8.48,123,40,61,37.9,43.67,1071,Maize,Sowing,Zinc Sulphate,,
4.96,60,83,101,17.73,31.66,1742.15,Sugarcane,Vegetative,Compost,,
7.4,95,12,39,35.87,41.6,2180.74,Tomato,Sowing,DAP,,
4.71,58,75,39,33.18,54.03,263.36,Maize,Harvest,Urea,,
4.62,51,50,36,21.46,44.5,2775.53,Rice,Vegetative,Urea,,
4.92,97,71,75,17.62,73.33,2208.25,Wheat,Harvest,Compost,,
8.36,85,62,110,32.77,77.35,1298.31,Rice,Vegetative,Zinc Sulphate,,
8.26,90,42,86,27.93,44.43,2810.34,Tomato,Sowing,Zinc Sulphate,,
5.28,50,22,48,17.62,46.12,356.37,Tomato,Harvest,Urea,,
5.15,111,48,51,36.73,63.6,2311.71,Tomato,Flowering,Compost,,
5.46,93,38,37,31.63,75.15,1673.61,Potato,Sowing,DAP,,
6.56,130,34,93,37.28,87.56,2061.41,Rice,Flowering,DAP,,
6.78,145,28,72,23.12,48.03,1519.89,Sugarcane,Sowing,DAP,,
5.39,113,74,112,13.85,84.66,612.25,Wheat,Flowering,Compost,,
7.53,128,25,64,37.72,40.91,930.22,Wheat,Harvest,DAP,,
5.74,123,81,27,28.04,32.46,1496.52,Wheat,Flowering,MOP,,
8.19,60,80,43,28.18,77.55,2772.75,Potato,Harvest,Zinc Sulphate,,
7.13,24,84,66,27.53,58.72,391.3,Cotton,Sowing,Urea,,
6.25,25,69,54,24.17,34.61,493.18,Rice,Vegetative,Urea,,
7.66,81,88,90,17.65,34.27,627.58,Wheat,Flowering,Zinc Sulphate,,
7.77,35,66,47,28.39,30.82,1969.94,Cotton,Harvest,Urea,,
5.66,107,54,32,31.56,48.38,1225.65,Sugarcane,Flowering,MOP,,
5.86,129,61,40,37.5,74.12,617.88,Potato,Vegetative,NPK,,
8.24,102,15,18,12.16,69.92,541.5,Potato,Harvest,DAP,,
5.16,142,69,44,17.64,89.98,2087.65,Cotton,Sowing,Compost,,
4.67,83,46,34,33.3,65.64,1495.25,Potato,Sowing,MOP,,
6.32,116,63,48,33.25,36.63,2643.72,Sugarcane,Vegetative,NPK,,
7.7,88,13,39,16.36,88.71,1331.27,Maize,Vegetative,DAP,,
7.59,154,56,14,15.54,71.58,2036.08,Potato,Flowering,MOP,,
8.18,61,46,37,21.01,52.44,2428.36,Rice,Vegetative,MOP,,
6.63,75,51,16,11.89,44.82,2870.3,Cotton,Vegetative,MOP,,
4.9,104,57,115,31.91,43.33,2634.03,Sugarcane,Harvest,Compost,,
6.85,127,70,51,30.09,87.37,2370.86,Maize,Harvest,Compost,,
7.61,104,71,51,35.76,55.17,1356.09,Tomato,Sowing,DAP,,
4.87,110,64,66,22.9,59.21,2951.85,Wheat,Flowering,Compost,,
5.19,52,46,111,29.1,80.21,941.21,Tomato,Flowering,Urea,,
4.55,45,24,92,38.62,87.83,2051.63,Maize,Harvest,Urea,,
6.87,36,68,73,38.76,30.26,565.73,Wheat,Sowing,Urea,,
8.05,40,72,98,12.13,89.41,1896.6,Sugarcane,Harvest,Urea,,
7.18,21,75,72,10.06,34.53,2131.69,Rice,Sowing,Urea,,
8.43,98,51,27,38.8,80.21,452.82,Maize,Flowering,MOP,,
4.75,63,40,99,26.06,87.02,1025.86,Tomato,Harvest,Compost,,
8.11,90,15,54,31.01,63.67,1996.27,Tomato,Harvest,DAP,,
7.76,55,28,29,37.38,63.1,1885.98,Potato,Harvest,Urea,,
5.76,65,47,11,22.99,70.14,2070.99,Sugarcane,Sowing,MOP,,
8.39,86,88,73,23.22,51.17,548.44,Sugarcane,Harvest,Zinc Sulphate,,
5.65,22,42,39,15.01,39.95,1642.87,Sugarcane,Sowing,Urea,,
8.06,138,62,31,37.17,33.98,2797.3,Wheat,Harvest,MOP,,
8.02,64,39,115,29.43,82.87,2870.56,Tomato,Vegetative,DAP,,
7.53,44,84,43,15.41,62.84,554.84,Rice,Vegetative,Urea,,
6.75,54,74,44,26.79,71.64,2704.31,Maize,Flowering,Urea,,
4.98,38,23,78,19.84,49.92,1814.14,Potato,Vegetative,Urea,,
6.63,64,19,66,14.42,78.42,2308.17,Tomato,Flowering,DAP,,
5.93,131,26,24,15.46,51,621.81,Potato,Sowing,DAP,,
7.67,113,84,48,26.78,31.79,2266.03,Tomato,Flowering,Compost,,
7.53,50,24,88,26.93,50.21,399.02,Wheat,Harvest,Urea,,
8.14,86,85,37,33.7,81.02,1972.45,Tomato,Harvest,MOP,,
4.56,29,12,21,17.44,82.55,2070.59,Rice,Vegetative,Urea,,
7.74,136,31,76,37.48,86.08,2061.25,Rice,Harvest,DAP,,
8.25,27,65,19,25.56,59.97,364.24,Wheat,Vegetative,Urea,,
7.66,53,68,109,16.13,87.4,1275.74,Maize,Flowering,Urea,,
5.02,31,35,16,22.4,59.95,2284.31,Wheat,Flowering,Urea,,
4.83,115,59,52,37.7,39.23,2431.09,Rice,Harvest,Compost,,
4.58,149,89,90,24.34,60.12,1363.42,Maize,Flowering,Compost,,
7.01,36,70,29,36.24,82.12,653.65,Potato,Flowering,Urea,,
7.02,95,64,56,14.79,77.14,1598.45,Sugarcane,Vegetative,NPK,,
8.45,90,73,119,37.42,56.04,2020.74,Sugarcane,Flowering,Zinc Sulphate,,
6.09,98,12,37,22.92,42.75,2777.12,Cotton,Harvest,DAP,,
5.83,21,39,85,38.08,64.87,2107.76,Cotton,Vegetative,Urea,,
7,46,67,27,35.98,85.87,2503.45,Sugarcane,Flowering,Urea,,
7.8,159,22,66,29.8,40.65,941.29,Wheat,Harvest,DAP,,
8.25,114,81,118,30.19,79.62,2533.07,Cotton,Vegetative,Zinc Sulphate,,
7.71,24,33,60,16.35,38.84,1913.52,Tomato,Harvest,Urea,,
6.21,47,78,46,28.08,85.18,1737.17,Potato,Sowing,Urea,,
7.04,91,16,85,26.48,71.6,947.22,Cotton,Flowering,DAP,,
7.93,71,60,17,20.02,36.55,770.91,Maize,Vegetative,MOP,,
6.46,153,63,113,25.17,42.15,1722.86,Wheat,Flowering,Urea,,
5.37,37,60,114,37.87,85.62,2696.03,Wheat,Harvest,Urea,,
5.18,56,36,92,10.16,60.45,859.06,Wheat,Harvest,Urea,,
4.5,118,21,109,22.51,57.21,980.34,Maize,Flowering,DAP,,
7.37,54,50,79,20.01,33.5,2854.18,Cotton,Vegetative,Urea,,
4.94,145,42,101,38.84,35.04,274.5,Potato,Harvest,Compost,,
5.48,36,88,53,39.22,71.5,1559.09,Tomato,Flowering,Urea,,
5.69,129,40,74,27.57,76.62,1680.55,Maize,Harvest,SSP,,
6.74,107,20,59,26.5,82.02,2092.03,Sugarcane,Sowing,DAP,,
6.09,29,45,28,37.1,60.17,743.16,Tomato,Vegetative,Urea,,
7.2,70,15,58,10.2,49.71,1799.96,Rice,Harvest,DAP,,
4.72,131,54,76,26.87,67.53,506.5,Sugarcane,Vegetative,Compost,,
5,100,69,109,10.74,67.13,947.62,Sugarcane,Sowing,Compost,,
6.5,71,81,100,39.04,32.08,242.3,Potato,Harvest,NPK,,
5.85,83,46,55,19.6,86.33,1469.55,Cotton,Sowing,NPK,,
5.68,52,39,79,25.62,68.55,690.31,Tomato,Vegetative,Urea,,
4.77,116,47,39,22.53,30.39,470.91,Cotton,Sowing,MOP,,
8.08,36,25,46,36.81,87.58,1164.07,Rice,Sowing,Urea,,
7.27,143,88,100,39.99,87.16,421.81,Cotton,Sowing,DAP,,
4.99,127,47,79,12.05,86.76,2060.36,Tomato,Flowering,Compost,,
4.76,146,62,118,31.96,83.33,762.43,Wheat,Harvest,Compost,,
8.4,26,17,114,21.04,41.08,2188.76,Sugarcane,Flowering,Urea,,
7.22,131,18,90,14.17,88.63,2551.6,Rice,Sowing,DAP,,
6.17,146,30,56,22.16,75.72,2275.64,Rice,Vegetative,DAP,,
7.31,29,50,103,39.94,68.45,2335.98,Cotton,Flowering,Urea,,
7.53,50,78,88,20.73,86.56,2002.54,Rice,Flowering,Urea,,
7.62,44,28,92,18.32,52.87,1253.64,Rice,Vegetative,Urea,,
6.41,84,89,39,35.39,85.88,1175.93,Wheat,Vegetative,MOP,,
6.22,150,27,113,36.04,66.34,1793.04,Sugarcane,Harvest,DAP,,
4.54,74,85,82,20.17,64.76,894.54,Rice,Harvest,Compost,,
8.21,67,89,43,18.96,68.76,1165.01,Rice,Flowering,Zinc Sulphate,,
6.91,84,14,119,29.42,75.25,634.84,Rice,Sowing,DAP,,
5.31,132,76,99,16.16,56.7,2384.38,Potato,Vegetative,Compost,,
8.18,134,80,119,24.51,88.84,2259.75,Maize,Vegetative,Zinc Sulphate,,
8.16,79,41,110,14.24,35.31,1609.12,Potato,Sowing,Zinc Sulphate,,
8.46,33,87,70,19.14,84.83,1234.8,Wheat,Vegetative,Urea,,
8,106,57,44,18.92,69.45,2150.69,Potato,Vegetative,Zinc Sulphate,,
8.49,100,42,115,30.85,84.59,437.09,Sugarcane,Flowering,Zinc Sulphate,,
5.48,33,78,75,18.47,52.13,333.7,Maize,Harvest,Urea,,
7.87,156,81,22,36.95,79.74,2159.35,Rice,Sowing,MOP,,
7.79,104,11,69,39.49,66.96,1740.18,Cotton,Sowing,DAP,,
5.42,21,63,116,12.43,79.87,2253.06,Rice,Flowering,Urea,,
4.89,27,51,116,21.93,49.5,982.81,Wheat,Harvest,Urea,,
8.42,55,44,18,19.06,85.04,503.23,Rice,Vegetative,Urea,,
5.68,34,70,30,20.56,85.45,1403.89,Potato,Vegetative,Urea,,
7.98,53,69,50,17.96,58.49,1394.74,Tomato,Sowing,Urea,,
4.52,28,58,117,21.48,54.02,2325.34,Tomato,Harvest,Urea,,
4.58,59,32,74,14.24,64.51,541.98,Cotton,Flowering,Urea,,
6.36,45,77,93,18.39,42.01,2849.01,Tomato,Flowering,Urea,,
5.45,44,44,58,32.43,59.77,356.79,Tomato,Vegetative,Urea,,
7.26,134,23,78,20.32,83.81,1076.22,Maize,Vegetative,DAP,,
6.76,110,31,21,16.24,51.91,2168.41,Wheat,Harvest,DAP,,
4.81,64,39,116,13.25,74.16,2208.9,Maize,Flowering,DAP,,
5.15,40,12,30,20.44,67.39,1787.76,Cotton,Flowering,Urea,,
6.05,108,84,70,29.3,45.68,398.65,Sugarcane,Vegetative,NPK,,
5.24,59,19,48,17.6,61.91,2597.81,Maize,Harvest,Urea,,
7.67,105,76,96,22.67,81.16,1977.24,Potato,Flowering,SSP,,
6.16,80,50,81,38.57,63.3,2324.71,Tomato,Vegetative,NPK,,
4.87,33,57,31,26.57,71.81,1281.44,Maize,Flowering,Urea,,
6.44,107,59,99,25.96,76.52,881.44,Rice,Sowing,MOP,,
4.86,86,78,92,22.3,32.96,2216.26,Wheat,Sowing,Compost,,
5.02,95,67,66,26.71,33.08,2483.45,Tomato,Harvest,Compost,,
5.46,90,24,88,39.54,36.9,2475.06,Wheat,Sowing,DAP,,
7.94,37,57,46,17.61,39.78,2208.09,Sugarcane,Harvest,Urea,,
8.2,42,15,50,38.26,78.69,589.06,Potato,Sowing,Urea,,
7.81,45,13,94,14.47,56.14,821.01,Sugarcane,Sowing,Urea,,
5.84,149,32,86,13.33,41.12,1601.23,Tomato,Sowing,DAP,,
5.59,134,54,16,29.64,61.91,1620.58,Maize,Flowering,MOP,,
6.7,82,74,98,17.54,75.8,1567.9,Sugarcane,Harvest,Urea,,
7.39,36,65,42,23.33,38.4,2512.91,Wheat,Sowing,Urea,,
8.47,131,72,12,31.89,50.66,551.07,Wheat,Sowing,MOP,,
5.03,134,24,48,26.05,41.66,2418.34,Maize,Harvest,DAP,,
4.7,21,13,105,10.41,68.78,262.53,Maize,Vegetative,Urea,,
7.28,118,86,114,19.18,38.21,1104.61,Cotton,Vegetative,NPK,,
7.83,98,41,45,11.94,76.87,750.2,Potato,Vegetative,Zinc Sulphate,,
7.89,127,18,49,37.78,42.47,1674.61,Tomato,Sowing,DAP,,
7.21,135,66,32,33.84,33.52,1666.9,Wheat,Harvest,MOP,,
8.32,128,76,75,39.52,84.65,1618.32,Tomato,Flowering,Zinc Sulphate,,
6.54,96,48,105,36.55,49.99,1008.69,Sugarcane,Flowering,SSP,,
8.16,57,49,55,24.26,60.16,1661.05,Potato,Vegetative,Urea,,
8.37,155,25,15,36.48,36.06,2176.18,Cotton,Sowing,DAP,,
7.89,99,19,80,30.17,58.77,1302.56,Rice,Vegetative,DAP,,
5.74,45,62,65,25.74,43.35,2800.2,Potato,Vegetative,Urea,,
5.28,140,74,30,21.12,80.42,391.71,Sugarcane,Vegetative,MOP,,
6.69,100,59,106,30.43,72.83,2963.88,Rice,Vegetative,NPK,,
6.31,37,38,89,27.7,69.8,2331.88,Tomato,Harvest,Urea,,
8.01,154,27,76,28.43,76.88,1860.9,Cotton,Vegetative,DAP,,
4.9,54,61,35,21.99,47.62,769.36,Wheat,Flowering,Urea,,
5.53,31,41,34,32.18,57.22,1956.46,Tomato,Sowing,Urea,,
7.51,140,42,88,12.44,35.19,2445.83,Wheat,Sowing,SSP,,
4.88,132,20,95,31.78,34.07,910.21,Rice,Sowing,DAP,,
5.78,63,38,116,31.92,49.75,311.71,Wheat,Vegetative,DAP,,
6.05,60,29,110,25.48,79.36,1439.71,Maize,Flowering,DAP,,
6.99,73,31,73,17.9,65.86,1052.42,Tomato,Flowering,DAP,,
5.13,148,81,93,25.58,55.47,1001.22,Potato,Flowering,Compost,,
7.94,44,24,62,13.69,88.02,2229.46,Cotton,Sowing,Urea,,
6.29,99,44,59,18.55,56.53,614.49,Sugarcane,Harvest,Zinc Sulphate,,
8.17,141,89,38,22.64,58.13,2022.61,Cotton,Harvest,MOP,,
6.37,34,43,110,30.2,89.55,371.56,Tomato,Sowing,Urea,,
5.6,94,29,28,15.62,37.88,2775.69,Potato,Sowing,DAP,,
5.07,120,86,113,14.75,45.34,1841.04,Rice,Vegetative,Compost,,
4.51,150,65,104,28.23,57.2,2806.75,Tomato,Harvest,Compost,,
6.63,139,60,67,30.39,64.28,2630.05,Tomato,Sowing,SSP,,
4.93,64,86,23,12.51,38.88,2635.53,Rice,Flowering,MOP,,
6.07,39,59,116,10.99,49.73,535.3,Wheat,Sowing,Urea,,
6.86,135,39,24,14.41,43.22,2148.47,Rice,Vegetative,DAP,,
5.6,118,34,72,37.03,80.99,1321.1,Sugarcane,Flowering,DAP,,
5.2,48,83,10,30.18,80.08,1485.5,Cotton,Flowering,Urea,,
7.6,39,80,85,37.63,44.39,981.48,Sugarcane,Harvest,Urea,,
8.29,98,13,73,29.94,56.1,591.55,Cotton,Flowering,DAP,,
4.9,115,72,20,38.96,69.1,1057.69,Potato,Flowering,MOP,,
5.12,31,31,56,23.17,32.89,1738.67,Potato,Harvest,Urea,,
8.34,75,66,18,27.97,83.02,1348.09,Wheat,Harvest,MOP,,
4.65,134,63,117,28.04,60.66,2170.9,Rice,Flowering,Compost,,
8.41,31,13,106,10.09,43.59,2549.29,Cotton,Flowering,Urea,,
4.52,72,74,63,10.82,53.81,790,Maize,Harvest,Compost,,
7.99,117,57,36,14.36,84.1,357.6,Maize,Flowering,MOP,,
5.73,27,32,107,25.33,31.49,2974.36,Potato,Harvest,Urea,,
8.25,77,32,10,22.92,38.57,2671.41,Maize,Vegetative,DAP,,
5.77,43,15,19,26.19,41.56,942.34,Maize,Flowering,Urea,,
7.12,128,78,22,34.01,33.61,655.33,Potato,Sowing,MOP,,
4.82,80,73,38,34.67,43.52,2862.9,Potato,Vegetative,MOP,,
5.47,148,80,14,39.31,79.03,850.83,Sugarcane,Vegetative,MOP,,
7.59,108,14,84,26.73,61.62,821.29,Rice,Flowering,DAP,,
6.61,97,42,62,20.42,66.33,507.55,Cotton,Vegetative,NPK,,
8.21,89,35,100,19.24,39.35,1006.12,Potato,Vegetative,DAP,,
6.22,156,68,48,20.22,46.7,2554.82,Maize,Flowering,Urea,,
7.98,131,43,109,19.71,85.05,1795.52,Maize,Vegetative,Zinc Sulphate,,
6.3,148,35,61,21.79,42.63,457.56,Cotton,Harvest,DAP,,
8.42,79,83,100,12.25,84.4,2908.76,Tomato,Vegetative,Zinc Sulphate,,
8.34,37,75,116,29,69.79,1710.6,Wheat,Harvest,Urea,,
5.82,124,29,112,27.04,60.17,1366.76,Sugarcane,Sowing,DAP,,
8.04,111,23,55,23.86,40.44,2395.89,Tomato,Sowing,DAP,,
7.89,71,80,98,12.43,70.42,1768.98,Sugarcane,Harvest,Zinc Sulphate,,
5.34,21,83,48,12.8,83.18,2708.15,Rice,Flowering,Urea,,
7,120,17,97,26.35,39.59,2166.58,Maize,Harvest,DAP,,
4.79,67,67,51,11.1,30.37,2071.05,Rice,Harvest,Compost,,
7.85,136,10,57,31.74,74.4,1145.69,Rice,Vegetative,DAP,,
5.2,107,40,40,39.81,66.03,2971.48,Rice,Flowering,Compost,,
4.78,54,17,80,27.92,60.19,2025.38,Rice,Vegetative,Urea,,
6.1,100,89,98,31.7,57.36,1437.26,Cotton,Vegetative,NPK,,
6.81,113,69,95,23.17,59.86,613.02,Cotton,Vegetative,NPK,,
7.92,134,71,84,30.02,52.47,1755.79,Potato,Vegetative,Zinc Sulphate,,
8.4,91,19,34,29.55,34.94,2065.5,Cotton,Flowering,DAP,,
6.26,99,27,92,34.72,76.54,1240.11,Rice,Vegetative,DAP,,
4.74,57,75,13,31.34,58.07,380.86,Maize,Vegetative,Urea,,
7.5,50,75,98,32.47,79.5,2435.55,Sugarcane,Vegetative,Urea,,
6.76,27,61,107,26.7,88.93,2031.13,Potato,Harvest,Urea,,
6.29,54,76,37,24.54,40.31,2116.78,Maize,Harvest,Urea,,
5.74,53,18,89,23.76,77.61,886.14,Rice,Harvest,Urea,,
6.51,157,57,11,21.76,88.65,565.96,Potato,Harvest,MOP,,
5.85,127,69,35,17.98,73.47,1465.82,Wheat,Vegetative,MOP,,
7.53,71,87,81,11,44.76,875.61,Potato,Harvest,Zinc Sulphate,,
6.68,159,61,52,30.13,83.79,2386.73,Cotton,Sowing,Urea,,
8.01,124,52,99,37.03,77.59,1689.49,Potato,Flowering,Zinc Sulphate,,
6.67,76,84,47,37.91,56.96,569.71,Maize,Vegetative,NPK,,
5.45,73,59,30,27.42,64.35,749.52,Cotton,Vegetative,MOP,,
7.9,34,23,59,12.82,73.32,2683.19,Maize,Vegetative,Urea,,
6.73,129,27,26,36.36,37.47,1968.53,Wheat,Flowering,DAP,,
5.33,63,86,39,32.43,85.62,1321.56,Tomato,Flowering,MOP,,
6.99,110,43,52,17.54,89.25,2218.17,Tomato,Sowing,Compost,,
5.93,121,50,47,34.11,49.83,2464.85,Potato,Harvest,DAP,,
7.88,147,84,68,24.16,72.91,520.38,Maize,Sowing,Zinc Sulphate,,
6.31,103,58,68,36.63,55.28,2557.55,Cotton,Vegetative,NPK,,
7.41,48,78,53,17.43,31.66,2850.33,Wheat,Vegetative,Urea,,
4.88,126,18,85,34.03,87.52,452.03,Cotton,Harvest,DAP,,
6.08,34,57,40,31.36,38.54,1107.41,Tomato,Harvest,Urea,,
8.43,105,21,117,10.43,34.5,670.22,Sugarcane,Harvest,DAP,,
7.73,106,74,46,26.9,80.23,1403.87,Rice,Vegetative,NPK,,
5.14,87,23,111,31.47,32.03,816.33,Sugarcane,Vegetative,DAP,,
5.61,107,73,56,14.69,71.27,1214.7,Tomato,Vegetative,NPK,,
5.82,83,35,80,25.96,85.8,877.5,Rice,Harvest,DAP,,
7.1,33,16,80,19.12,54.37,210.07,Tomato,Vegetative,Urea,,
7.53,73,64,44,30.89,34.1,253.34,Rice,Vegetative,NPK,,
7.5,78,68,100,26.2,43.1,1641.73,Sugarcane,Harvest,Urea,,
6.54,147,89,35,28.64,86.9,1638.03,Wheat,Sowing,MOP,,
7.74,74,88,65,12.18,57.92,301.01,Rice,Harvest,SSP,,
6.25,58,65,113,14.13,62.48,2158.5,Maize,Vegetative,Urea,,
5,96,77,52,26.56,39.36,275.27,Sugarcane,Sowing,Compost,,
6.76,63,39,28,15.44,85.08,1562.4,Maize,Harvest,DAP,,
8.31,65,32,31,24.96,61.03,1306.6,Wheat,Harvest,DAP,,
7.67,116,88,66,30.7,61.73,2672.4,Tomato,Flowering,MOP,,
6.81,99,26,74,34.29,64.56,1814.1,Wheat,Vegetative,DAP,,
7.09,63,11,43,14.29,76.04,2502.78,Potato,Vegetative,DAP,,
8.22,113,81,59,32.26,42.18,2995.33,Potato,Flowering,Zinc Sulphate,,
6.21,63,79,41,20.9,86.54,696.73,Potato,Flowering,MOP,,
5.83,130,48,62,30.37,40.52,375.7,Sugarcane,Flowering,MOP,,
8.41,26,57,102,14.36,41.84,2368.53,Maize,Flowering,Urea,,
7.95,61,14,95,25.46,30.74,1968.46,Cotton,Flowering,DAP,,
5.79,81,30,60,35.13,31.18,1975.6,Rice,Sowing,DAP,,
6.36,21,59,29,13.19,55.73,1085.52,Cotton,Flowering,Urea,,
6.16,96,29,67,34.83,40.98,486.84,Cotton,Harvest,DAP,,
5.1,65,80,101,23.58,42.71,2219.39,Potato,Flowering,Compost,,
8.33,57,88,54,34.7,89.28,1721.34,Sugarcane,Vegetative,Urea,,
6.12,114,82,59,38.75,85.76,1604.2,Cotton,Harvest,Zinc Sulphate,,
8,148,36,101,14.79,49.35,2260.73,Potato,Harvest,DAP,,
5.26,126,11,17,30.24,50.59,2968.13,Potato,Harvest,DAP,,
6.69,79,56,30,17.05,47.53,2272.63,Tomato,Sowing,MOP,,
4.6,74,49,27,14.07,82.93,2816.85,Cotton,Sowing,MOP,,
7.56,126,45,115,28.84,35.9,1315.89,Rice,Flowering,Zinc Sulphate,,
6.82,50,80,24,13.24,65.05,2714.62,Potato,Harvest,Urea,,
7,116,22,19,23.96,41.18,2236.57,Tomato,Sowing,DAP,,
4.71,105,31,100,29.08,75.49,1240.69,Tomato,Harvest,DAP,,
5.34,152,27,72,24.99,67.88,1625,Wheat,Vegetative,DAP,,
4.8,138,84,91,30.91,53.27,766.71,Tomato,Harvest,Compost,,
5.66,115,15,29,34.04,35.89,427.75,Tomato,Flowering,DAP,,
7.01,22,77,71,36.17,76.04,1508.81,Rice,Vegetative,Urea,,
6.76,158,76,111,26.8,34.62,2981,Tomato,Harvest,SSP,,
6.95,61,61,106,18.3,46.42,2637.26,Rice,Flowering,Zinc Sulphate,,
6.7,156,79,119,25.29,45.22,246.52,Sugarcane,Flowering,Compost,,
5.59,105,88,61,21.63,64.71,2915.56,Potato,Sowing,Zinc Sulphate,,
5.48,29,12,39,16.78,60.82,1513.03,Wheat,Vegetative,Urea,,
5.05,159,26,12,25.87,46.78,700.96,Maize,Sowing,DAP,,
7.9,66,75,10,10.68,55.82,2761.67,Maize,Sowing,MOP,,
6.97,102,66,19,28.17,56.18,2789.59,Cotton,Flowering,MOP,,
5.25,136,89,58,34.65,64.41,2571.37,Sugarcane,Harvest,Compost,,
5.21,29,31,74,39.98,83.89,1939.59,Wheat,Harvest,Urea,,
7.99,148,20,42,37.65,38.52,862.44,Sugarcane,Vegetative,DAP,,
7.47,90,45,102,12.69,63.46,874.69,Wheat,Vegetative,NPK,,
7.14,138,62,44,14.87,31.1,2903.62,Wheat,Vegetative,NPK,,
6.13,138,85,46,14.16,71.89,980.66,Rice,Sowing,Zinc Sulphate,,
5.55,158,49,60,26.75,68.42,1382.98,Wheat,Harvest,Zinc Sulphate,,
8.42,146,44,104,11.38,71.64,2307.92,Wheat,Vegetative,Zinc Sulphate,,
7.69,23,52,63,38.11,58.5,2505.79,Maize,Harvest,Urea,,
5.71,105,54,72,11.86,41.21,1351.89,Tomato,Harvest,SSP,,
7.89,29,50,55,21.74,56.88,1307.76,Cotton,Vegetative,Urea,,
7.54,152,73,55,36.82,31.42,1199.57,Maize,Flowering,Urea,,
5.69,143,24,59,38.45,52.89,1287.45,Potato,Vegetative,DAP,,
6.21,95,53,16,23.96,80.31,2323.26,Rice,Harvest,MOP,,
5.24,76,51,93,24.65,50.32,373.44,Rice,Harvest,Compost,,
4.94,101,68,70,29.09,65.51,2440.44,Sugarcane,Vegetative,Compost,,
7.39,42,13,116,22.23,45.67,801.5,Rice,Flowering,Urea,,
5.57,89,80,95,19.74,38.05,652.12,Cotton,Harvest,Compost,,
7.78,26,38,115,32.18,61.26,538.16,Tomato,Harvest,Urea,,
8.48,38,50,21,27.86,32.15,859.6,Wheat,Flowering,Urea,,
4.81,136,15,83,24.45,84.27,2534.83,Maize,Vegetative,DAP,,
6.39,105,48,47,13.02,76.63,1706.32,Sugarcane,Flowering,MOP,,
7.71,98,75,104,12.07,89.88,953.1,Rice,Harvest,MOP,,
7.66,78,36,113,25.32,89.59,720.65,Rice,Vegetative,DAP,,
7.54,89,16,48,28.58,73.74,2354.71,Cotton,Sowing,DAP,,
5.9,25,20,118,29.73,76.6,1615.39,Maize,Sowing,Urea,,
6.32,95,41,30,36.85,61.69,536.78,Potato,Flowering,MOP,,
6.88,151,60,32,34.49,43.11,1250.57,Sugarcane,Flowering,MOP,,
8.4,138,49,104,14.22,78.5,1445.9,Potato,Flowering,Zinc Sulphate,,
5.81,89,16,53,33.83,46.18,1191.06,Potato,Flowering,DAP,,
8.19,134,10,53,30.29,69,942.52,Tomato,Vegetative,DAP,,
5.58,120,34,103,34.84,73.85,1121.31,Maize,Vegetative,DAP,,
8.46,130,15,95,35.3,63.86,2269.11,Potato,Harvest,DAP,,
7.18,102,25,118,20.37,69.76,2868.53,Potato,Harvest,DAP,,
6.35,26,24,30,17.9,47.57,272.37,Maize,Harvest,Urea,,
6.95,80,31,114,26.58,75.63,1955.09,Potato,Harvest,DAP,,
5.59,127,27,93,18.96,86.61,403.8,Potato,Vegetative,DAP,,
5.6,91,59,101,20.49,59.04,766.08,Potato,Flowering,Zinc Sulphate,,
4.95,118,81,112,12.07,37.26,1724.33,Sugarcane,Harvest,Compost,,
4.96,72,19,70,39.74,67.18,2422.99,Rice,Sowing,DAP,,
5.89,102,58,89,19.28,50.48,1419.62,Cotton,Vegetative,NPK,,
7.55,47,79,92,33.4,55.15,2662.52,Tomato,Sowing,Urea,,
6.93,65,19,33,39.79,39.1,2204.14,Cotton,Vegetative,DAP,,
4.91,142,48,116,39.07,67.55,742.48,Cotton,Vegetative,Compost,,
7.91,103,67,40,29.02,77.23,2121.39,Sugarcane,Flowering,Zinc Sulphate,,
6.91,46,80,14,26.16,75.99,1091.49,Maize,Flowering,Urea,,
8.34,54,51,90,19.28,89.63,2346.79,Tomato,Harvest,Urea,,
7.18,66,54,74,35.85,42.73,845.69,Cotton,Harvest,Urea,,
5.2,71,37,46,20.14,84.85,604.6,Cotton,Sowing,DAP,,
6.4,88,82,103,13.2,73.96,1985.69,Potato,Sowing,MOP,,
7.09,60,14,41,18.82,72.45,1926.54,Maize,Harvest,DAP,,
4.61,69,66,105,19.45,71.03,1805.83,Rice,Harvest,Compost,,
4.56,64,89,75,31.55,62.3,880.94,Rice,Flowering,Compost,,
5.02,39,38,43,15.09,52.72,776.75,Cotton,Harvest,Urea,,
5.51,139,64,117,19.51,86.6,2754.83,Maize,Flowering,DAP,,
6.22,55,32,38,12.3,39.07,1691.45,Rice,Harvest,Urea,,
6.45,110,66,14,35.45,40.56,1338.3,Potato,Sowing,MOP,,
5.05,89,27,39,31.74,31,2494.49,Wheat,Flowering,DAP,,
7.19,152,35,116,23.12,74.36,342.19,Wheat,Vegetative,DAP,,
6.88,124,14,54,22.9,83.64,2092.79,Tomato,Harvest,DAP,,
5.68,117,17,27,14.99,41.16,612.77,Sugarcane,Vegetative,DAP,,
4.55,122,28,87,21.53,32.07,833.17,Tomato,Flowering,DAP,,
4.81,143,37,46,37.2,44.65,1990.5,Sugarcane,Flowering,DAP,,
6.07,93,77,20,14.16,83.02,983.13,Cotton,Sowing,MOP,,
5.12,83,59,13,32.95,30.97,2378.49,Maize,Harvest,MOP,,
6.01,64,85,95,11.42,36.07,1652.02,Sugarcane,Flowering,Zinc Sulphate,,
7.01,57,74,55,19.35,31.5,1104.34,Maize,Flowering,Urea,,
6.69,129,17,12,35.41,86.59,2620.97,Wheat,Harvest,DAP,,
5.42,120,69,62,23.35,38.13,1960.74,Maize,Harvest,Compost,,
5.88,104,67,33,31.08,84.03,1379.53,Cotton,Vegetative,MOP,,
6.96,92,36,107,13.11,58.41,1469.57,Rice,Flowering,DAP,,
7.94,22,42,17,30.5,53.69,952,Sugarcane,Flowering,Urea,,
7.51,78,55,97,34.57,55.59,503.73,Maize,Vegetative,NPK,,
6.71,119,46,89,34.16,55.12,1047.23,Cotton,Flowering,Urea,,
5.95,49,78,15,23.17,50.5,940.07,Maize,Sowing,Urea,,
5.96,35,24,94,37.12,78.65,1139.96,Cotton,Flowering,Urea,,
8.02,48,76,105,27.25,60.48,1513.67,Cotton,Sowing,Urea,,
4.66,119,37,112,34.54,89.46,376.5,Sugarcane,Vegetative,DAP,,
8.45,43,72,95,16.4,61.07,496.8,Potato,Vegetative,Urea,,
7.16,26,12,82,16.31,79.11,2242.41,Tomato,Harvest,Urea,,
7.22,120,61,27,32.63,74.71,713.52,Rice,Harvest,MOP,,
4.65,65,53,85,29.4,54.07,1149.12,Maize,Vegetative,Compost,,
6.92,67,69,15,30.29,77.32,1983.45,Wheat,Harvest,MOP,,
6.44,121,67,100,17.1,39.3,2935.44,Sugarcane,Flowering,Zinc Sulphate,,
4.92,62,23,117,21.99,42.2,572.38,Sugarcane,Vegetative,DAP,,
5.61,74,15,48,17.75,67.13,2320.63,Sugarcane,Flowering,DAP,,
8.06,84,28,10,12.04,72.69,1575.58,Maize,Sowing,DAP,,
6.7,60,71,24,16.12,68.63,462.54,Sugarcane,Flowering,MOP,,
6.15,53,14,23,39.85,60.57,673.15,Sugarcane,Harvest,Urea,,
4.79,78,58,86,17.02,38.26,2143.9,Sugarcane,Flowering,Compost,,
7.36,82,60,94,14.78,52.37,2662.49,Sugarcane,Flowering,SSP,,
7.31,31,35,55,30.91,66.29,233.95,Rice,Vegetative,Urea,,
6.96,41,65,50,28.06,43.56,823.94,Maize,Flowering,Urea,,
6.54,75,27,15,32.38,68.27,1202.3,Cotton,Flowering,DAP,,
6.24,25,54,29,29.61,44.06,2968.64,Wheat,Vegetative,Urea,,
6.87,55,18,77,16.69,35.87,2026.15,Potato,Harvest,Urea,,
5.43,145,11,49,25.03,49.46,1210.3,Cotton,Sowing,DAP,,
8.27,78,51,28,15.3,46.37,764.72,Potato,Sowing,MOP,,
6.86,87,79,116,17.61,78.63,834.97,Sugarcane,Harvest,Urea,,
5.74,71,81,113,39.61,59.02,338.55,Maize,Flowering,MOP,,
6.3,139,77,83,31.86,33.84,2985.05,Wheat,Harvest,NPK,,
7.72,96,40,78,33.49,78.93,2950.26,Cotton,Harvest,Zinc Sulphate,,
5.15,99,28,11,10.9,46.12,231.32,Maize,Sowing,DAP,,
5.67,126,80,104,21.46,64.07,958.24,Sugarcane,Sowing,Zinc Sulphate,,
7.22,109,56,53,26.66,62.49,257.25,Sugarcane,Flowering,SSP,,
5.76,116,46,62,14.49,88.3,1044.87,Tomato,Harvest,DAP,,
7.67,87,28,93,35.46,45.3,2723.52,Sugarcane,Sowing,DAP,,
5.02,92,34,15,14.19,38.71,2649.37,Potato,Sowing,DAP,,
7.55,60,62,52,29.1,45.51,2117.85,Tomato,Vegetative,NPK,,
4.77,152,84,28,26.6,64.59,2964,Wheat,Vegetative,MOP,,
4.55,135,13,27,35.48,43.05,2288.83,Wheat,Flowering,DAP,,
8.09,112,55,39,19.35,50.43,875.97,Sugarcane,Harvest,MOP,,
6.83,121,40,80,18.52,69.48,2537.84,Potato,Vegetative,NPK,,
5.91,123,45,26,35.39,36.99,1622.21,Wheat,Flowering,MOP,,
5.43,111,13,62,16.64,86.72,1611.1,Cotton,Sowing,DAP,,
6.97,38,11,77,32.38,61.94,2532.2,Rice,Sowing,Urea,,
6.54,137,48,73,15.73,59.02,1696.15,Maize,Vegetative,NPK,,
8.47,84,53,12,36.27,51.78,1116.36,Rice,Vegetative,MOP,,
8.43,88,28,34,35.17,44.74,2800.49,Potato,Harvest,DAP,,
7.04,72,50,39,33.62,59,406,Rice,Sowing,MOP,,
6.27,85,47,45,24.74,59.18,2041.78,Maize,Sowing,Zinc Sulphate,,
6.46,85,83,87,11.02,33.37,2399.22,Cotton,Sowing,Zinc Sulphate,,
7.23,37,74,50,13.97,80.84,343.48,Wheat,Sowing,Urea,,
4.91,99,44,32,23.7,79.25,856.24,Rice,Sowing,MOP,,
5.81,58,20,59,11.31,56.87,825.07,Rice,Harvest,Urea,,
4.8,146,68,25,11.9,50.21,2689.96,Cotton,Harvest,MOP,,
4.79,70,87,101,13.77,59.94,2020.87,Cotton,Flowering,Compost,,
5.28,146,79,85,17.83,43.29,807.45,Sugarcane,Sowing,Compost,,
6.44,117,52,81,32.48,30.05,2747.39,Sugarcane,Vegetative,NPK,,
7.64,97,14,39,11.44,51.26,882.35,Cotton,Sowing,DAP,,
6.44,67,35,69,39.51,31.08,2053.65,Rice,Vegetative,DAP,,
5.84,101,41,114,18.21,32.44,1466.79,Maize,Harvest,NPK,,
4.83,52,56,70,19.61,31.77,473.31,Rice,Harvest,Urea,,
6.7,100,65,111,17.44,82.8,2309.1,Sugarcane,Flowering,Zinc Sulphate,,
5.59,118,59,119,28.07,38.62,1117.54,Rice,Vegetative,NPK,,
6.96,21,83,15,10.58,45.26,1208.03,Tomato,Flowering,Urea,,
8.41,95,67,48,12.81,59.42,800.8,Wheat,Flowering,Zinc Sulphate,,
4.95,109,37,14,12.96,61.76,2451.95,Tomato,Harvest,DAP,,
5.35,145,88,12,29.94,37.32,648.07,Wheat,Flowering,MOP,,
6.39,40,64,83,19.89,84.57,811.02,Wheat,Sowing,Urea,,
8.37,24,67,39,23.12,43.86,1338.71,Tomato,Sowing,Urea,,
7.59,47,49,89,38.5,86.56,616.71,Cotton,Sowing,Urea,,
8.09,106,67,20,16,45.41,515.85,Rice,Sowing,MOP,,
5.83,67,81,12,12.11,30.16,1660.73,Maize,Flowering,MOP,,
8.47,115,55,24,23.24,88.31,2869.97,Sugarcane,Sowing,MOP,,
4.91,118,83,53,14.92,59.02,2444.98,Cotton,Flowering,Compost,,
4.71,89,54,63,14.34,82.73,695.91,Cotton,Vegetative,Compost,,
7.92,102,19,10,22.3,74.06,1845.27,Wheat,Sowing,DAP,,
8.21,25,57,22,30.09,40.74,2421.97,Wheat,Vegetative,Urea,,
4.86,138,71,72,17.29,80.72,605.83,Wheat,Flowering,Compost,,
4.95,144,37,65,36.28,33.06,429.36,Sugarcane,Sowing,DAP,,
4.63,86,29,48,20.87,60.45,2695.09,Potato,Sowing,DAP,,
4.92,158,79,48,38.02,45.25,886.12,Wheat,Vegetative,Compost,,
5.34,43,50,111,24.77,51.7,1594.06,Cotton,Flowering,Urea,,
8.38,128,15,76,31.8,75.42,784.49,Wheat,Flowering,DAP,,
7.17,114,20,39,35.47,71,333.44,Cotton,Flowering,DAP,,
7.61,48,39,117,25.89,56.41,1636.99,Potato,Vegetative,Urea,,
7.6,21,12,50,35.51,32.76,1418.23,Rice,Vegetative,Urea,,
6.64,49,81,99,21.34,32.39,2234.16,Potato,Flowering,Urea,,
7.69,130,42,20,20.9,72.13,2600.76,Sugarcane,Sowing,MOP,,
6.88,93,63,79,33.82,86.93,596.55,Rice,Sowing,DAP,,
5.76,95,56,85,17.24,80.84,680.61,Rice,Flowering,NPK,,
6.74,137,19,89,31.51,37.33,2860.71,Maize,Vegetative,DAP,,
6.63,38,28,95,12.31,37.27,1370.26,Maize,Flowering,Urea,,
7.79,73,18,31,29.07,66.63,2867.58,Wheat,Vegetative,DAP,,
8.43,139,16,47,38.26,69.46,1147.6,Wheat,Flowering,DAP,,
6.14,114,70,21,23.69,66.99,1173.56,Cotton,Harvest,MOP,,
7.55,52,23,45,22.48,83.12,2179.55,Tomato,Flowering,Urea,,
4.9,85,11,59,26.22,43.86,471.5,Cotton,Flowering,DAP,,
7.61,158,31,26,31.59,40.34,1356.31,Sugarcane,Harvest,DAP,,
5.99,109,69,113,20.77,84.85,1265.35,Rice,Sowing,Zinc Sulphate,,
4.66,84,54,41,10,73.33,298.95,Potato,Sowing,Compost,,
5.95,151,29,54,25.06,72.7,1075.33,Rice,Vegetative,DAP,,
6.94,105,35,46,22.58,50.12,1315.83,Sugarcane,Harvest,DAP,,
4.98,55,68,76,25.98,67.67,362.38,Potato,Vegetative,Urea,,
8.2,133,77,34,31.46,73.6,256.39,Wheat,Vegetative,MOP,,
4.81,56,48,92,18.5,66.02,1879.62,Potato,Sowing,Urea,,
8.22,152,32,110,25.16,74.17,776.35,Wheat,Sowing,DAP,,
7.33,69,89,111,17.6,65.4,1215.2,Wheat,Sowing,NPK,,
5.82,88,34,114,23.78,88.92,424.17,Tomato,Harvest,DAP,,
6.06,120,82,58,20.34,59.52,482.51,Wheat,Vegetative,NPK,,
7.46,117,62,52,21.07,30.75,632.43,Potato,Sowing,Compost,,
6.91,56,20,28,27.38,39.8,283.47,Cotton,Vegetative,Urea,,
7.19,46,34,89,30.69,87.85,2334.67,Wheat,Sowing,Urea,,
6.06,131,40,35,10.38,58.17,2737.24,Wheat,Flowering,MOP,,
6.45,20,55,106,36.3,37.23,1662,Rice,Flowering,Urea,,
8.46,144,36,24,20.93,39.35,2486.01,Maize,Flowering,DAP,,
5.36,154,72,62,29.31,31.74,579.55,Sugarcane,Flowering,Compost,,
6.17,48,56,110,13.67,43.58,1457.97,Tomato,Vegetative,Urea,,
5.67,57,23,29,27.14,89.2,600.38,Potato,Vegetative,Urea,,
7.56,27,32,14,30.35,49.73,2986.8,Sugarcane,Harvest,Urea,,
7.56,114,25,73,14.72,45.02,362.77,Tomato,Sowing,DAP,,
5.67,115,29,57,37.36,70.06,1443.18,Sugarcane,Sowing,DAP,,
4.83,45,12,49,32.72,70.45,514.3,Maize,Vegetative,Urea,,
4.55,132,15,33,26.02,88.07,392.26,Tomato,Harvest,DAP,,
6.21,30,38,79,14.98,73.78,2257.94,Tomato,Harvest,Urea,,
6.14,42,13,21,35.97,36.6,424.36,Cotton,Flowering,Urea,,
8.45,52,74,13,12.06,89.14,267.07,Sugarcane,Harvest,Urea,,
6.38,149,17,52,13.46,75.01,2859.01,Sugarcane,Flowering,DAP,,
5.53,132,57,86,30.95,45.55,717.34,Sugarcane,Vegetative,NPK,,
8.06,80,25,61,17.62,45.67,2564.43,Sugarcane,Harvest,DAP,,
6.46,151,56,30,23.78,87.6,2868.35,Potato,Vegetative,MOP,,
6.9,31,40,78,26.17,41.56,2305.52,Cotton,Harvest,Urea,,
4.88,126,38,22,23.75,43.66,490.67,Wheat,Flowering,DAP,,
6.03,122,85,11,12.52,51.54,677.33,Potato,Flowering,MOP,,
8.28,85,77,117,32.12,70.77,701.57,Cotton,Harvest,Zinc Sulphate,,
6.86,154,52,15,17.2,55.78,2031.04,Cotton,Vegetative,MOP,,
5.88,144,43,102,32.16,48.68,702.78,Rice,Harvest,DAP,,
7,76,15,32,35.96,46.06,283.94,Potato,Harvest,DAP,,
8.14,65,58,108,26.09,37.51,1483.97,Cotton,Flowering,Zinc Sulphate,,
5.6,41,69,83,31.19,62.78,1849.42,Potato,Vegetative,Urea,,
6.52,158,60,93,11.11,46.4,1489.14,Potato,Harvest,DAP,,
8.33,24,18,98,11.1,49.89,1569.61,Rice,Flowering,Urea,,
5.19,87,14,45,15.91,30.47,1479.11,Cotton,Vegetative,DAP,,
7.38,33,73,19,20.75,61.87,943.22,Potato,Sowing,Urea,,
6.96,150,25,36,15.48,71.79,2876.51,Potato,Sowing,DAP,,
7.22,133,68,16,29.05,85.65,2546.64,Potato,Harvest,MOP,,
5.9,46,65,59,18.31,41.83,1103.99,Maize,Flowering,Urea,,
5.76,23,74,30,35.37,85.16,311.08,Rice,Sowing,Urea,,
7.24,147,44,95,26.82,51.67,2602.39,Maize,Harvest,Compost,,
5.36,83,19,55,21.34,78.14,2278.24,Cotton,Flowering,DAP,,
6.18,105,56,91,36.79,83.81,427.5,Maize,Harvest,SSP,,
5.25,99,44,10,34.85,87.68,2154.44,Cotton,Harvest,MOP,,
4.53,38,71,98,34.6,49.53,1467.32,Rice,Harvest,Urea,,
8.38,135,42,64,31.85,45.63,564.98,Tomato,Flowering,Zinc Sulphate,,
6.23,113,24,62,28.43,56.37,2229.2,Maize,Vegetative,DAP,,
8.38,88,44,30,21,63.28,1195.96,Cotton,Harvest,MOP,,
5.06,50,19,103,22.68,71.44,2749.23,Wheat,Flowering,Urea,,
6.85,114,89,41,29.41,71.51,320.08,Wheat,Sowing,NPK,,
5.3,129,29,108,15.19,37,2824.51,Cotton,Sowing,DAP,,
7.66,55,17,23,34.83,66.71,446.34,Potato,Vegetative,Urea,,
7.63,60,17,48,38.16,40.07,301.22,Rice,Vegetative,DAP,,
4.95,84,22,51,12.94,72.68,1829.03,Tomato,Vegetative,DAP,,
8.15,95,85,34,10.67,88.59,1909.56,Sugarcane,Harvest,MOP,,
5.28,143,68,38,14.28,76.25,753.42,Maize,Sowing,MOP,,
6.95,41,56,113,32.8,71.68,2652.77,Sugarcane,Flowering,Urea,,
8.44,140,69,41,13.23,34.65,2445.67,Tomato,Harvest,Zinc Sulphate,,
8.03,41,50,20,21.17,41.08,991.22,Maize,Sowing,Urea,,
8.33,145,61,37,11.89,51.31,1440.61,Maize,Sowing,MOP,,
5.87,88,85,78,22.98,86.01,2393.28,Wheat,Vegetative,NPK,,
4.92,29,63,108,28.12,49.85,2533.41,Potato,Harvest,Urea,,
5.25,30,45,34,28.86,78.83,2429.56,Maize,Flowering,Urea,,
6.5,24,86,61,25.57,36.23,950.18,Tomato,Vegetative,Urea,,
7.67,31,78,50,38.14,69.72,2342.89,Tomato,Sowing,Urea,,
5.1,63,22,60,25.93,76.75,1971.29,Cotton,Sowing,DAP,,
7.14,128,81,16,35.78,62.58,1673.46,Potato,Harvest,MOP,,
5.79,112,20,42,39.79,76.01,2898.03,Maize,Flowering,DAP,,
5.86,109,17,51,16.89,73.42,1874.49,Cotton,Harvest,DAP,,
7.15,48,40,100,17.97,58.62,2632.47,Cotton,Flowering,Urea,,
6.37,55,71,117,25.66,81.93,2306.55,Sugarcane,Flowering,Urea,,
7.75,54,21,94,15.47,50.5,326.24,Tomato,Sowing,Urea,,
5.12,132,20,66,26.92,55.52,947.41,Potato,Sowing,DAP,,
7.66,27,26,100,30.53,62.39,1905.65,Wheat,Vegetative,Urea,,
4.76,35,36,98,11.81,37.84,1427.23,Rice,Flowering,Urea,,
5.28,62,86,95,30.44,60.92,2875.38,Rice,Harvest,Compost,,
7.12,88,22,20,14.78,49.45,1834.13,Rice,Sowing,DAP,,
7.92,75,53,79,18.98,45.4,2801.44,Potato,Harvest,Zinc Sulphate,,
5.51,60,67,76,32.16,64.61,776.49,Cotton,Flowering,SSP,,
5.81,96,39,39,14.91,49.78,2713.73,Maize,Harvest,DAP,,
6.65,27,22,101,25.95,81.33,1704,Tomato,Harvest,Urea,,
5.35,73,17,114,27.68,54.6,799.41,Sugarcane,Flowering,DAP,,
7.74,109,78,90,14.93,54.78,1292.64,Cotton,Vegetative,NPK,,
7.59,139,73,32,18.24,88.92,2912.72,Cotton,Harvest,MOP,,
5.08,152,61,60,28.19,50.49,2886.54,Rice,Vegetative,Compost,,
6.36,28,15,107,23.84,37.89,261.54,Cotton,Flowering,Urea,,
7.6,90,80,94,29.8,82.59,1060.75,Potato,Harvest,Urea,,
5.85,49,63,14,35.64,85.02,2718.14,Rice,Vegetative,Urea,,
7.03,100,31,59,14.05,43.59,291.05,Rice,Sowing,DAP,,
4.7,127,72,53,12.12,82.92,2879.42,Potato,Flowering,Compost,,
6.93,114,88,24,30,59.67,1286.35,Tomato,Sowing,MOP,,
5.11,84,46,119,33.12,32.61,521.47,Tomato,Sowing,Compost,,
7.82,49,65,11,23.48,62.93,1043.2,Tomato,Sowing,Urea,,
5.92,66,50,33,21.82,80.93,2462.86,Rice,Sowing,MOP,,
5.63,114,69,63,27.9,53.8,2995.63,Potato,Vegetative,NPK,,
7.86,107,29,19,26.54,63.06,574.67,Cotton,Flowering,DAP,,
4.7,94,78,93,24.71,38.44,1985.18,Sugarcane,Flowering,Compost,,
6.09,125,54,44,34.56,80.53,2790.87,Wheat,Flowering,DAP,,
5.98,99,67,50,15.21,36.41,2719.19,Potato,Vegetative,NPK,,
5.64,156,85,56,30.44,35.67,1273.4,Maize,Vegetative,NPK,,
8.15,80,46,94,32.24,86.01,2624.17,Tomato,Sowing,Zinc Sulphate,,
7.5,116,48,39,37.04,82.41,736.45,Potato,Sowing,MOP,,
4.76,25,12,102,38.35,64.49,1969.94,Rice,Harvest,Urea,,
7.36,64,86,108,25.24,36.37,1874.4,Cotton,Flowering,Urea,,
6.61,84,84,47,23.01,62.76,2392.08,Wheat,Harvest,Compost,,
8.1,56,83,35,25.12,85.23,841.19,Cotton,Vegetative,Urea,,
5.75,109,82,29,31.98,66.74,1960.78,Potato,Harvest,MOP,,
6.8,121,47,45,10.52,41.89,1909.19,Tomato,Sowing,MOP,,
6.5,129,55,73,15.22,84.35,435.83,Cotton,Vegetative,NPK,,
6.46,69,58,52,37.23,81.93,1125.66,Maize,Vegetative,NPK,,
6.32,142,43,49,15.86,62.8,780.83,Rice,Sowing,Compost,,
5.32,90,35,27,16.85,81.13,2998.86,Cotton,Sowing,DAP,,
7.52,130,11,31,38.18,33.38,2973.68,Maize,Flowering,DAP,,
6.31,50,65,86,18.83,57.67,906.81,Cotton,Sowing,Urea,,
8.33,134,16,88,18.71,40.69,2463.86,Wheat,Harvest,DAP,,
5.54,67,45,25,37.71,80.25,2486.1,Sugarcane,Harvest,MOP,,
7.23,76,49,98,21.25,88.27,2820.53,Sugarcane,Flowering,SSP,,
8.26,34,87,12,24.82,85.84,561.68,Rice,Sowing,Urea,,
7.15,73,35,78,26.81,60.2,2069.27,Sugarcane,Harvest,DAP,,
7.99,55,84,36,36.05,60.66,776.48,Maize,Harvest,Urea,,
7.81,72,78,112,12.33,84.49,2041.45,Maize,Sowing,Zinc Sulphate,,
5.94,93,25,106,17.83,73.3,2642.1,Sugarcane,Flowering,DAP,,
6.9,63,84,49,27.61,34.48,427.48,Tomato,Sowing,Zinc Sulphate,,
5.13,52,18,111,23.04,37.7,1983.58,Maize,Sowing,Urea,,
6.64,74,31,13,18.35,87.1,1705.3,Cotton,Harvest,DAP,,
5.42,63,14,52,22.29,51.95,691.67,Cotton,Harvest,DAP,,
7.47,70,52,111,38.99,41.24,865.16,Maize,Harvest,Urea,,
6.61,118,39,61,10.63,74.13,1657.4,Potato,Flowering,DAP,,
6.14,105,83,61,14.41,82.78,2609.38,Wheat,Harvest,NPK,,
5.58,70,41,75,10.56,42.39,2090.51,Rice,Sowing,NPK,,
8.49,154,26,71,27.8,45.09,276.86,Maize,Flowering,DAP,,
4.79,148,76,92,10.39,84,553.35,Rice,Sowing,Compost,,
4.67,67,35,72,23.62,30.79,2671.45,Sugarcane,Harvest,DAP,,
5.37,146,21,60,35.78,84.48,2027.37,Wheat,Flowering,DAP,,
8.38,133,46,73,12.92,32.36,250.58,Cotton,Flowering,Zinc Sulphate,,
8.42,103,51,91,20.96,35.72,1869.21,Tomato,Vegetative,Zinc Sulphate,,
7.12,66,66,65,21.34,81.74,672.01,Maize,Harvest,DAP,,
8.02,29,21,20,20.87,44.91,2775.8,Potato,Flowering,Urea,,
5.36,45,55,44,31.82,43.48,542.78,Wheat,Vegetative,Urea,,
8.39,69,36,20,10.13,80.65,415.53,Rice,Vegetative,DAP,,
5.07,148,87,42,33.4,62.53,2005.46,Maize,Sowing,Compost,,
4.9,128,16,75,35.17,51.04,2419.69,Cotton,Vegetative,DAP,,
4.95,82,47,10,22.94,72.85,966.67,Cotton,Flowering,MOP,,
6.79,62,57,42,36.61,78.58,1043.75,Tomato,Flowering,SSP,,
7.62,60,51,86,21.43,81.77,1199.01,Maize,Sowing,NPK,,
5.97,34,36,36,30.84,37.16,2344.26,Maize,Sowing,Urea,,
8.41,148,19,74,21.66,64.95,933.57,Wheat,Vegetative,DAP,,
6.24,77,51,115,11.14,70.69,446.82,Cotton,Flowering,NPK,,
5.1,73,67,102,12.5,36.99,1065.68,Tomato,Sowing,Compost,,
6.36,152,50,54,23.26,66.61,2904.89,Rice,Harvest,Compost,,
7.22,81,18,113,39.7,31.92,1416.7,Cotton,Vegetative,DAP,,
7.83,146,55,95,15.33,50.49,1767.94,Maize,Sowing,Zinc Sulphate,,
6.34,90,63,112,36.87,40.32,2334.45,Tomato,Vegetative,NPK,,
6.87,65,68,93,37.58,63.67,1763.88,Rice,Sowing,Zinc Sulphate,,
5.57,109,22,53,22.29,41.47,2039.17,Maize,Sowing,DAP,,
7.08,141,25,49,23.85,77.35,2664.98,Cotton,Flowering,DAP,,
8.44,103,54,54,25.08,37.27,1244.29,Wheat,Harvest,Zinc Sulphate,,
4.7,101,41,11,33.11,75.47,512.14,Rice,Sowing,MOP,,
8.05,52,49,50,13.71,35.93,464.49,Wheat,Vegetative,Urea,,
6.75,108,53,61,19.86,56.54,2391.41,Tomato,Sowing,Urea,,
5.51,133,56,26,15.12,71.91,2033.78,Tomato,Vegetative,MOP,,
8.32,69,79,59,36.35,39.69,1786.13,Potato,Flowering,Zinc Sulphate,,
6.43,38,69,50,12.12,75.14,2803.99,Tomato,Sowing,Urea,,
5.83,22,44,14,32.43,87.2,1955.16,Sugarcane,Harvest,Urea,,
5.23,135,84,61,23.19,52.4,333.51,Potato,Sowing,Compost,,
5.48,110,69,57,31.44,30.01,1512.23,Potato,Sowing,Compost,,
7.83,62,46,99,36.7,58.61,801.69,Rice,Vegetative,Zinc Sulphate,,
6.96,127,31,22,20.19,84.15,1939.64,Cotton,Vegetative,DAP,,
8.15,63,22,64,16.81,69.9,725.54,Potato,Vegetative,DAP,,
5.43,71,25,43,29.51,72.2,2005.96,Wheat,Flowering,DAP,,
4.98,116,69,64,39.93,77.55,2673.32,Potato,Harvest,Compost,,
4.52,47,51,103,31.89,84.49,416.07,Tomato,Flowering,Urea,,
6.53,128,22,53,33.87,37.49,925.13,Tomato,Harvest,DAP,,
8.49,73,72,50,28.9,65.41,2085.78,Wheat,Harvest,Zinc Sulphate,,
7.28,21,41,11,21.05,83.38,2191.4,Cotton,Flowering,Urea,,
5.73,133,32,85,29.64,76.55,1843.03,Maize,Flowering,DAP,,
8.01,36,52,65,13.86,44.94,589.47,Sugarcane,Sowing,Urea,,
7.63,47,41,95,24.66,82.48,879.38,Cotton,Sowing,Urea,,
4.56,47,37,111,27.19,47.65,2740.58,Wheat,Vegetative,Urea,,
7.77,35,42,22,37.2,54.65,2493.85,Rice,Vegetative,Urea,,
5.7,104,35,57,37.59,41.14,2860.06,Potato,Flowering,DAP,,
5.1,24,51,98,11.8,83.11,1345.41,Sugarcane,Flowering,Urea,,
5.41,64,38,49,28.96,35.58,1430.77,Cotton,Harvest,DAP,,
6.37,71,11,112,33.89,89.65,924.82,Wheat,Harvest,DAP,,
6.2,81,43,69,26.09,49.72,1668.69,Sugarcane,Harvest,DAP,,
5.66,24,47,46,12.87,72.65,2523.58,Maize,Flowering,Urea,,
5.19,126,21,30,16.98,37.72,893.51,Potato,Sowing,DAP,,
7.55,30,61,27,19.41,59.27,593.78,Potato,Flowering,Urea,,
8.46,105,30,92,29.88,32.41,2301.49,Potato,Harvest,DAP,,
7.61,150,49,86,11.97,82.7,2141.52,Tomato,Vegetative,NPK,,
5.68,79,76,64,26.49,56.79,2521.82,Sugarcane,Flowering,Zinc Sulphate,,
5.48,85,58,98,13.27,74.57,2304.31,Potato,Flowering,Compost,,
5.37,36,35,89,21.85,83.67,1374.03,Cotton,Vegetative,Urea,,
5.05,150,61,118,22.77,34.12,639.03,Rice,Flowering,Compost,,
6.71,150,71,72,23.56,60.69,2200.66,Wheat,Flowering,Urea,,
6.92,59,78,102,31.33,41.37,2659.53,Cotton,Vegetative,Urea,,
7.32,99,70,69,12.44,34.14,627.86,Rice,Vegetative,NPK,,
7.22,95,55,55,18.05,67.32,1652.26,Wheat,Flowering,NPK,,
5.67,82,81,25,29.23,36.85,1120.8,Tomato,Vegetative,MOP,,
5.82,70,38,95,38.31,59.52,1654.49,Cotton,Sowing,DAP,,
7.23,148,59,53,28.62,41.82,287.72,Maize,Vegetative,NPK,,
5.9,70,11,21,36.5,41.86,1189.87,Rice,Harvest,DAP,,
5.35,23,73,116,39.05,61.38,1555.84,Rice,Flowering,Urea,,
6,151,75,73,36.52,63.32,622.44,Sugarcane,Vegetative,NPK,,
5.59,103,52,99,39.17,30.21,1340.97,Maize,Sowing,Urea,,
4.85,68,19,37,33.31,60.05,692.87,Tomato,Vegetative,DAP,,
7.82,58,62,64,36.61,70.19,803.84,Wheat,Harvest,Urea,,
7.91,124,37,37,24.74,70.71,2937.46,Tomato,Harvest,DAP,,
5.38,35,11,96,20.36,80.99,1885.07,Sugarcane,Flowering,Urea,,
4.76,153,38,112,39.99,83.72,1290.37,Maize,Sowing,DAP,,
7.46,111,61,103,12.93,67.37,1659.57,Potato,Sowing,Zinc Sulphate,,
5.35,44,23,109,38.75,58.91,1272.58,Cotton,Sowing,Urea,,
6.07,58,37,47,22.93,42.25,1885.14,Potato,Flowering,Urea,,
4.76,65,10,64,10.67,37.61,201.34,Rice,Vegetative,DAP,,
5.41,135,68,23,34.09,66.55,861.14,Sugarcane,Sowing,MOP,,
7.67,72,53,40,23.33,86.79,2968.97,Tomato,Vegetative,NPK,,
7.72,133,89,72,33.96,46.69,514.56,Rice,Vegetative,NPK,,
5.33,70,87,55,11.34,35.97,421,Maize,Harvest,Compost,,
5.84,39,52,85,39.22,55.43,1580.86,Rice,Vegetative,Urea,,
5.04,106,26,84,30.13,30.03,1014.33,Sugarcane,Flowering,DAP,,
4.8,152,63,13,11.44,63.21,1694.61,Cotton,Flowering,MOP,,
8.47,81,24,98,10.14,32.97,2890.03,Sugarcane,Flowering,DAP,,
7.12,122,57,116,27.82,85.86,553.27,Wheat,Harvest,Urea,,
6.67,31,55,98,39.29,82.2,1431.93,Rice,Vegetative,Urea,,
7.56,100,58,117,25.72,36.89,2324.67,Sugarcane,Harvest,DAP,,
7.86,21,45,29,20.62,38.81,650.07,Sugarcane,Harvest,Urea,,
7.73,144,23,81,38.17,87.21,2193.89,Cotton,Vegetative,DAP,,
4.57,136,12,33,39.52,78.81,1320.56,Rice,Flowering,DAP,,
5.25,150,15,91,33.53,86.52,1938.26,Rice,Flowering,DAP,,
7.12,27,31,47,31.54,50.07,1671.72,Tomato,Harvest,Urea,,
6,56,31,82,10.06,36.66,1461.56,Wheat,Flowering,Urea,,
8.43,74,45,33,19.41,66.92,1541.3,Maize,Vegetative,MOP,,
7.16,68,80,78,37.76,88,612.29,Maize,Sowing,Urea,,
8.33,78,59,57,21.04,37.8,1415.71,Rice,Vegetative,Zinc Sulphate,,
5.31,79,85,54,20.04,79.13,2308.6,Tomato,Flowering,Compost,,
7.96,108,89,86,26.12,51.58,2710.62,Sugarcane,Sowing,Zinc Sulphate,,
5.79,97,78,30,23.43,36.93,1954.72,Tomato,Vegetative,MOP,,
8.46,138,44,82,35.76,57.54,2516.46,Maize,Harvest,Zinc Sulphate,,
5.13,119,18,75,12.45,59.32,1621.17,Maize,Vegetative,DAP,,
6.57,82,38,62,29.76,30.55,805.26,Sugarcane,Harvest,DAP,,
7.67,146,36,74,30.92,58.47,2227.06,Wheat,Flowering,DAP,,
6.23,85,66,17,36.4,68.85,2165.18,Potato,Sowing,MOP,,
6.37,104,83,97,22.47,75.88,220.36,Wheat,Vegetative,NPK,,
8.45,23,68,43,18.85,35.91,1542.58,Potato,Vegetative,Urea,,
6.2,112,51,19,28.8,82.59,2822.88,Rice,Sowing,MOP,,
6.92,42,62,118,31.75,40.06,2956.2,Maize,Vegetative,Urea,,
4.72,150,47,10,15.13,69.5,1479.38,Sugarcane,Flowering,MOP,,
7.87,73,13,44,14.74,63.16,2221.01,Wheat,Harvest,DAP,,
7.09,99,61,114,17.91,82.8,249.4,Sugarcane,Flowering,Urea,,
6.12,63,53,64,17.44,32.32,950.64,Rice,Harvest,NPK,,
4.56,31,32,35,32.52,41.49,2220.94,Rice,Sowing,Urea,,
6.87,152,83,77,25.92,37.32,2028.39,Wheat,Vegetative,NPK,,
4.55,99,79,104,26.43,49.65,2049.59,Maize,Sowing,Compost,,
4.5,145,86,14,10.44,50.33,2150.19,Tomato,Flowering,MOP,,
6.96,111,78,96,39.83,35.32,1402.16,Tomato,Vegetative,NPK,,
5.26,91,69,107,34.89,60.86,2826.1,Sugarcane,Sowing,Compost,,
5.27,65,13,88,23.31,36.97,1225.21,Maize,Sowing,DAP,,
7.11,91,12,76,12.01,34.46,2725.84,Tomato,Harvest,DAP,,
4.71,112,32,28,30.83,31.99,368.83,Wheat,Flowering,DAP,,
5.75,140,46,52,26.05,85.75,2577.73,Rice,Sowing,DAP,,
5.1,37,27,48,30.33,53.8,1049.2,Rice,Flowering,Urea,,
6.82,63,14,112,30.33,47.02,2047.33,Potato,Vegetative,DAP,,
7.15,62,50,36,14.64,58.94,353.94,Tomato,Harvest,MOP,,
7.38,98,47,31,19.86,39.46,424.13,Wheat,Flowering,MOP,,
5.52,96,56,58,10.53,54.37,359.57,Potato,Vegetative,NPK,,
4.86,79,81,67,39.47,41.43,1557.72,Rice,Flowering,Compost,,
4.81,82,21,68,34.19,48.26,1365.34,Cotton,Vegetative,DAP,,
6.2,43,39,88,37.86,85.45,1093.63,Rice,Vegetative,Urea,,
8.28,48,15,49,11.32,38.92,1448.68,Cotton,Sowing,Urea,,
5.37,148,70,115,25.01,58.43,1078.02,Tomato,Vegetative,Compost,,
5.53,143,81,24,32.42,69.65,2640.16,Cotton,Flowering,MOP,,
4.9,20,73,41,13.11,85.08,1775.85,Cotton,Harvest,Urea,,
6.92,92,78,67,33.31,85.38,1068.62,Potato,Harvest,NPK,,
7.22,40,20,104,29.43,44.84,1473.12,Tomato,Flowering,Urea,,
7.07,116,71,65,39.55,86.59,2628.03,Maize,Sowing,Urea,,
7.94,71,26,112,14.23,49.88,1345.54,Wheat,Sowing,DAP,,
6.45,85,86,90,28.88,83.7,1396.08,Wheat,Sowing,MOP,,
5.04,134,29,61,38.41,35.59,1145.55,Wheat,Sowing,DAP,,
5.66,107,35,86,32.31,41.9,929.3,Potato,Vegetative,DAP,,
7.15,81,68,111,20.08,34.74,1520.91,Potato,Sowing,MOP,,
6.95,38,34,110,13.58,47.94,2262.45,Tomato,Sowing,Urea,,
6.62,21,27,89,38.91,82.43,1230.33,Cotton,Harvest,Urea,,
7.23,74,38,37,12.16,39.56,835,Cotton,Vegetative,DAP,,
7.05,98,76,107,39.26,43.49,2048,Cotton,Flowering,SSP,,
8.03,30,44,105,19.11,42.97,2463.97,Rice,Harvest,Urea,,
6.84,104,24,33,35.81,46.48,261.06,Tomato,Flowering,DAP,,
7.61,46,60,46,26.63,31.12,1970.77,Potato,Harvest,Urea,,
5.49,41,12,71,37.38,55.43,2722.59,Sugarcane,Flowering,Urea,,
7.21,22,30,14,22.8,88.58,447.54,Sugarcane,Sowing,Urea,,
8.11,22,70,53,35.49,56.89,2717.92,Rice,Harvest,Urea,,
6.04,62,12,96,17.15,78.8,529.72,Tomato,Vegetative,DAP,,
7.62,108,62,59,24,64.29,2991.13,Sugarcane,Harvest,NPK,,
7.4,56,44,94,35.39,30.89,1632.91,Sugarcane,Harvest,Urea,,
4.74,113,59,10,13.55,65.13,2243.94,Potato,Flowering,MOP,,
6.83,58,17,73,31.86,86.79,375.78,Tomato,Vegetative,Urea,,
5.02,84,57,86,23.11,63.21,486.93,Maize,Sowing,Compost,,
8.37,62,12,117,25.4,61.68,2897.24,Sugarcane,Harvest,DAP,,
7.75,40,63,81,27.37,70.21,2967.9,Rice,Flowering,Urea,,
4.94,29,84,10,18.27,82.25,975.98,Cotton,Sowing,Urea,,
4.99,64,11,24,12.89,63.89,1157.38,Maize,Sowing,DAP,,
6.88,112,42,83,10.56,54.39,227.93,Sugarcane,Sowing,MOP,,
5.88,22,81,10,22.93,32.22,2876.84,Tomato,Sowing,Urea,,
4.64,62,21,87,18.07,36.66,2769.41,Tomato,Harvest,DAP,,
6.67,60,28,118,28.99,68.92,524.67,Rice,Flowering,DAP,,
6.05,140,27,61,31.48,67.14,1222.17,Wheat,Vegetative,DAP,,
4.9,126,59,115,25.11,44.34,2906.63,Wheat,Flowering,Compost,,
7.71,28,31,110,28.57,73.14,552.21,Potato,Flowering,Urea,,
8.16,143,39,50,26.82,46.78,2646.45,Potato,Flowering,DAP,,
7.53,132,15,72,10.14,48.3,764.75,Maize,Vegetative,DAP,,
7.79,140,10,55,35.25,33.68,391.32,Potato,Sowing,DAP,,
5.37,66,18,30,11.79,63.02,598.1,Potato,Harvest,DAP,,
5.55,47,61,74,22.31,47.26,2187.63,Tomato,Sowing,Urea,,
5.33,94,89,100,13.33,79.14,584.45,Wheat,Sowing,Compost,,
7.56,113,38,61,29.87,78.09,210.47,Rice,Flowering,DAP,,
8.29,158,71,40,19.77,37.71,2371.94,Potato,Flowering,Zinc Sulphate,,
7.37,48,38,80,12.13,39.6,2035.4,Wheat,Flowering,Urea,,
8.03,76,14,91,11.36,49.26,2658.83,Wheat,Vegetative,DAP,,
7.05,93,31,45,17.11,64.85,1817.51,Sugarcane,Harvest,DAP,,
6.05,138,58,33,30.02,50.55,327.6,Rice,Flowering,MOP,,
6.2,78,17,47,31.55,51.02,260.44,Rice,Flowering,DAP,,
4.8,54,87,108,13.85,38.4,2398.86,Rice,Vegetative,Urea,,
4.63,55,77,77,14.17,50.14,2691.79,Tomato,Flowering,Urea,,
7.28,96,49,11,27.8,58.22,2440.81,Potato,Flowering,MOP,,
6.25,77,33,108,38.72,89.08,1247.3,Potato,Sowing,DAP,,
6.71,21,85,91,26.59,80.28,2053.8,Cotton,Sowing,Urea,,
6.73,47,22,75,31.35,77.58,417.83,Rice,Vegetative,Urea,,
5.61,89,59,100,27.26,63.59,2211.06,Sugarcane,Harvest,Compost,,
6.4,82,54,66,13.15,51.61,898.85,Wheat,Vegetative,NPK,,
6.38,79,13,72,38.39,81.42,2816.06,Wheat,Harvest,DAP,,
6.05,109,72,113,12.16,50.85,1145.58,Wheat,Sowing,Urea,,
7.78,123,74,80,32.8,65.57,1150.01,Rice,Vegetative,NPK,,
6.3,135,36,50,39.38,45.43,1001.71,Rice,Sowing,DAP,,
6.91,62,72,104,19.57,76.58,1973.83,Tomato,Vegetative,NPK,,
8.08,152,20,114,15.15,60.87,471.25,Tomato,Sowing,DAP,,
7.96,35,51,107,26.99,83.71,349.8,Maize,Flowering,Urea,,
8.06,71,47,16,33.85,64.13,2149.15,Tomato,Vegetative,MOP,,
5.58,90,79,66,38.48,39.86,2847.71,Potato,Flowering,DAP,,
4.64,22,71,54,30.81,89.58,2282.43,Maize,Flowering,Urea,,
5.54,108,13,102,20.08,60.12,899.61,Maize,Sowing,DAP,,
5.61,157,43,17,24.83,45.04,1214.04,Cotton,Harvest,MOP,,
8.14,70,35,106,32.84,49.76,769.46,Maize,Vegetative,DAP,,
7.1,152,63,12,33.64,37.27,2115.46,Tomato,Vegetative,MOP,,
4.83,137,36,113,12.23,34.44,864.57,Sugarcane,Flowering,DAP,,
5.04,159,48,41,28.41,57.03,1799.64,Rice,Vegetative,Compost,,
5.12,78,30,92,39.02,87.11,2550.51,Potato,Harvest,DAP,,
7.02,71,63,77,33.56,37.38,1645.95,Cotton,Harvest,Compost,,
7.44,66,65,19,10.22,84.16,1861.76,Sugarcane,Flowering,MOP,,
7.94,124,72,27,16.75,77.8,2910.77,Wheat,Sowing,MOP,,
8.26,68,51,92,23.35,78.39,1093.77,Tomato,Harvest,Zinc Sulphate,,
5.31,75,35,62,31.19,72.6,2432.78,Maize,Flowering,DAP,,
5.74,50,78,85,26.66,65.51,2123.07,Maize,Sowing,Urea,,
5.46,89,29,20,12.32,37.28,516.86,Tomato,Flowering,DAP,,
5.94,95,81,41,32.15,64.54,2971.31,Rice,Sowing,DAP,,
8.16,100,62,15,35.16,51.12,2130.82,Sugarcane,Flowering,MOP,,
6.8,93,78,47,16.17,36.32,239.03,Sugarcane,Vegetative,NPK,,
7.45,128,77,64,12.02,78.23,2222.58,Potato,Vegetative,NPK,,
6.46,24,14,37,33.73,62.79,574.9,Potato,Flowering,Urea,,
4.62,23,25,35,29.21,74.7,1021.27,Potato,Harvest,Urea,,
4.76,149,18,81,34.11,58.77,1175.45,Potato,Sowing,DAP,,
6.65,75,34,83,27,63.1,1067.35,Maize,Vegetative,DAP,,
7.38,155,66,95,22.86,72.74,2284.46,Maize,Harvest,Urea,,
5.36,35,47,107,38.89,44.82,2309.14,Sugarcane,Sowing,Urea,,
7.39,43,17,118,33.4,80.82,1679.71,Tomato,Flowering,Urea,,
7.74,74,74,95,22.36,55.26,1787.65,Sugarcane,Harvest,SSP,,
6.15,88,40,31,37.23,72.51,1078.1,Wheat,Sowing,MOP,,
7.49,79,42,15,39.8,49.56,264.97,Maize,Vegetative,MOP,,
6.12,39,64,104,19.25,72.15,1184.81,Maize,Sowing,Urea,,
7.21,73,78,45,36.77,32.61,226.38,Tomato,Flowering,MOP,,
7.56,156,45,20,11.36,85.76,2621.41,Tomato,Sowing,MOP,,
8.47,99,33,91,16.43,77.21,1994.17,Sugarcane,Vegetative,DAP,,
5.88,89,70,43,14.83,69.89,2941.96,Potato,Sowing,Compost,,
6.14,153,37,12,20.7,49.43,712.17,Potato,Sowing,DAP,,
5.16,54,69,114,26.88,80.56,2041.91,Rice,Sowing,Urea,,
5.32,124,88,59,31.6,76.06,726.19,Sugarcane,Harvest,Compost,,
7.27,150,82,111,37.08,57.19,1989.14,Maize,Sowing,Compost,,
8.17,40,48,45,14.76,41.85,1576.99,Wheat,Flowering,Urea,,
6.08,154,40,90,27.35,40.53,2061.11,Maize,Vegetative,NPK,,
5.22,97,10,103,26.64,59.29,2230.9,Cotton,Sowing,DAP,,
5.64,41,22,64,23.75,77,1663.93,Tomato,Sowing,Urea,,
6.32,108,75,39,30.84,72.87,1582.51,Tomato,Harvest,MOP,,
5.66,86,51,71,25.4,59.61,395.18,Potato,Vegetative,NPK,,
5.43,152,46,62,26.51,42.27,1218.48,Maize,Flowering,Compost,,
7.44,134,66,116,37.1,44.35,1045.48,Maize,Vegetative,NPK,,
4.53,78,44,59,35.81,33.46,1951.62,Maize,Harvest,Compost,,
6.66,156,46,104,27.32,40.61,972.72,Tomato,Sowing,SSP,,
7.68,121,84,41,14.69,30.77,850.62,Sugarcane,Flowering,Urea,,
5.56,56,29,92,38.76,70.47,2576.31,Rice,Harvest,Urea,,
6.91,87,75,18,28.68,65.29,2519.66,Tomato,Flowering,MOP,,
7.18,104,89,25,34.22,89.28,1119.93,Maize,Vegetative,MOP,,
7.12,43,32,47,11.65,75.77,440.01,Maize,Vegetative,Urea,,
6.28,143,64,28,36.9,44.77,1593.25,Maize,Sowing,MOP,,
5.89,145,66,103,30.8,72.47,1463.51,Maize,Harvest,Urea,,
7.84,68,59,45,30.56,30.73,2635.56,Tomato,Sowing,Zinc Sulphate,,
7.53,155,47,20,13.3,89.17,1731.42,Maize,Flowering,MOP,,
5.79,94,56,88,31.39,66.87,2839.76,Wheat,Flowering,SSP,,
4.91,129,39,97,12.3,37.18,1553.37,Potato,Flowering,DAP,,
4.79,25,77,114,11.67,59.91,2068.42,Sugarcane,Vegetative,Urea,,
4.88,59,52,72,19.76,86.44,1543.18,Sugarcane,Harvest,Urea,,
6.83,100,36,94,10.7,80.98,1099.12,Maize,Vegetative,DAP,,
4.71,128,73,52,14.79,47.94,276.88,Potato,Sowing,Compost,,
5.85,70,15,83,31.78,53.77,2421.32,Tomato,Flowering,DAP,,
7.51,21,40,115,35.05,81.21,2728.79,Wheat,Harvest,Urea,,
5.68,69,85,98,15.39,84,2254.06,Cotton,Flowering,Compost,,
7.55,102,38,105,34.7,84.88,962.61,Cotton,Sowing,DAP,,
7.48,64,12,42,24.42,86.87,2487.47,Wheat,Flowering,DAP,,
5.48,52,29,58,38.74,60.03,1916.01,Tomato,Vegetative,Urea,,
7.42,147,89,60,14.18,81.69,2112.23,Potato,Flowering,Zinc Sulphate,,
7.49,117,67,59,11.61,50.82,385.55,Cotton,Vegetative,NPK,,
6.09,54,66,33,35.35,80.29,1829.14,Sugarcane,Vegetative,Urea,,
5.34,104,80,30,20.86,50.85,1771.21,Tomato,Sowing,MOP,,
6.59,107,13,35,23.72,66.5,2052.67,Cotton,Vegetative,DAP,,
8.19,120,51,90,25.35,58.11,2360.57,Potato,Harvest,Zinc Sulphate,,
7.06,79,43,28,34.76,83.58,1332.98,Maize,Vegetative,MOP,,
5.19,48,27,76,12.28,33.99,633.93,Potato,Flowering,Urea,,
7.23,37,74,86,26.53,86.93,2786.83,Tomato,Vegetative,Urea,,
6.21,67,34,75,22.92,57.73,2374.4,Rice,Harvest,DAP,,
6.87,30,54,50,20.21,58.88,1713.03,Wheat,Vegetative,Urea,,
7.44,150,23,73,20.44,79.67,1192.68,Rice,Sowing,DAP,,
6.56,35,20,118,37.91,69.97,2955.12,Potato,Sowing,Urea,,
7.76,60,61,105,18.04,87.22,461.68,Tomato,Harvest,MOP,,
7.39,62,17,42,23.64,62.8,2816.92,Wheat,Flowering,DAP,,
6.96,110,69,41,24.78,63.52,1331.61,Wheat,Flowering,Urea,,
5.1,50,51,115,31.6,88.3,471.11,Wheat,Sowing,Urea,,
7.84,47,25,34,25.57,85.59,1261.69,Tomato,Harvest,Urea,,
8.24,70,48,69,28.64,42.52,2299.03,Potato,Flowering,Zinc Sulphate,,
5.05,46,51,12,21.96,48.42,1389.36,Sugarcane,Flowering,Urea,,
6.45,28,27,115,31.56,67.52,1580.5,Sugarcane,Vegetative,Urea,,
5.54,140,16,60,23.98,86.36,2505.69,Wheat,Flowering,DAP,,
7.52,143,13,16,16.68,63.8,1923.46,Maize,Flowering,DAP,,
7.39,79,83,70,34.51,73.97,2070.63,Cotton,Sowing,Compost,,
5.06,76,39,34,32.96,35.64,631.25,Potato,Vegetative,DAP,,
8.01,133,59,96,28.82,61.36,906.87,Maize,Flowering,Zinc Sulphate,,
5.22,87,54,101,25.66,38.86,1351.52,Sugarcane,Sowing,Compost,,
7.69,70,40,85,16.25,45.64,507.52,Potato,Flowering,DAP,,
6.33,77,55,17,36.05,39.98,981.51,Potato,Sowing,MOP,,
5.81,67,63,108,12.92,39.95,2533.77,Wheat,Vegetative,NPK,,
5.13,78,55,34,21.5,89.5,261.98,Sugarcane,Flowering,MOP,,
5.17,95,14,103,35.58,47.89,342.61,Cotton,Harvest,DAP,,
7.15,66,19,72,27.87,63.93,2123.73,Rice,Sowing,DAP,,
6.7,130,32,41,23.16,31.21,1281.19,Rice,Vegetative,DAP,,
4.99,131,16,109,33.74,78.38,2364.48,Maize,Flowering,DAP,,
4.95,91,67,41,39.69,70.81,2809.16,Potato,Harvest,Compost,,
4.79,140,56,62,15.66,43.73,946.84,Tomato,Sowing,Compost,,
7.48,114,30,34,11.52,32.16,303.56,Wheat,Flowering,DAP,,
7.35,21,40,35,23.89,46.47,1476.59,Tomato,Vegetative,Urea,,
4.73,98,36,17,18.62,67.71,2899.82,Tomato,Vegetative,DAP,,
6.74,59,38,78,30,30.91,1727.2,Sugarcane,Flowering,Urea,,
4.84,67,19,116,24.83,34.52,1256.85,Maize,Sowing,DAP,,
8.11,76,81,11,24.97,54.56,1745.61,Maize,Vegetative,MOP,,
8.13,31,18,28,20.65,40.56,663.02,Maize,Vegetative,Urea,,
7.29,87,20,76,16.32,67.91,2303.76,Cotton,Harvest,DAP,,
8.2,93,31,85,16.4,40.48,2105.27,Tomato,Sowing,DAP,,
7.75,48,59,112,21.61,89.62,2227.54,Tomato,Sowing,Urea,,
7.81,111,49,105,30.46,56.15,1046.43,Potato,Harvest,Zinc Sulphate,,
6.78,48,75,79,20.11,38.9,2477.85,Tomato,Flowering,Urea,,
5.72,102,72,17,19.78,34.43,2700.37,Maize,Vegetative,MOP,,
5.37,134,28,68,22.75,55.23,2875.49,Wheat,Sowing,DAP,,
5.81,126,25,14,39.73,78.55,1987.93,Cotton,Vegetative,DAP,,
7.01,117,13,86,12.74,56.33,1174.89,Rice,Harvest,DAP,,
5.19,65,58,40,18.84,38.46,1285.01,Rice,Sowing,Compost,,
5.53,39,47,22,18.76,59.32,1783.76,Rice,Harvest,Urea,,
6.37,78,16,10,39.24,50.24,1811.29,Potato,Harvest,DAP,,
5.43,139,64,55,22.22,60.11,2418.74,Tomato,Vegetative,Compost,,
6.85,55,23,13,27.01,53.47,437.8,Tomato,Flowering,Urea,,
8.19,20,85,29,15.94,68.87,1786.46,Wheat,Sowing,Urea,,
7.49,109,43,102,10.38,78.22,1175.98,Potato,Vegetative,NPK,,
7.17,150,30,41,20.18,83.19,2535.05,Wheat,Flowering,DAP,,
6.83,63,45,106,29.17,74.48,1185.79,Cotton,Flowering,Compost,,
6.45,79,72,87,30.75,51.3,1509.91,Rice,Harvest,DAP,,
5.25,150,51,92,32.62,56.91,837.43,Cotton,Vegetative,Compost,,
8.08,104,58,12,35.82,68.51,1028.05,Rice,Flowering,MOP,,
5.49,101,80,61,13.47,43.19,1755.71,Rice,Flowering,Compost,,
4.87,80,19,20,12.48,72.11,1392.54,Potato,Harvest,DAP,,
7.5,68,30,18,33.63,68.99,764.22,Rice,Vegetative,DAP,,
5.2,63,89,66,23.07,69.39,1526.85,Potato,Sowing,Compost,,
5.99,50,72,71,38.41,50,662.96,Rice,Sowing,Urea,,
4.61,91,86,65,38.3,66.09,2668.84,Tomato,Sowing,Compost,,
5.05,108,59,60,14.25,41.86,2787.76,Cotton,Flowering,Compost,,
5.19,65,36,101,30.74,41.38,834,Potato,Flowering,DAP,,
4.72,158,17,11,12.01,76.11,346.48,Tomato,Harvest,DAP,,
7.13,123,39,86,22.1,52.77,2795.69,Wheat,Harvest,DAP,,
7.85,84,80,108,35.25,62.68,1073.47,Rice,Flowering,Zinc Sulphate,,
5.99,135,39,104,23.83,47.56,726.28,Maize,Harvest,DAP,,
8,47,27,116,11.01,44.15,2774.09,Sugarcane,Vegetative,Urea,,
5.35,101,32,87,17.21,76.79,2671.36,Wheat,Sowing,DAP,,
5.8,93,47,24,12.59,77.65,348.86,Tomato,Sowing,MOP,,
5.1,28,39,78,22.25,80.18,781.42,Wheat,Harvest,Urea,,
6.98,150,39,48,30.9,81.27,2475.19,Cotton,Vegetative,DAP,,
6.18,148,81,43,29.81,54.68,948.15,Sugarcane,Harvest,MOP,,
6.95,79,85,111,31.57,78.54,2071.63,Cotton,Sowing,Compost,,
7.55,116,83,52,21.51,50.76,312.13,Wheat,Vegetative,NPK,,
6.68,69,80,75,17.96,33.15,2556.58,Rice,Vegetative,NPK,,
7.01,155,48,54,11.71,71.36,1382.23,Potato,Sowing,Urea,,
8.24,49,26,106,38.25,41.94,1516.17,Potato,Harvest,Urea,,
5.7,116,78,36,13.55,57.09,2463.14,Potato,Harvest,MOP,,
5.94,100,61,76,15.35,39.83,1471.69,Rice,Harvest,NPK,,
7.37,28,88,71,10.75,53.49,491.53,Cotton,Harvest,Urea,,
6.95,41,22,73,19.52,83.09,1612.21,Wheat,Sowing,Urea,,
5.21,157,16,11,34.57,66.79,1478.91,Wheat,Sowing,DAP,,
6,86,77,37,19.97,38.89,1460.09,Tomato,Flowering,MOP,,
6.37,28,69,103,29.98,73.53,739.7,Potato,Flowering,Urea,,
6.18,66,55,50,38.97,80.87,659.17,Tomato,Harvest,SSP,,
5.21,59,44,96,36.78,39.98,2378.04,Wheat,Harvest,Urea,,
8.2,55,38,106,15.4,74.65,1933.68,Maize,Sowing,Urea,,
7.55,117,43,61,20.78,62.95,217.79,Potato,Sowing,DAP,,
6.43,21,17,23,32.53,66.26,2538.82,Rice,Harvest,Urea,,
7.22,102,75,70,39.33,86.34,539.86,Cotton,Flowering,MOP,,
8.09,83,13,87,31.48,32.19,2265.51,Potato,Harvest,DAP,,
5.04,138,75,59,17.57,68.33,468.98,Cotton,Vegetative,Compost,,
5.5,130,66,22,13.98,34.89,2919.86,Rice,Harvest,MOP,,
6.67,111,13,77,24.85,77.38,2721.43,Cotton,Sowing,DAP,,
7.7,97,82,28,15.79,83.77,712.45,Cotton,Sowing,MOP,,
4.65,25,75,97,16.83,35.19,223.59,Cotton,Sowing,Urea,,
8.44,158,29,45,29.03,31.55,367.03,Tomato,Sowing,DAP,,
6.32,65,64,79,25.45,87.34,2464.48,Tomato,Vegetative,NPK,,
5.94,39,15,21,13.62,85.59,414.99,Cotton,Sowing,Urea,,
5.67,132,38,82,14.61,85.42,2378.81,Potato,Sowing,DAP,,
5.2,35,89,22,10.58,86.38,2495.45,Tomato,Flowering,Urea,,
7.67,67,14,33,16.59,60.01,1059.35,Cotton,Flowering,DAP,,
8.32,132,46,55,36.62,88.61,2258.34,Wheat,Vegetative,Zinc Sulphate,,
6.15,23,18,24,33.79,83.54,2496.85,Maize,Flowering,Urea,,
8.31,117,46,55,22.44,35.86,2385.75,Tomato,Sowing,Zinc Sulphate,,
7.8,128,48,103,32.26,78.76,736.38,Sugarcane,Flowering,Zinc Sulphate,,
6.42,48,72,105,22.21,72.75,1458.01,Potato,Harvest,Urea,,
7.2,61,66,105,33.76,38.05,391.08,Potato,Harvest,SSP,,
6.24,147,49,107,15.46,74.28,1670.9,Wheat,Harvest,Zinc Sulphate,,
6.73,69,73,44,14.58,59.1,1438.51,Wheat,Sowing,NPK,,
4.73,108,12,27,12.34,81.23,2727.33,Potato,Sowing,DAP,,
7.29,145,52,92,17.25,79.13,250.64,Wheat,Harvest,Urea,,
4.71,22,34,88,14.39,86.54,1684.68,Wheat,Sowing,Urea,,
7.77,42,64,31,33.96,34.52,2250.46,Cotton,Sowing,Urea,,
7.8,126,45,34,17.2,72.61,1499.07,Sugarcane,Vegetative,MOP,,
5.45,24,67,33,25.49,52.62,866.65,Sugarcane,Sowing,Urea,,
5.79,44,86,15,32.69,76.56,1907.57,Tomato,Sowing,Urea,,
6.43,54,28,45,30.31,66.15,2963.89,Cotton,Flowering,Urea,,
6.89,84,68,19,16.14,59.73,314.8,Potato,Vegetative,MOP,,
5.65,58,25,21,12.31,30.25,748.92,Cotton,Vegetative,Urea,,
6.87,142,11,78,37.35,66.43,1573.7,Sugarcane,Vegetative,DAP,,
5.69,130,74,29,28.66,55.22,1873.28,Wheat,Harvest,MOP,,
4.72,37,68,46,31.2,49.95,1947.62,Tomato,Harvest,Urea,,
4.51,44,57,27,21.58,89.33,368.59,Cotton,Vegetative,Urea,,
4.9,119,12,113,17.25,72.02,544.18,Wheat,Harvest,DAP,,
7.67,148,35,106,25.92,62.39,2845.11,Wheat,Sowing,DAP,,
8.35,156,23,50,12.34,82.12,410.97,Potato,Flowering,DAP,,
6.21,114,33,21,34,43.63,1373.51,Cotton,Sowing,DAP,,
6.55,41,44,106,29.64,67.19,1816.31,Cotton,Flowering,Urea,,
5.09,39,15,78,32.85,81.66,1079.65,Potato,Vegetative,Urea,,
6.7,140,71,82,27.08,37.42,915.9,Sugarcane,Sowing,Zinc Sulphate,,
5.08,159,45,106,27.34,44.17,1012.58,Cotton,Harvest,Compost,,
6.94,143,38,73,28.01,34.96,991.31,Rice,Harvest,DAP,,
8.23,83,22,39,33.52,89.55,1262.31,Potato,Harvest,DAP,,
5.28,81,17,119,16.76,64.85,525.02,Wheat,Flowering,DAP,,
7.56,152,24,26,30.45,59.37,2589.89,Wheat,Sowing,DAP,,
4.59,139,42,44,26.58,50.31,2326.33,Potato,Vegetative,Compost,,
6,63,25,89,24.85,56.97,295.49,Maize,Vegetative,DAP,,
4.94,52,61,49,26.23,76.55,2331.54,Wheat,Vegetative,Urea,,
5.91,106,43,28,18.17,85,2518.55,Rice,Harvest,MOP,,
5.19,119,86,69,11.11,36.3,2781.66,Wheat,Harvest,Compost,,
5.99,32,43,56,32.77,47.98,1916.25,Potato,Flowering,Urea,,
6.17,69,52,11,37.49,41.35,2587.94,Tomato,Flowering,MOP,,
5.7,149,70,79,24.42,56.13,2325.49,Wheat,Sowing,DAP,,
7.13,37,88,51,35.14,61.83,271.15,Maize,Flowering,Urea,,
8.18,85,31,118,26.66,73.28,2470.87,Wheat,Vegetative,DAP,,
6.1,118,60,69,37.91,82.54,1826.85,Rice,Vegetative,NPK,,
5.27,52,13,20,25.25,62.53,2021.56,Cotton,Harvest,Urea,,
5.58,115,58,82,16.15,59.33,2677.81,Tomato,Flowering,Urea,,
7.92,103,48,36,36.1,64.55,229.19,Cotton,Flowering,MOP,,
6.79,41,86,23,34.01,83.3,502.1,Wheat,Sowing,Urea,,
6.32,144,81,108,21.94,68.91,1806.63,Potato,Flowering,Urea,,
5.1,63,10,93,35.26,77.24,1347,Cotton,Flowering,DAP,,
6.3,94,50,68,10.27,73.17,1370.51,Sugarcane,Flowering,Zinc Sulphate,,
5.61,133,59,105,33.99,85.41,1074.17,Sugarcane,Vegetative,NPK,,
8.27,47,26,17,30.64,79.02,2491.92,Rice,Harvest,Urea,,
8.04,28,17,84,21.39,50.47,489.97,Wheat,Harvest,Urea,,
4.84,126,76,75,33.75,81.26,1692.32,Cotton,Sowing,Compost,,
6.57,41,75,14,13.8,58.05,1483.01,Cotton,Harvest,Urea,,
5.4,104,11,39,16.1,80.83,1743.67,Rice,Sowing,DAP,,
6.14,44,26,117,26.01,84.34,341.57,Sugarcane,Sowing,Urea,,
8.01,100,82,114,36.43,71.12,2086.53,Tomato,Vegetative,Zinc Sulphate,,
6.61,98,42,84,13.9,73.13,237.86,Tomato,Vegetative,NPK,,
5.84,26,63,89,26.93,38.47,1677.93,Wheat,Vegetative,Urea,,
5.33,78,79,34,32.59,49.43,943.43,Sugarcane,Sowing,MOP,,
7.7,52,15,115,32.3,63.46,1076.54,Rice,Vegetative,Urea,,
7,119,61,34,28.84,30.21,2267.53,Wheat,Vegetative,MOP,,
6.37,123,54,84,38.23,80.84,2960.48,Rice,Harvest,SSP,,
5.37,79,10,71,24.46,52.17,1530.98,Rice,Sowing,DAP,,
5.84,100,89,74,36.41,73.4,2074.64,Tomato,Harvest,Zinc Sulphate,,
8.34,141,60,106,28.59,76.16,895.68,Cotton,Vegetative,Zinc Sulphate,,
6.58,77,20,10,32.12,62.88,1751.22,Sugarcane,Harvest,DAP,,
6.1,63,31,56,23.94,77.41,479.97,Rice,Vegetative,DAP,,
6.59,140,43,82,15.03,70.94,2580.66,Potato,Harvest,MOP,,
7.62,67,10,36,13.27,51.59,1476.02,Rice,Vegetative,DAP,,
5.86,144,86,47,30.47,78.97,1212.1,Potato,Flowering,DAP,,
5.21,76,58,28,21.29,68.16,1637.5,Wheat,Vegetative,MOP,,
6.84,32,58,49,27.02,39.61,2756.25,Wheat,Vegetative,Urea,,
7.16,96,51,90,32.38,76.37,2374.06,Sugarcane,Sowing,Compost,,
7.35,31,58,21,33.59,70.57,627.63,Sugarcane,Vegetative,Urea,,
8.03,127,22,75,25.29,47.08,2350.4,Potato,Sowing,DAP,,
5.98,135,77,81,19.44,80.52,1300.01,Tomato,Flowering,NPK,,
4.8,47,23,42,33.28,52.44,1306.04,Sugarcane,Sowing,Urea,,
8.33,135,45,22,22.46,63.16,2321.87,Tomato,Flowering,MOP,,
6.24,61,65,52,38.1,50.59,1487.11,Potato,Sowing,DAP,,
6.99,99,78,30,34.74,73.46,402.92,Tomato,Sowing,MOP,,
7.17,57,55,92,32.41,64.87,890.95,Potato,Sowing,Urea,,
6.69,100,24,43,17.24,58.22,2704.94,Cotton,Sowing,DAP,,
5.32,128,17,39,20.88,31.22,1857.46,Cotton,Harvest,DAP,,
7.52,133,65,29,35.47,66.43,2614.2,Rice,Flowering,MOP,,
7.72,127,20,91,10.69,67.34,1054.42,Wheat,Harvest,DAP,,
6.71,152,80,94,33.44,40.87,2129.07,Tomato,Sowing,Compost,,
6.45,103,32,45,22.12,49.94,2398.82,Cotton,Flowering,DAP,,
4.96,67,54,16,33.98,82.73,712.1,Maize,Harvest,MOP,,
4.84,33,36,78,26.57,62.95,265.29,Sugarcane,Flowering,Urea,,
5.86,73,40,18,25.8,56.1,1976.38,Wheat,Vegetative,MOP,,
5.74,137,56,54,31.05,86.16,1815.28,Potato,Flowering,Urea,,
8.31,128,75,27,34.19,78.72,311.53,Rice,Harvest,MOP,,
7.63,61,70,56,30.8,35.85,1350.21,Wheat,Vegetative,NPK,,
7.14,114,17,10,23.52,81.54,1777.57,Wheat,Flowering,DAP,,
6.57,122,74,109,19.63,38.98,793.81,Rice,Sowing,Zinc Sulphate,,
5.17,69,34,118,35.37,40.49,470.31,Cotton,Flowering,DAP,,
8.41,144,26,87,25.62,34.52,2443.63,Maize,Harvest,DAP,,
6,105,39,81,33.5,58.88,2790.06,Potato,Sowing,DAP,,
4.93,59,33,62,39.87,68.68,1452.98,Cotton,Vegetative,Urea,,
6.48,138,61,46,29.32,75.22,575.12,Potato,Vegetative,NPK,,
8,130,72,29,18.35,31.6,1379.63,Sugarcane,Flowering,MOP,,
8.05,49,70,104,35.97,40.67,981.55,Potato,Vegetative,Urea,,
4.54,136,86,80,18.21,67.27,1573.4,Maize,Harvest,Compost,,
8.05,44,67,67,17.81,61.54,225.27,Maize,Vegetative,Urea,,
5.59,48,88,50,12.22,33.08,2627.5,Cotton,Harvest,Urea,,
4.66,86,41,47,12.36,86.12,362.69,Cotton,Sowing,Compost,,
7.89,66,44,53,35.87,75.51,1403.62,Sugarcane,Harvest,Zinc Sulphate,,
7.96,124,25,116,16.92,51.53,2051.19,Sugarcane,Sowing,DAP,,
6.88,128,18,24,13.26,62.18,2023.21,Potato,Sowing,DAP,,
6.8,69,28,44,20.58,52.46,1034.98,Wheat,Harvest,DAP,,
7.75,109,49,90,31.41,57.32,1598.8,Rice,Flowering,Compost,,
7.65,152,49,36,20.19,65.77,1591.33,Cotton,Vegetative,MOP,,
8.06,32,55,30,19.28,53.91,567.54,Potato,Sowing,Urea,,
6.71,58,12,49,24.64,67.24,1242.75,Rice,Sowing,Urea,,
8.37,36,35,53,10.64,57.91,533.99,Cotton,Flowering,Urea,,
8.48,118,81,118,24.73,69.44,359.85,Tomato,Sowing,Zinc Sulphate,,
4.97,99,79,99,39.7,45.73,355.81,Tomato,Vegetative,Compost,,
7.9,78,14,53,33.98,40.27,1417.95,Maize,Sowing,DAP,,
6.5,115,36,14,12.11,30.81,2242.9,Potato,Harvest,DAP,,
6.05,141,53,106,29.64,66.12,2956.73,Sugarcane,Flowering,SSP,,
6.95,155,47,58,23.83,88.85,1799.42,Maize,Vegetative,NPK,,
4.72,49,81,78,34.79,55.22,1038.16,Cotton,Sowing,Urea,,
6.53,150,80,101,12.96,42.76,779.89,Potato,Harvest,Zinc Sulphate,,
7.98,142,87,30,16.98,30.79,2145.52,Sugarcane,Vegetative,MOP,,
5.35,70,50,17,33.73,60.77,344.97,Wheat,Vegetative,MOP,,
6.21,99,67,75,35.48,89.56,934.43,Tomato,Vegetative,NPK,,
8.26,93,38,46,25.88,89.03,2127.93,Sugarcane,Flowering,DAP,,
6.21,142,60,23,10.59,36.08,1446.06,Sugarcane,Vegetative,MOP,,
5.93,130,79,43,36.81,78.98,1600.59,Potato,Flowering,NPK,,
6.26,131,72,117,21.48,40.4,2931.35,Cotton,Sowing,SSP,,
6.58,39,28,69,11.19,78.56,1332.94,Rice,Vegetative,Urea,,
7.03,48,36,70,34.56,81.21,1866.37,Sugarcane,Flowering,Urea,,
7.7,29,62,55,22.54,30.46,2996.11,Cotton,Flowering,Urea,,
6.31,28,54,110,15.7,44.24,2121.83,Potato,Sowing,Urea,,
7.77,127,20,30,34.05,33.39,1640.49,Sugarcane,Harvest,DAP,,
6.63,82,19,100,23.73,59.93,1106.89,Cotton,Sowing,DAP,,
5.85,52,29,27,28.23,31.6,2934.08,Maize,Vegetative,Urea,,
7.13,99,28,70,34.69,67.57,1022.71,Tomato,Flowering,DAP,,
7.37,51,11,78,25.67,63.5,524.31,Potato,Flowering,Urea,,
6.73,23,49,43,13.31,52.76,2792.4,Tomato,Harvest,Urea,,
4.73,97,27,91,38.91,57.71,1093.19,Cotton,Flowering,DAP,,
5.18,145,11,63,18.6,89.41,1848.89,Maize,Harvest,DAP,,
5.64,138,56,108,39.83,40.06,2008.53,Maize,Sowing,SSP,,
5.63,41,58,99,10.18,73.86,930.54,Rice,Vegetative,Urea,,
7.19,45,32,38,24.51,68.72,1385.53,Tomato,Flowering,Urea,,
4.57,68,56,50,31.15,69.82,635.36,Maize,Vegetative,Compost,,
7.52,127,88,101,37.19,50.74,2676.73,Cotton,Harvest,DAP,,
5.56,71,54,79,33.41,42.99,1836.68,Rice,Flowering,DAP,,
5.74,83,30,99,17.67,69.05,2692.76,Tomato,Harvest,DAP,,
6.61,70,56,67,17.3,84.76,919.94,Rice,Vegetative,NPK,,
5.36,53,41,91,20.7,88.56,1975.18,Rice,Flowering,Urea,,
8.04,127,28,39,13.32,58.85,810.29,Tomato,Sowing,DAP,,
4.84,135,27,42,30.09,55.54,1009.34,Maize,Flowering,DAP,,
6.28,47,33,72,38.24,50.94,1211.22,Cotton,Sowing,Urea,,
7.9,38,56,105,29.26,78.6,1738.39,Sugarcane,Harvest,Urea,,
6.96,117,39,99,26,45.32,1756.18,Tomato,Vegetative,DAP,,
5.67,91,30,95,25.1,60.78,760.92,Sugarcane,Flowering,DAP,,
6.18,125,57,43,27.78,50.7,329,Rice,Sowing,Compost,,
7.33,90,75,58,31.32,82.54,2361.87,Wheat,Vegetative,NPK,,
8.39,46,54,21,33.85,46.96,1672.95,Tomato,Sowing,Urea,,
8.07,70,10,31,30.95,71.19,1077.11,Potato,Vegetative,DAP,,
5.87,103,31,94,31.15,65.32,347.73,Potato,Flowering,DAP,,
8.49,73,65,33,38.55,49.7,492.87,Sugarcane,Sowing,MOP,,
4.51,142,49,65,36.98,45.29,1386.02,Cotton,Flowering,Compost,,
4.61,36,47,34,34.72,78.23,1554.73,Rice,Flowering,Urea,,
7.8,91,28,75,11.3,60.63,1256.92,Wheat,Harvest,DAP,,
5.3,133,28,10,30.07,66.69,1786.23,Tomato,Flowering,DAP,,
4.74,114,75,83,23.65,87.73,2479.37,Cotton,Vegetative,Compost,,
5.45,148,56,43,28.53,53.88,2095.96,Potato,Vegetative,Compost,,
6.2,124,67,14,30.59,78.86,2627.66,Wheat,Flowering,MOP,,
7.42,33,66,26,31.44,68.33,1924.27,Tomato,Flowering,Urea,,
7,154,57,10,36.08,65.61,494.1,Sugarcane,Harvest,MOP,,
5.45,83,54,87,37.3,33.27,619.85,Wheat,Flowering,Compost,,
6.51,155,37,30,28.2,84.74,1293.45,Maize,Sowing,DAP,,
8.2,148,69,15,36.82,43.72,994.9,Maize,Harvest,MOP,,
7.76,88,14,84,32.94,58.39,2026.29,Tomato,Sowing,DAP,,
5.79,51,27,48,16.08,75.12,1952.33,Rice,Vegetative,Urea,,
8.43,20,46,68,11.06,61.34,1495.27,Tomato,Vegetative,Urea,,
7.33,156,89,29,10.3,30.26,2002.18,Potato,Sowing,MOP,,
4.75,93,34,93,27.6,86.94,2751.26,Tomato,Harvest,DAP,,
4.64,124,47,94,25.65,31.23,1576.8,Maize,Vegetative,Compost,,
5.17,133,10,73,30.89,35.39,1172.35,Wheat,Vegetative,DAP,,
7.41,70,49,33,35.28,43.45,1533.47,Maize,Sowing,MOP,,
5.23,100,64,50,14.93,65.94,606.3,Potato,Vegetative,Compost,,
6.55,21,48,99,35.69,88.27,472.67,Rice,Sowing,Urea,,
4.87,29,85,76,12.94,85.36,1349.5,Sugarcane,Flowering,Urea,,
8.18,122,34,47,36.5,69.08,2785.52,Tomato,Harvest,DAP,,
5.88,153,32,114,35.51,74.5,2616.14,Rice,Harvest,DAP,,
8.13,85,52,47,30.91,72.71,2099.17,Rice,Vegetative,Zinc Sulphate,,
8.28,27,57,37,19,71.22,2212.92,Tomato,Flowering,Urea,,
4.52,87,47,19,12.8,78.74,2609.55,Wheat,Harvest,MOP,,
6.36,69,33,33,33.34,50.39,2763.23,Potato,Vegetative,DAP,,
4.6,114,14,71,16.54,43.27,2046.41,Potato,Flowering,DAP,,
8.13,55,69,113,23.23,50.86,1280.67,Wheat,Sowing,Urea,,
6.57,155,26,61,25.93,32.92,612.94,Cotton,Vegetative,DAP,,
4.8,114,46,80,30.56,88.02,219.38,Potato,Sowing,Compost,,
4.94,97,24,96,24.62,74.37,2014.19,Maize,Vegetative,DAP,,
6.03,155,75,96,30.84,42.81,1313.88,Sugarcane,Harvest,NPK,,
8.26,141,29,33,34.42,45.35,423.1,Cotton,Flowering,DAP,,
7.27,108,39,104,31.39,89.56,980.26,Wheat,Sowing,DAP,,
7.97,62,25,59,18.99,76.09,1512.46,Sugarcane,Harvest,DAP,,
5.97,82,53,95,36.83,55.54,2394.06,Wheat,Vegetative,NPK,,
4.67,100,68,100,26.52,42.4,1081.42,Tomato,Harvest,Compost,,
8.4,132,13,47,23.96,32.43,2037.46,Maize,Sowing,DAP,,
4.57,31,40,78,27.25,70.16,320.9,Rice,Sowing,Urea,,
8.29,103,35,27,24.5,76.8,2894.66,Sugarcane,Sowing,DAP,,
5.97,117,50,81,32.65,36.46,2920.71,Sugarcane,Flowering,DAP,,
4.54,75,85,108,22.62,30.14,1679.29,Cotton,Flowering,Compost,,
7.26,68,11,58,33.3,51.45,2041.15,Sugarcane,Vegetative,DAP,,
8.42,158,17,26,32.8,70.05,2340.79,Tomato,Harvest,DAP,,
8.36,46,87,85,18.31,85.43,2917.07,Sugarcane,Harvest,Urea,,
5.14,156,33,112,12.88,82.77,1724.94,Wheat,Sowing,DAP,,
5.22,101,49,95,35.53,71.31,2314.99,Maize,Sowing,Compost,,
6.76,55,34,62,15.07,78.84,738.62,Cotton,Harvest,Urea,,
7.05,137,71,15,10.94,51.35,631.32,Wheat,Vegetative,MOP,,
7.46,98,67,103,22.07,44.71,2195.05,Cotton,Flowering,SSP,,
5.22,60,80,75,17.62,37.45,2787.02,Cotton,Harvest,Compost,,
8.34,47,41,14,16.61,40.9,1789.34,Maize,Harvest,Urea,,
7.05,120,55,11,15.17,87.78,1696.61,Maize,Harvest,MOP,,
7.89,41,35,71,32.48,85.8,1799.16,Potato,Harvest,Urea,,
6.66,66,51,108,33.5,32.82,2662.7,Tomato,Vegetative,NPK,,
6.16,36,16,14,11.39,58.2,2440.13,Rice,Harvest,Urea,,
8.41,148,65,40,26.4,52.4,2444.68,Wheat,Harvest,Zinc Sulphate,,
6.83,108,56,90,14.05,69.11,498.21,Maize,Vegetative,NPK,,
7.97,31,59,72,24.99,49.7,2327.28,Cotton,Sowing,Urea,,
8.31,39,54,100,20.44,46.84,2351.24,Cotton,Sowing,Urea,,
7.2,24,77,104,16.05,78.55,570.04,Cotton,Vegetative,Urea,,
6.7,34,53,83,38.44,86.83,1520.17,Tomato,Sowing,Urea,,
4.51,44,34,85,38.7,42.17,474.05,Wheat,Harvest,Urea,,
4.66,127,61,27,26.92,44.12,1311.66,Potato,Flowering,MOP,,
5.3,74,27,86,15.64,55.15,1994.82,Sugarcane,Vegetative,DAP,,
5.24,82,16,66,27.5,72.38,811.23,Rice,Sowing,DAP,,
5.52,66,31,81,37.85,40.02,570.12,Cotton,Flowering,DAP,,
5.72,135,13,108,21.33,58.08,1987.22,Rice,Harvest,DAP,,
5.94,83,38,117,14.13,80.45,2514.91,Sugarcane,Flowering,DAP,,
6.18,41,49,71,30.81,44.04,632.05,Rice,Sowing,Urea,,
4.9,125,61,13,29.69,32.86,2731.89,Wheat,Sowing,MOP,,
4.67,96,69,71,10.04,84.41,2263.68,Wheat,Vegetative,Compost,,
7.2,93,50,55,35.61,77.25,2098.53,Potato,Flowering,DAP,,
6.65,99,85,80,29.82,71.93,538.7,Potato,Vegetative,NPK,,
6.28,146,82,30,15.87,35.24,2803.28,Cotton,Vegetative,MOP,,
7.04,149,24,69,10.1,83.96,1525.71,Rice,Flowering,DAP,,
7.81,145,86,54,39.17,48.32,1699.69,Maize,Flowering,Zinc Sulphate,,
6.21,133,66,117,32.64,42.69,1635.37,Sugarcane,Harvest,DAP,,
7.06,134,44,88,20.95,59.25,1686.99,Wheat,Harvest,DAP,,
8.31,80,28,107,22.98,85.37,2504.03,Wheat,Sowing,DAP,,
7.86,24,30,31,26.17,89.67,476.66,Sugarcane,Vegetative,Urea,,
6.2,47,22,74,31.56,66.85,1554.64,Maize,Flowering,Urea,,
7.08,100,30,15,15.19,87.33,1918.98,Maize,Harvest,DAP,,
5.21,34,35,74,15.87,57.2,529.7,Cotton,Flowering,Urea,,
6.74,139,65,92,11.45,31.78,1826.85,Sugarcane,Harvest,Urea,,
8.43,57,40,36,39.57,46.54,1625.64,Potato,Harvest,Urea,,
6.57,33,39,19,36.27,48.11,823.6,Maize,Flowering,Urea,,
8.21,51,33,64,26.59,76.96,920.64,Maize,Sowing,Urea,,
6.13,63,39,87,22.91,37.45,441.36,Wheat,Sowing,DAP,,
8.5,111,35,43,17.12,40.49,2175.17,Rice,Flowering,DAP,,
6.82,137,63,50,27.85,66.86,615.35,Sugarcane,Flowering,Compost,,
4.67,135,85,41,30.72,37.84,2409.08,Sugarcane,Flowering,Compost,,
6.85,142,30,76,30.68,59.73,2691.08,Wheat,Vegetative,DAP,,
5.6,135,32,60,10.19,32.1,875.1,Tomato,Harvest,DAP,,
4.63,121,37,119,31.06,70.13,928.93,Cotton,Sowing,DAP,,
7.78,23,88,89,35.99,84.5,544.7,Wheat,Harvest,Urea,,
5.6,134,32,48,13.45,82.49,1714.46,Tomato,Harvest,DAP,,
7.69,78,68,106,32.66,34.42,2899.79,Cotton,Sowing,Zinc Sulphate,,
5.65,94,62,14,34.7,65.46,882.44,Tomato,Flowering,MOP,,
5.28,23,62,67,18.29,36.23,647.5,Rice,Vegetative,Urea,,
8.4,23,43,108,31.36,33.21,1897.19,Wheat,Vegetative,Urea,,
5.95,159,77,26,12.9,66.62,2598.29,Sugarcane,Sowing,MOP,,
6.91,66,21,32,29.48,64.35,2636.69,Tomato,Vegetative,DAP,,
6.94,154,11,99,25.31,35.63,1167.19,Maize,Sowing,DAP,,
6.74,159,34,55,35.5,51.59,2403.07,Rice,Flowering,DAP,,
8.16,90,77,16,23.56,49,1858.54,Wheat,Vegetative,MOP,,
7.2,73,53,114,22.84,50.55,2252.13,Potato,Flowering,DAP,,
6.11,82,43,71,38.01,49.99,2095.22,Potato,Flowering,DAP,,
7.95,75,15,16,38.03,79.48,557.46,Sugarcane,Flowering,DAP,,
5.22,92,48,24,11.07,51.22,1200.99,Sugarcane,Harvest,MOP,,
6.68,116,59,39,24.57,49.83,2336.69,Tomato,Sowing,MOP,,
8.3,121,33,29,14.83,31.78,2327.75,Potato,Flowering,DAP,,
7,99,14,76,18.21,77.42,541.84,Sugarcane,Sowing,DAP,,
7.77,50,63,95,29.98,69.59,1493.83,Maize,Flowering,Urea,,
7.11,34,63,63,13.88,50.49,2633.15,Sugarcane,Harvest,Urea,,
7.86,149,19,59,10.34,57.11,2416.41,Maize,Harvest,DAP,,
8.28,32,84,80,31.81,77.64,1826.59,Wheat,Flowering,Urea,,
5.59,24,78,104,29.24,50.65,778.01,Tomato,Sowing,Urea,,
5.18,51,15,58,37.08,58.4,1108.71,Cotton,Vegetative,Urea,,
6.44,125,87,59,26.27,31.19,2030.26,Rice,Sowing,Compost,,
7.31,40,25,12,38.36,85.1,2387.95,Rice,Vegetative,Urea,,
5.41,60,69,116,28.28,52.27,1918.21,Wheat,Vegetative,Compost,,
4.52,106,23,73,21.61,47.79,1307.06,Wheat,Sowing,DAP,,
5.87,155,42,55,28.25,66.55,1814.56,Sugarcane,Harvest,SSP,,
8.38,55,78,90,32.48,61.6,210.7,Sugarcane,Vegetative,Urea,,
7.28,52,49,31,20.43,54.06,2259.74,Wheat,Flowering,Urea,,
6.11,48,87,61,21.18,85.34,2563.11,Rice,Flowering,Urea,,
5.27,114,49,46,28.9,51.78,329.04,Wheat,Sowing,Compost,,
5.92,76,18,69,23.67,89.9,1318.48,Tomato,Harvest,DAP,,
5.18,91,76,76,25.81,77.35,2576.52,Sugarcane,Sowing,Compost,,
4.93,109,83,57,39.46,84.2,1871.97,Wheat,Vegetative,Compost,,
8.13,133,57,39,11.31,46.97,1553.49,Sugarcane,Harvest,MOP,,
8.49,134,84,97,29.44,34.21,443.76,Rice,Harvest,Zinc Sulphate,,
5.16,145,74,106,37.69,55.15,2264.17,Tomato,Vegetative,Compost,,
4.72,143,19,52,17.09,48.8,2129.96,Potato,Vegetative,DAP,,
5.82,135,15,19,16.36,33.64,1851.27,Tomato,Flowering,DAP,,
6.35,122,81,80,20.89,34.29,369.24,Tomato,Sowing,MOP,,
5.32,21,71,89,12.22,40.46,1999.69,Tomato,Vegetative,Urea,,
5.71,109,40,105,26.81,52.67,344.69,Cotton,Flowering,Zinc Sulphate,,
5.3,37,15,11,29.36,86.11,2502.04,Tomato,Vegetative,Urea,,
7.6,64,43,81,34.6,69.47,2633.98,Rice,Flowering,MOP,,
7.35,34,76,88,11.99,53.9,1686.48,Potato,Flowering,Urea,,
7.04,154,71,76,23.09,77.96,2575.61,Maize,Sowing,NPK,,
6.05,59,21,93,33.53,64.11,1322.19,Sugarcane,Sowing,Urea,,
8.14,36,47,107,33.05,55.05,1012.11,Wheat,Vegetative,Urea,,
8.38,97,16,55,12.21,38.66,1555.49,Wheat,Harvest,DAP,,
5.19,124,73,50,10.34,85.62,1764.59,Sugarcane,Vegetative,Compost,,
5.39,101,86,13,33.5,67.43,2346.08,Maize,Harvest,MOP,,
6.6,105,13,96,14.14,56.36,1885.79,Sugarcane,Sowing,DAP,,
4.87,99,30,17,27.33,56.3,2596.38,Wheat,Sowing,DAP,,
6.25,68,87,19,12.83,75.9,2820.31,Cotton,Flowering,MOP,,
6.83,68,45,111,18.87,40.77,1661.59,Maize,Vegetative,NPK,,
6.59,62,16,14,14.74,55.05,2209.49,Wheat,Vegetative,DAP,,
5.82,89,86,83,32.09,33.78,1548.25,Tomato,Flowering,Compost,,
6.67,90,44,99,30.18,34.8,2736.98,Tomato,Vegetative,NPK,,
8.34,28,58,89,14.06,61.58,285.49,Rice,Vegetative,Urea,,
5.32,109,20,68,11.78,52.85,2212.11,Tomato,Vegetative,DAP,,
7.12,21,33,67,23.99,73.17,1589.76,Maize,Flowering,Urea,,
4.67,22,31,32,15.87,89.2,371.17,Sugarcane,Sowing,Urea,,
4.77,28,52,70,10.24,81.57,2287.92,Tomato,Vegetative,Urea,,
6.71,31,60,26,17.93,56.51,1299.9,Rice,Vegetative,Urea,,
4.92,123,58,37,16.46,52.67,1676.2,Potato,Vegetative,MOP,,
4.59,75,31,27,30.55,65.1,2195.86,Potato,Flowering,DAP,,
5.19,124,88,61,35.83,35.5,905.79,Cotton,Vegetative,Compost,,
6.76,82,27,67,17.13,89.26,1007.32,Cotton,Vegetative,DAP,,
7.31,65,53,50,16.69,88.86,1198.65,Sugarcane,Harvest,Urea,,
5.31,79,41,84,21.63,85.38,2293.33,Tomato,Flowering,Compost,,
7.17,51,67,107,15.18,69.73,2949.09,Potato,Flowering,Urea,,
5.23,110,65,119,38.4,60.19,1216.29,Potato,Vegetative,Compost,,
6.95,80,83,88,17.31,72.4,1910.23,Tomato,Sowing,Compost,,
6.15,113,18,10,12.8,48.86,1107.34,Tomato,Flowering,DAP,,
7.12,151,72,106,26.71,81.13,2655,Sugarcane,Sowing,NPK,,
8.48,149,13,82,26.13,38.08,2819.42,Rice,Harvest,DAP,,
8.25,74,47,117,28.96,78.21,730.94,Wheat,Sowing,Zinc Sulphate,,
4.52,60,51,26,39,82.05,2031.47,Tomato,Vegetative,MOP,,
8.04,158,16,88,19.7,40.21,2736.66,Maize,Sowing,DAP,,
4.77,34,51,13,20.79,58.71,1529.96,Maize,Sowing,Urea,,
8.31,120,69,110,20.11,83.5,1138.96,Rice,Vegetative,Zinc Sulphate,,
5.63,86,29,55,28.86,87.56,2735.83,Sugarcane,Flowering,DAP,,
6.03,131,72,79,28.12,78.68,922.04,Sugarcane,Harvest,Compost,,
4.87,76,30,15,25.86,86.45,779.88,Wheat,Flowering,DAP,,
4.95,52,14,92,20.93,86.22,2665.51,Cotton,Sowing,Urea,,
7.41,84,39,32,22.83,88.78,1974.11,Tomato,Flowering,DAP,,
8.28,20,72,103,33.78,54.8,718.12,Cotton,Harvest,Urea,,
6.94,150,68,10,28.28,47.22,2000.03,Rice,Vegetative,MOP,,
7.36,28,47,82,31.49,67.98,2653.4,Tomato,Vegetative,Urea,,
7.55,51,45,70,18.3,41.33,450.06,Rice,Sowing,Urea,,
5.55,96,47,31,37.34,63.42,918.73,Cotton,Harvest,MOP,,
4.68,64,32,74,11.05,64.76,1891.79,Tomato,Vegetative,DAP,,
4.51,114,32,66,27.87,78.39,521.97,Potato,Harvest,DAP,,
5.9,40,67,45,34.37,51.71,2735.26,Wheat,Vegetative,Urea,,
5.47,42,57,34,35.99,66.11,1860.26,Wheat,Harvest,Urea,,
4.75,136,15,25,19.59,84.2,1837.96,Rice,Vegetative,DAP,,
5.22,123,55,35,23.79,55.31,356.5,Maize,Vegetative,MOP,,
5,49,24,101,11.05,64.3,1379.67,Maize,Harvest,Urea,,
8.16,134,10,14,33.69,77.24,745.78,Cotton,Sowing,DAP,,
5.06,88,83,31,13.74,44.98,2463.88,Sugarcane,Harvest,MOP,,
6.65,93,42,23,22.84,36.2,1141.16,Tomato,Vegetative,MOP,,
6.87,83,33,82,39.72,70.91,1328.49,Sugarcane,Harvest,DAP,,
6.67,58,79,87,37.53,52.23,1993.84,Maize,Harvest,Urea,,
4.9,74,23,89,19.9,52.9,2208.78,Wheat,Flowering,DAP,,
5.78,26,79,103,16.72,85.81,2411.94,Cotton,Harvest,Urea,,
4.71,58,47,105,17.55,54.47,689.62,Tomato,Vegetative,Urea,,
6.08,123,20,79,30.54,87.22,935.15,Tomato,Sowing,DAP,,
5.25,115,72,26,31.77,36.38,458.68,Tomato,Sowing,MOP,,
6.75,53,41,10,16.49,50.58,2598.05,Rice,Flowering,Urea,,
7.27,54,38,27,17.2,71.58,1083.22,Tomato,Vegetative,Urea,,
6.63,134,39,84,19.7,37.56,553.21,Sugarcane,Harvest,DAP,,
6.24,24,38,20,23,53.22,1071.79,Maize,Harvest,Urea,,
6.05,75,20,101,37.52,81.1,360.05,Tomato,Sowing,DAP,,
7.87,102,58,21,10.8,75.71,2542.43,Sugarcane,Harvest,MOP,,
5.38,26,87,43,29.15,46.93,1003.7,Potato,Vegetative,Urea,,
7.44,72,73,89,35.85,51.39,1180.2,Wheat,Flowering,Urea,,
7.53,125,47,83,31.7,60.3,2832.95,Wheat,Harvest,NPK,,
6.18,61,69,119,16.5,73.88,730.13,Sugarcane,Harvest,DAP,,
5.69,37,77,112,24.3,39.11,771.15,Wheat,Vegetative,Urea,,
6.38,25,16,17,37.31,61.66,1769.31,Rice,Sowing,Urea,,
4.87,151,83,99,13.47,34.4,2922.37,Rice,Harvest,Compost,,
4.68,116,16,115,39.63,53.87,2723.31,Maize,Flowering,DAP,,
4.95,72,14,51,14.31,41.46,1860.08,Cotton,Vegetative,DAP,,
5.25,40,77,115,14.27,48.54,2474.24,Wheat,Sowing,Urea,,
6.52,118,56,23,34.39,49.89,1565.34,Potato,Flowering,MOP,,
7.9,103,45,60,34.85,76.21,1416.96,Cotton,Flowering,Zinc Sulphate,,
5.44,150,24,18,11.14,45.91,1321.3,Tomato,Harvest,DAP,,
8.24,39,48,92,15.05,69.83,1472.68,Sugarcane,Flowering,Urea,,
8.32,23,47,107,38.46,62,2179.4,Tomato,Flowering,Urea,,
8.34,94,45,47,18.38,78.25,2500.11,Maize,Vegetative,Zinc Sulphate,,
7.85,34,11,38,10.37,49.29,1812.8,Wheat,Harvest,Urea,,
5.96,76,24,38,17.62,89.68,2633.05,Potato,Sowing,DAP,,
4.79,46,64,37,32.06,47.75,1988.38,Rice,Sowing,Urea,,
6.78,39,86,97,37.49,64.77,2447.66,Sugarcane,Sowing,Urea,,
6.73,127,69,101,14.65,67.93,2130.9,Tomato,Flowering,MOP,,
7.9,98,34,115,16.73,62.29,2366.59,Tomato,Sowing,DAP,,
8.48,153,23,117,23.25,81.53,253.35,Rice,Harvest,DAP,,
6.53,37,18,85,32.45,36.78,2628.22,Sugarcane,Sowing,Urea,,
5.88,105,58,92,29.76,65.84,2680.62,Potato,Harvest,Zinc Sulphate,,
5.24,68,44,15,19.83,60.38,2555.67,Potato,Harvest,MOP,,
4.52,30,14,11,11.99,55.03,2244.44,Tomato,Sowing,Urea,,
6.54,54,87,62,17.59,50.77,2405.07,Rice,Harvest,Urea,,
6.72,74,26,112,16.59,39.17,707.43,Potato,Flowering,DAP,,
7.8,114,78,40,10.63,69,333.35,Rice,Flowering,MOP,,
6.52,47,86,46,39.25,37.06,1011.28,Maize,Sowing,Urea,,
8.17,107,63,65,17.66,79.76,1438.85,Maize,Sowing,Zinc Sulphate,,
7.01,128,56,102,35.1,56.86,958.18,Wheat,Flowering,SSP,,
7.86,43,58,49,24.55,66.33,2637.86,Rice,Harvest,Urea,,
5.09,135,83,21,39.17,34.67,2900.33,Cotton,Harvest,MOP,,
7.92,35,71,64,14.49,35.6,2358.22,Sugarcane,Sowing,Urea,,
7.2,131,32,106,13.32,44.15,1534.5,Potato,Flowering,DAP,,
5.18,92,25,66,10.07,76.78,608.14,Wheat,Sowing,DAP,,
5.26,69,16,54,31.55,59.15,2641.72,Tomato,Vegetative,DAP,,
8.21,130,52,34,19.19,48.65,2557.6,Maize,Harvest,MOP,,
4.63,32,87,51,36.11,80.97,654.44,Sugarcane,Vegetative,Urea,,
6.35,90,53,27,29.01,41.51,336.38,Sugarcane,Flowering,MOP,,
5.75,54,18,39,27.32,45.57,2717.1,Potato,Harvest,Urea,,
7.16,43,80,27,24.61,76.6,2501.43,Tomato,Harvest,Urea,,
7.86,58,87,16,17.75,31.62,2815.91,Maize,Flowering,Urea,,
5.94,145,89,88,11.94,43.22,1202.06,Wheat,Vegetative,NPK,,
6.21,24,69,39,23.31,61.28,2042.2,Cotton,Vegetative,Urea,,
8.43,95,19,14,12.97,84.9,2619.76,Cotton,Sowing,DAP,,
7.64,123,14,78,37.17,45.95,1156,Maize,Vegetative,DAP,,
8.09,153,60,42,34.88,42.79,1528.68,Sugarcane,Harvest,Zinc Sulphate,,
6.26,101,16,15,28.59,88.49,1688.72,Maize,Vegetative,DAP,,
5.44,26,31,57,23.57,61.47,281.96,Sugarcane,Sowing,Urea,,
6.15,34,33,113,23.63,33.75,2519.46,Rice,Vegetative,Urea,,
7.36,92,51,13,23.94,46.59,2842.64,Tomato,Flowering,MOP,,
4.94,39,31,22,32.36,62.02,1367.98,Potato,Sowing,Urea,,
5.58,78,44,115,13.79,34.32,1911.23,Sugarcane,Vegetative,NPK,,
4.69,23,64,35,25.94,71.55,1716.54,Rice,Harvest,Urea,,
6.23,125,12,58,34.38,61.35,1174.11,Sugarcane,Flowering,DAP,,
7.81,59,80,29,25.3,72.58,430.81,Rice,Harvest,Urea,,
4.6,84,28,41,10.41,50.5,1656.38,Potato,Harvest,DAP,,
7.2,54,51,105,17.34,55.2,883.51,Wheat,Flowering,Urea,,
8.23,63,55,110,30.06,85.69,2026.56,Tomato,Harvest,Zinc Sulphate,,
5.45,26,81,117,38.03,42.64,1704.22,Cotton,Vegetative,Urea,,
7.27,42,29,74,36.81,32.37,1853.48,Rice,Flowering,Urea,,
8.4,84,42,98,34.68,88.93,1884.87,Sugarcane,Flowering,Zinc Sulphate,,
8.35,107,15,98,38.5,30.45,2679.91,Rice,Sowing,DAP,,
5.44,39,24,62,18.4,83.29,612.78,Sugarcane,Vegetative,Urea,,
4.9,51,78,74,10.37,79.56,2455.85,Cotton,Harvest,Urea,,
5.09,116,87,12,20.63,59.26,2873.23,Wheat,Harvest,MOP,,
7.31,116,82,112,27.31,72.32,2219.68,Rice,Vegetative,NPK,,
7.4,88,40,30,19.49,36.3,589.34,Sugarcane,Flowering,MOP,,
7.2,101,15,52,11.33,75.82,2580.67,Tomato,Flowering,DAP,,
5.84,28,10,34,25.22,77.03,2417.03,Cotton,Sowing,Urea,,
5.18,61,28,94,15.99,33.08,2615.68,Potato,Vegetative,DAP,,
6.82,146,24,76,31.83,59.83,1561.76,Maize,Sowing,DAP,,
6.43,129,43,113,12.68,86.89,2496.69,Potato,Sowing,SSP,,
7.42,151,73,102,38.74,87.07,631.24,Maize,Harvest,SSP,,
6.27,91,58,44,36.3,89.07,1814.69,Rice,Vegetative,NPK,,
5.85,91,84,95,36.22,69.4,1744.87,Potato,Vegetative,NPK,,
5.67,143,55,32,33.7,38.47,2710.86,Potato,Vegetative,MOP,,
5.35,42,60,22,29.01,54.77,2616.15,Potato,Harvest,Urea,,
5.56,126,82,107,11.6,73.62,2204.91,Cotton,Flowering,DAP,,
4.88,117,20,32,29.87,47.03,689.57,Potato,Sowing,DAP,,
5.89,70,13,72,32.41,78.61,2458.88,Rice,Harvest,DAP,,
4.65,142,50,108,13.92,81.68,1919.9,Sugarcane,Harvest,Compost,,
5.25,69,73,92,28.47,75.81,2486.47,Sugarcane,Flowering,Compost,,
7.49,102,10,24,24.37,50.53,2827.4,Maize,Harvest,DAP,,
5.8,44,18,88,24.17,74.49,1460.25,Sugarcane,Harvest,Urea,,
7.17,58,48,35,15.98,34.34,2284.62,Potato,Flowering,Urea,,
7.37,87,74,112,32.18,50.11,2924.27,Sugarcane,Harvest,Zinc Sulphate,,
6.82,91,26,76,37.75,75.94,798.22,Rice,Vegetative,DAP,,
8.33,138,76,90,33.63,77.69,2571.6,Maize,Vegetative,Zinc Sulphate,,
4.59,125,10,103,21.07,49.13,597.41,Wheat,Harvest,DAP,,
7.45,32,33,70,39.53,87.62,247.97,Tomato,Harvest,Urea,,
8.34,55,86,37,20.93,46.4,2571.68,Sugarcane,Harvest,Urea,,
7.95,139,29,43,17.03,69.6,2887.65,Maize,Vegetative,DAP,,
5.17,128,73,25,39.04,82.74,290.19,Tomato,Sowing,MOP,,
5.81,143,29,52,33.69,63.08,2564.38,Potato,Vegetative,DAP,,
5.19,38,85,114,32.84,54.75,2158.3,Wheat,Flowering,Urea,,
6.91,56,49,20,12.32,42.68,2159.41,Wheat,Sowing,Urea,,
7.35,120,39,33,15.76,41.79,1486.94,Potato,Harvest,DAP,,
5.77,104,32,96,10.56,39.54,1367.88,Maize,Flowering,DAP,,
6.66,58,32,34,33.3,56.58,1244.45,Rice,Vegetative,Urea,,
7.26,61,65,110,18.35,62.88,1269.15,Maize,Flowering,MOP,,
6.19,72,56,86,13.97,80.34,2824.04,Wheat,Harvest,Compost,,
7.92,69,26,28,15.46,43.04,2484.18,Wheat,Sowing,DAP,,
7.59,124,11,118,29.23,75.31,1078.41,Wheat,Vegetative,DAP,,
4.76,126,42,43,22.99,71.65,2273.58,Potato,Flowering,Compost,,
6.98,149,24,75,38.24,68.07,2038.15,Maize,Flowering,DAP,,
5.44,37,41,81,20.98,50.36,2568.76,Tomato,Harvest,Urea,,
6.73,79,43,14,35.02,49.08,457.36,Sugarcane,Harvest,MOP,,
8.33,135,69,84,26.39,75.54,2160.39,Wheat,Vegetative,Zinc Sulphate,,
8.02,137,40,75,31.16,46.47,885.82,Maize,Flowering,Zinc Sulphate,,
6.12,49,24,111,15.06,49.78,876.47,Rice,Sowing,Urea,,
5.67,48,29,63,32.47,87.91,2176.06,Sugarcane,Sowing,Urea,,
5.44,38,40,105,12.57,89.91,2705.84,Cotton,Sowing,Urea,,
6.63,109,11,33,30.73,30.1,1644.89,Rice,Sowing,DAP,,
4.96,129,22,85,23.97,71.21,1503.49,Sugarcane,Vegetative,DAP,,
6.7,77,25,111,16.86,62.13,2482.3,Potato,Vegetative,DAP,,
4.51,135,24,89,24.41,57.61,271.26,Rice,Flowering,DAP,,
5.8,59,34,60,35.67,46.54,2179.78,Cotton,Harvest,Urea,,
5.38,28,85,33,14.64,60.43,357.15,Wheat,Sowing,Urea,,
8.38,140,37,59,15.09,57.39,884.37,Rice,Sowing,DAP,,
7.41,129,21,114,26.02,54.08,2067.79,Rice,Sowing,DAP,,
5.9,127,85,63,28.76,80.99,1264.55,Tomato,Flowering,Urea,,
4.87,97,63,26,22.61,46.24,1026.63,Potato,Flowering,MOP,,
6.57,114,67,105,17.99,65.85,1612.07,Potato,Vegetative,NPK,,
5.35,53,25,93,12.02,81.85,2579.63,Sugarcane,Harvest,Urea,,
6.65,81,71,44,11.49,88.74,1392.8,Potato,Flowering,Urea,,
7.84,93,83,39,11.22,66.17,1692.07,Maize,Sowing,MOP,,
6.96,76,19,56,37.04,61.2,642.32,Sugarcane,Vegetative,DAP,,
7.04,122,75,51,13.94,80.43,1445,Maize,Sowing,MOP,,
6.66,73,61,31,18.85,41.31,246.31,Cotton,Sowing,MOP,,
8.21,39,39,40,39.58,67.8,2546.78,Sugarcane,Harvest,Urea,,
8.23,128,25,60,37.82,33.85,779.14,Potato,Sowing,DAP,,
6.55,36,19,46,11.29,69.6,2775.69,Rice,Vegetative,Urea,,
5.72,61,24,97,26.54,77.75,1201.55,Cotton,Harvest,DAP,,
6.34,40,35,97,29,33.78,2540.45,Sugarcane,Vegetative,Urea,,
5.25,130,70,22,11.62,80.91,1290.93,Wheat,Vegetative,MOP,,
7.05,67,24,98,31.84,37.4,627.65,Cotton,Vegetative,DAP,,
6.5,78,15,40,39.64,40.55,1610.43,Tomato,Flowering,DAP,,
4.91,147,10,109,22.88,80.18,929.65,Wheat,Sowing,DAP,,
5.29,131,44,23,23.48,37.48,1104.4,Sugarcane,Sowing,MOP,,
6.42,71,10,93,29.78,70.43,1085.16,Sugarcane,Harvest,DAP,,
8.05,36,47,48,32.1,47.69,1168.35,Sugarcane,Vegetative,Urea,,
6.77,57,89,101,33.69,44.9,1594.74,Maize,Sowing,Urea,,
7.23,148,50,98,12.33,69.01,557.53,Cotton,Harvest,Zinc Sulphate,,
5.86,94,21,47,34.02,36.41,921.38,Cotton,Flowering,DAP,,
6.79,114,73,116,35.92,64.48,1970.49,Potato,Vegetative,NPK,,
6.29,63,19,84,11.36,85.47,2315.97,Wheat,Harvest,DAP,,
7.14,107,36,27,11.17,81.08,882.67,Potato,Harvest,DAP,,
4.7,39,48,48,26.53,81.07,933.63,Potato,Flowering,Urea,,
6.47,88,80,92,24.9,48.18,1538.49,Wheat,Harvest,NPK,,
5.68,68,79,76,39.4,72.08,2947.07,Potato,Flowering,SSP,,
5.8,125,54,50,18.83,76.81,1740.55,Wheat,Flowering,Urea,,
8.34,90,20,55,27.71,84.08,2477.79,Cotton,Flowering,DAP,,
5.23,37,33,58,25.2,45.85,2772.3,Potato,Sowing,Urea,,
5.74,121,66,36,26.07,75.65,1983.27,Wheat,Flowering,MOP,,
6.54,114,49,32,29.79,43.94,1653.63,Rice,Sowing,MOP,,
7.95,28,46,44,26.13,31.67,2340.74,Potato,Vegetative,Urea,,
6.17,85,12,111,10.21,58.91,1092.86,Sugarcane,Vegetative,DAP,,
7.48,79,77,116,35.31,75.95,2923.31,Potato,Sowing,Compost,,
7.93,127,77,22,16.03,42.86,1531.05,Wheat,Harvest,MOP,,
5.74,56,10,35,16.93,32.92,2799.22,Rice,Flowering,Urea,,
6.07,48,88,87,29.44,52.43,2327.41,Wheat,Harvest,Urea,,
5.93,82,54,44,24.33,42.17,792.23,Tomato,Harvest,MOP,,
7.83,34,40,50,27.23,52.93,817.95,Potato,Flowering,Urea,,
4.68,28,46,15,24.92,85.25,1179.52,Sugarcane,Flowering,Urea,,
5.73,99,78,116,22.54,74.63,1241.72,Rice,Sowing,DAP,,
7.22,85,52,81,24.5,52.38,241.99,Sugarcane,Flowering,Urea,,
6.76,20,13,61,14.23,49.5,2596.22,Potato,Harvest,Urea,,
6.25,140,80,113,39.08,85.27,873.26,Tomato,Sowing,NPK,,
6.66,28,38,62,27.24,83.33,2509.35,Maize,Sowing,Urea,,
5.29,76,20,88,18.6,66.25,1552.05,Potato,Vegetative,DAP,,
6.22,140,42,17,31.39,51.46,1857.69,Sugarcane,Vegetative,MOP,,
6.51,21,62,118,36.4,77.54,1702.06,Cotton,Vegetative,Urea,,
8.1,20,26,56,18.89,69.82,2845.11,Sugarcane,Vegetative,Urea,,
5.54,93,21,89,19.74,63.88,1370.33,Maize,Sowing,DAP,,
7.97,73,10,102,23.16,74.31,1288.54,Wheat,Vegetative,DAP,,
7.08,38,65,73,16.52,38.07,1921.71,Tomato,Flowering,Urea,,
4.58,37,32,43,34.29,85.81,1269.18,Cotton,Sowing,Urea,,
7.4,43,16,38,27.53,88.38,1900.85,Potato,Sowing,Urea,,
4.64,146,87,44,11.71,51.27,1802.65,Maize,Vegetative,Compost,,
8.49,71,50,57,39.9,86.81,2370.12,Sugarcane,Sowing,Zinc Sulphate,,
7.99,39,62,83,27.25,77.75,2971.85,Maize,Flowering,Urea,,
5.69,158,16,74,36.7,86.46,2936.49,Wheat,Flowering,DAP,,
5.53,92,87,78,25.05,85.05,546.55,Cotton,Vegetative,NPK,,
6.03,35,75,76,27.47,42.05,1465.93,Rice,Harvest,Urea,,
5.92,25,83,112,23.63,45.6,1382.6,Maize,Sowing,Urea,,
5.99,44,62,23,22.68,45.64,733.88,Tomato,Sowing,Urea,,
5.77,82,14,55,16.55,35.66,2282.46,Tomato,Flowering,DAP,,
6.98,34,45,36,38.86,53.86,2911.93,Potato,Flowering,Urea,,
5.16,73,53,55,15.45,51.76,627.36,Potato,Flowering,Compost,,
7.88,147,20,38,25.79,50.64,962.29,Maize,Harvest,DAP,,
7.75,33,73,10,12.61,50.94,2594.06,Tomato,Sowing,Urea,,
6.41,53,30,91,39.8,33.72,1054.73,Tomato,Vegetative,Urea,,
7.91,149,13,12,26.67,41.16,1435.53,Sugarcane,Flowering,DAP,,
5.49,39,44,35,34.44,47.75,2273,Cotton,Harvest,Urea,,
4.57,125,44,30,26.89,83.34,552.83,Rice,Harvest,MOP,,
6.98,35,44,33,34.15,85.59,1675.99,Maize,Flowering,Urea,,
6.33,122,48,54,26.03,47.11,507.07,Rice,Flowering,Zinc Sulphate,,
6.77,70,42,93,23.35,71.65,1055.01,Rice,Vegetative,NPK,,
8.1,150,86,38,23.68,81.04,863.37,Wheat,Sowing,MOP,,
8.38,96,77,27,10.07,60.37,2244.65,Sugarcane,Flowering,MOP,,
7.04,147,53,12,21.12,75.33,621.87,Tomato,Harvest,MOP,,
7.56,140,60,60,38.56,88.55,2053.41,Rice,Harvest,Urea,,
4.84,65,47,106,30.27,39.73,1811.7,Sugarcane,Harvest,Compost,,
5.14,59,51,27,37.58,34.23,2092.25,Wheat,Vegetative,Urea,,
7.43,48,54,46,16.01,68.4,2654.42,Rice,Harvest,Urea,,
6.23,112,39,72,24.73,60.51,1695.54,Sugarcane,Flowering,DAP,,
6.28,88,44,94,11.03,47.8,2217.7,Tomato,Sowing,DAP,,
5.73,104,37,117,30.31,85,2452.74,Cotton,Vegetative,DAP,,
6.93,85,50,28,33.52,80.75,2147.76,Sugarcane,Sowing,MOP,,
5.24,94,54,32,32.43,45.86,1093.38,Cotton,Harvest,MOP,,
7.01,154,57,93,12.6,76.45,2892.1,Wheat,Sowing,MOP,,
5.2,53,64,64,17.43,79.7,370.08,Wheat,Flowering,Urea,,
4.76,121,17,33,29.67,49.52,1242.46,Potato,Vegetative,DAP,,
5.82,124,35,92,32.77,35.95,2499.67,Cotton,Sowing,DAP,,
5.42,132,38,35,18.23,81.03,1179.74,Maize,Harvest,DAP,,
8.06,70,64,106,22.19,35.81,1728.59,Rice,Flowering,Zinc Sulphate,,
4.72,89,75,105,20.54,58.72,576.58,Rice,Harvest,Compost,,
5.21,85,79,63,10.14,41.66,2599.22,Cotton,Flowering,Compost,,
6.69,115,57,108,27.3,85.65,2807.25,Rice,Vegetative,NPK,,
6.42,77,89,98,30.07,36.43,2955.26,Wheat,Flowering,SSP,,
4.68,139,16,42,18.29,37.01,415.87,Potato,Flowering,DAP,,
4.53,130,84,97,30.63,72.1,757.66,Potato,Sowing,Compost,,
8.45,80,89,66,17.28,42.33,1585.98,Maize,Sowing,Zinc Sulphate,,
7.14,60,15,18,31.47,37.94,963.32,Cotton,Sowing,DAP,,
5.96,69,46,110,23.72,40.09,1999.35,Wheat,Flowering,Urea,,
6.38,109,18,73,36.16,65.75,2567.22,Wheat,Vegetative,DAP,,
5.57,109,12,110,26.34,43.36,555.8,Tomato,Flowering,DAP,,
5.88,88,62,84,15.54,52.63,208.93,Tomato,Harvest,DAP,,
7.1,140,17,94,34.66,80.98,2982.45,Cotton,Harvest,DAP,,
8.03,100,49,68,33.33,40.54,1461.22,Cotton,Vegetative,Zinc Sulphate,,
5.24,45,26,90,12.53,79.58,391.67,Tomato,Vegetative,Urea,,
7.86,126,79,25,11.44,76.52,1847.8,Sugarcane,Vegetative,MOP,,
4.99,107,56,14,14.09,79.87,2308.96,Wheat,Harvest,MOP,,
5.36,124,20,53,35.36,50.82,2443.48,Rice,Harvest,DAP,,
4.65,92,19,55,19.61,58.34,1794.01,Potato,Sowing,DAP,,
5.06,135,70,19,25.14,72.42,2102.64,Maize,Harvest,MOP,,
8.17,151,11,86,28.09,32.25,1533.53,Sugarcane,Sowing,DAP,,
6.34,20,38,67,32.3,69.83,1935.32,Wheat,Vegetative,Urea,,
4.81,153,79,79,34.9,37.21,2864.45,Tomato,Flowering,Compost,,
8.34,48,60,110,25.48,47.28,2965.06,Cotton,Flowering,Urea,,
8.02,150,82,73,22.47,78.59,1957.18,Potato,Sowing,Zinc Sulphate,,
7.52,147,75,89,15.88,68.12,1834.98,Maize,Harvest,SSP,,
8.23,128,77,79,28.23,67.31,1167.42,Maize,Vegetative,Zinc Sulphate,,
5.38,107,66,102,26.5,43.61,1107.88,Wheat,Flowering,Compost,,
7.85,156,50,69,18.73,70.07,2788.59,Rice,Vegetative,Zinc Sulphate,,
7.26,100,73,34,23.39,37.9,2062.42,Maize,Flowering,MOP,,
7.98,78,13,96,32.19,87.89,1484.02,Wheat,Harvest,DAP,,
7.69,57,10,20,28.81,45.16,2064.66,Tomato,Vegetative,Urea,,
5.89,61,84,102,24.45,79.6,538.56,Maize,Harvest,Zinc Sulphate,,
7.6,69,16,94,18.17,85.21,2841.64,Rice,Vegetative,DAP,,
5.55,33,17,72,30.04,40.31,1662.51,Sugarcane,Flowering,Urea,,
5.81,145,88,35,28.83,30.58,1135.43,Tomato,Flowering,MOP,,
4.93,119,67,50,23.75,82.46,237.21,Wheat,Vegetative,Compost,,
8.24,52,19,62,17.16,75.84,2096.07,Wheat,Flowering,Urea,,
5.66,86,75,110,15.25,39.26,2914.8,Sugarcane,Vegetative,NPK,,
6.58,103,88,84,20.18,79.82,1763.91,Tomato,Sowing,SSP,,
6.07,86,31,111,37.26,78.63,1131.5,Potato,Vegetative,DAP,,
8.34,89,61,33,32.62,57.68,1371.33,Potato,Harvest,MOP,,
5.84,132,58,90,36.73,86.81,1792.32,Cotton,Harvest,Urea,,
7.61,104,76,82,35.28,64.93,2128.52,Wheat,Flowering,Compost,,
7.92,134,13,81,23.77,56.57,713.33,Potato,Flowering,DAP,,
6.24,63,66,103,25.91,30.79,2818.33,Cotton,Flowering,NPK,,
6.01,148,78,16,15.09,87.17,1360.08,Wheat,Sowing,MOP,,
7.49,116,85,110,31.63,37.7,1948.48,Tomato,Sowing,Compost,,
8.15,69,62,96,22.66,47.77,2752,Tomato,Vegetative,Zinc Sulphate,,
7.52,139,64,82,14.84,73.77,1819.38,Tomato,Flowering,MOP,,
5.41,135,33,92,12.86,30.32,2113.93,Potato,Vegetative,DAP,,
8.05,81,21,117,30.88,62.56,1972.93,Maize,Vegetative,DAP,,
6.05,22,64,73,24.47,39.53,894.51,Rice,Flowering,Urea,,
6.8,155,56,81,10.27,31.35,2896.26,Maize,Flowering,Urea,,
7.83,67,36,55,34.74,68.5,1522.76,Wheat,Harvest,DAP,,
5.25,133,27,87,28.58,66.18,475.5,Tomato,Flowering,DAP,,
7.64,115,60,60,11.15,74.06,2994.36,Cotton,Harvest,MOP,,
6.88,76,69,101,19.14,67.09,2020.06,Cotton,Sowing,DAP,,
8.07,104,66,108,31.67,56.52,1903.74,Sugarcane,Harvest,Zinc Sulphate,,
5.19,109,76,80,11.77,58.72,2766.43,Sugarcane,Vegetative,Compost,,
6.18,138,11,15,32.09,43.21,1717.24,Potato,Vegetative,DAP,,
7.83,97,20,39,25.15,35.02,1209.12,Tomato,Sowing,DAP,,
4.58,47,22,110,33.49,81.65,689.27,Sugarcane,Sowing,Urea,,
4.95,111,49,25,35.66,71.48,2469.63,Potato,Vegetative,MOP,,
8.46,104,15,116,33.03,37.38,1126.82,Rice,Harvest,DAP,,
5.62,131,21,66,12.34,45.85,1645.92,Potato,Sowing,DAP,,
8.4,137,52,74,23.81,81.79,1624.87,Sugarcane,Sowing,Zinc Sulphate,,
5.23,57,81,115,19.56,87.59,2273.11,Cotton,Flowering,Urea,,
5.94,84,82,70,25.25,77.47,2115.69,Potato,Vegetative,NPK,,
7.51,45,13,26,38.97,64.2,1386.02,Tomato,Flowering,Urea,,
7.13,46,46,72,13.73,82.15,1392.91,Maize,Sowing,Urea,,
6.82,41,45,16,35.97,67.61,956.93,Wheat,Flowering,Urea,,
6.62,120,41,44,39.73,71.96,1154.57,Sugarcane,Vegetative,NPK,,
7.87,86,66,78,39.7,79.62,2192.11,Rice,Vegetative,Zinc Sulphate,,
5.44,88,21,100,33.9,51.24,1774.54,Maize,Vegetative,DAP,,
6.27,101,27,39,23.97,77.07,342.94,Tomato,Harvest,DAP,,
5.12,117,70,53,15.34,42.42,1622.92,Potato,Sowing,Compost,,
6.88,34,40,115,28.25,41.66,2874.12,Cotton,Flowering,Urea,,
5.5,145,49,108,28.31,78.68,506.03,Rice,Sowing,Compost,,
5.84,133,55,89,19.49,63.83,493.73,Wheat,Flowering,SSP,,
6.39,123,48,15,28.5,54.83,2069.72,Tomato,Sowing,MOP,,
4.61,70,72,89,13.5,61.41,2881.69,Potato,Harvest,Compost,,
4.87,116,64,65,29.02,88.68,274.77,Potato,Sowing,Compost,,
7.24,71,49,17,36.9,83.65,1164.69,Potato,Vegetative,MOP,,
6.22,77,38,93,24.16,60.45,387.6,Sugarcane,Flowering,DAP,,
7.96,88,20,104,32.94,62.83,944.29,Wheat,Flowering,DAP,,
7.28,142,48,29,29.07,66.85,1752.65,Wheat,Flowering,MOP,,
4.53,56,53,82,10.09,77.45,1437.94,Cotton,Vegetative,Urea,,
6.97,94,29,39,13.66,82.43,1217.31,Maize,Harvest,DAP,,
4.87,127,36,71,33.25,38.79,789.89,Sugarcane,Sowing,DAP,,
7.62,54,47,86,11.21,67.69,1934.46,Cotton,Harvest,Urea,,
8.47,58,85,35,38.69,43.63,1812.12,Maize,Flowering,Urea,,
6.62,137,20,75,36.82,67.31,2056.63,Maize,Flowering,DAP,,
7.23,107,45,70,20.87,40.28,2420.99,Rice,Harvest,Zinc Sulphate,,
5.45,33,41,114,19.31,78.48,2242.51,Tomato,Flowering,Urea,,
6.25,66,71,70,28.39,69.66,2880.37,Tomato,Sowing,Compost,,
7.92,126,25,54,28.35,81.96,674.37,Tomato,Flowering,DAP,,
5.17,96,51,55,12.67,86.67,2863.94,Cotton,Flowering,Compost,,
5.56,121,40,33,16.46,86.04,682,Cotton,Sowing,MOP,,
6.28,36,79,86,29.09,38.71,2559.95,Maize,Harvest,Urea,,
7.35,143,22,25,34.02,52.61,2407.64,Sugarcane,Flowering,DAP,,
6,143,45,91,15.76,58.99,2064.99,Rice,Harvest,Urea,,
8.21,136,84,25,31.06,77.34,2177.49,Potato,Vegetative,MOP,,
4.88,101,20,75,36.11,30.89,2136.27,Tomato,Sowing,DAP,,
5.98,154,57,10,13.53,85.53,1683.76,Potato,Vegetative,MOP,,
7.34,74,29,83,23.17,54.43,291.44,Potato,Flowering,DAP,,
5.4,95,38,34,35.52,67.87,1822.77,Tomato,Vegetative,DAP,,
7.13,139,28,23,21.12,88.84,1289.56,Sugarcane,Harvest,DAP,,
5.16,48,15,90,18.08,82.96,962.63,Wheat,Sowing,Urea,,
4.72,105,65,91,32.37,51.73,1572.35,Maize,Sowing,Compost,,
4.98,21,27,16,22.02,59.07,2574.71,Potato,Sowing,Urea,,
8.22,66,85,30,31.19,76.2,1819.39,Potato,Sowing,MOP,,
6.71,119,51,102,13.79,74.61,2901.33,Wheat,Flowering,SSP,,
7.69,76,69,100,26.61,72.29,1377.6,Sugarcane,Harvest,MOP,,
5.83,141,65,58,21.38,30.64,671.19,Potato,Flowering,Compost,,
6.87,117,12,13,39.92,41.94,1081.04,Tomato,Sowing,DAP,,
6.48,144,89,21,27.74,43.3,605.07,Rice,Harvest,MOP,,
8.28,157,48,31,30.46,45.04,2117.66,Maize,Flowering,MOP,,
7.49,58,52,113,13.93,35.77,646.65,Tomato,Vegetative,Urea,,
7.42,28,37,43,39.76,78.4,1651.1,Maize,Harvest,Urea,,
4.69,44,51,35,11.54,50.48,2785.57,Potato,Harvest,Urea,,
6.7,34,18,37,12.13,76.54,1414.81,Rice,Vegetative,Urea,,
6.37,132,27,28,12.27,85.89,1327.62,Potato,Sowing,DAP,,
8.21,110,30,40,36.12,48.78,768.77,Tomato,Vegetative,DAP,,
5.53,158,35,23,31.86,57.23,2310.61,Potato,Harvest,DAP,,
5.58,27,32,96,39.19,35.25,1051.9,Cotton,Vegetative,Urea,,
6.15,34,19,90,12,47.69,2973.13,Potato,Vegetative,Urea,,
5.47,96,53,32,30.75,62.77,666.93,Sugarcane,Sowing,MOP,,
5.02,144,22,90,26,40.81,206.28,Maize,Vegetative,DAP,,
7.93,97,62,17,29.17,62.22,1710.37,Tomato,Sowing,MOP,,
6.73,66,46,47,25.39,48.77,392.2,Maize,Harvest,Compost,,
7.95,138,65,19,30.26,89.4,1235.05,Wheat,Flowering,MOP,,
7.82,66,68,39,37.21,52.54,1464.61,Wheat,Vegetative,MOP,,
5.63,37,21,16,27.62,32.34,895.31,Rice,Vegetative,Urea,,
6.69,115,12,11,36.89,58.38,2938.75,Rice,Harvest,DAP,,
4.83,52,23,31,33.46,50.04,1165.52,Tomato,Harvest,Urea,,
8.16,148,44,14,35.95,52.2,605.17,Potato,Flowering,MOP,,
6.12,111,39,76,29.78,52.23,304.49,Cotton,Flowering,DAP,,
6.07,36,80,82,25.56,82.87,1066.38,Potato,Sowing,Urea,,
5.71,65,75,78,12.09,59.9,2498.98,Maize,Vegetative,NPK,,
6.34,98,27,65,35.05,45.17,888.61,Sugarcane,Harvest,DAP,,
5.51,114,35,29,17.26,77.55,1876.39,Cotton,Flowering,DAP,,
6,22,55,102,11.1,56.61,2969.52,Sugarcane,Vegetative,Urea,,
7.7,75,21,79,25.57,38.72,1162.05,Sugarcane,Flowering,DAP,,
7.84,159,67,77,28.98,89.91,1924.77,Potato,Vegetative,Zinc Sulphate,,
5.72,45,66,109,29.85,31.64,1878.68,Potato,Harvest,Urea,,
6.38,79,41,66,30.09,72.55,1864.03,Maize,Flowering,MOP,,
8,77,73,30,29.61,80.85,2869.49,Rice,Flowering,MOP,,
4.71,27,83,26,34.25,51.23,2400.6,Rice,Flowering,Urea,,
8.06,45,75,88,33.08,39.44,224.7,Rice,Flowering,Urea,,
5.38,129,46,36,34.39,56.19,278.13,Sugarcane,Vegetative,MOP,,
7.21,68,23,48,23.81,58.95,312.11,Tomato,Flowering,DAP,,
6.83,62,19,92,11.88,89.98,1220.88,Tomato,Vegetative,DAP,,
6.71,40,74,116,29.19,31.17,1430.97,Tomato,Vegetative,Urea,,
7.94,118,73,76,16.31,69.35,2460.18,Potato,Flowering,Zinc Sulphate,,
4.91,150,50,101,35.79,78.27,1981.62,Cotton,Flowering,Compost,,
5.89,108,30,95,31.65,67.07,2999.93,Rice,Flowering,DAP,,
6.65,40,78,79,32.98,67.8,2423.31,Potato,Harvest,Urea,,
7.75,33,18,104,18.59,82.52,2645.77,Maize,Vegetative,Urea,,
5.37,155,18,78,28.99,63.91,709.55,Tomato,Vegetative,DAP,,
7.71,26,27,22,25.84,82.9,1996,Potato,Flowering,Urea,,
6.1,118,78,107,18.05,42.61,617.24,Wheat,Sowing,Compost,,
5.26,149,71,59,34.37,60.97,2089.92,Potato,Harvest,Compost,,
7.54,88,25,19,26.5,32.02,2467.04,Wheat,Vegetative,DAP,,
4.86,85,13,65,15.72,78.21,1040.76,Tomato,Harvest,DAP,,
6.56,37,30,113,19.16,76.64,668.2,Cotton,Harvest,Urea,,
4.76,31,53,113,16.81,62.34,864.75,Wheat,Harvest,Urea,,
5.93,127,87,53,19.37,53.75,2470.63,Wheat,Vegetative,NPK,,
6.9,79,85,37,15.65,52.21,1731.77,Wheat,Flowering,MOP,,
6.72,73,36,94,21.13,42.07,1702.1,Wheat,Sowing,DAP,,
6.12,59,43,46,30.82,55.67,1814.93,Potato,Flowering,Urea,,
6.22,23,13,45,38.78,48.23,1578.47,Tomato,Sowing,Urea,,
5.41,40,60,65,16.32,64.66,2617.51,Wheat,Vegetative,Urea,,
6.32,110,11,101,18.99,77.19,1620.85,Tomato,Sowing,DAP,,
8.31,60,41,86,10.06,71.65,1868.69,Tomato,Flowering,Zinc Sulphate,,
7.9,115,11,66,16.76,60.84,2943.43,Rice,Vegetative,DAP,,
5.08,55,67,45,22.55,86.92,1474.9,Sugarcane,Flowering,Urea,,
4.62,141,31,10,23.85,41.84,723.99,Maize,Harvest,DAP,,
8.23,36,28,52,17.99,68.4,1776.32,Maize,Harvest,Urea,,
6.61,110,29,18,14.51,35.28,2172.94,Maize,Flowering,DAP,,
6.65,154,27,93,26.89,70.38,550.47,Wheat,Flowering,DAP,,
7.62,137,59,116,22.28,73.52,653.55,Cotton,Harvest,Urea,,
5.76,121,23,115,22.79,76.96,268.23,Tomato,Sowing,DAP,,
6.43,81,29,90,36.85,69.83,2284.26,Sugarcane,Flowering,DAP,,
8.37,137,54,76,26.84,37.36,766,Maize,Harvest,Zinc Sulphate,,
7.19,103,56,41,21.65,32.66,2723.04,Maize,Sowing,NPK,,
5.11,76,66,108,17.61,72.86,1643.23,Rice,Vegetative,Compost,,
5.03,118,40,79,22.86,77.89,2874.67,Potato,Sowing,Compost,,
5.32,52,61,67,35.86,31.96,1272.56,Maize,Harvest,Urea,,
7.57,45,88,61,38.95,39,2876.29,Sugarcane,Flowering,Urea,,
5.68,107,55,79,21.32,77.42,2937.35,Potato,Vegetative,NPK,,
4.59,43,16,98,16.27,88.07,564.1,Potato,Flowering,Urea,,
8.28,50,58,37,37.44,61.23,549.84,Cotton,Vegetative,Urea,,
5.18,46,32,112,14.33,39.2,1385.83,Rice,Vegetative,Urea,,
4.54,68,50,74,18.92,49.28,1358.9,Sugarcane,Sowing,Compost,,
5.45,92,13,49,16.12,76.89,2019.77,Maize,Flowering,DAP,,
5.44,35,40,89,26.97,62.59,515.43,Rice,Harvest,Urea,,
6.19,128,56,29,22.26,33.47,2317.72,Cotton,Vegetative,MOP,,
8.18,153,27,97,18.61,48.51,829.83,Sugarcane,Flowering,DAP,,
8.02,106,83,88,33.04,75.17,621.73,Cotton,Sowing,Zinc Sulphate,,
6.33,130,16,19,29.92,49.55,2424.67,Cotton,Sowing,DAP,,
6.14,140,47,85,39.87,55.94,424.82,Wheat,Flowering,Urea,,
6.72,28,54,71,19.36,84.3,2192.46,Sugarcane,Vegetative,Urea,,
5.47,109,37,46,35.36,89.08,511.21,Potato,Sowing,DAP,,
4.71,32,68,108,19.08,75.43,2272.17,Maize,Sowing,Urea,,
8.26,154,27,69,10.27,44.41,2413.51,Rice,Harvest,DAP,,
5.25,37,18,100,14.53,44.59,1837.06,Sugarcane,Vegetative,Urea,,
5.29,120,25,86,25.25,48.26,1185.06,Tomato,Harvest,DAP,,
6.39,64,71,103,34.3,39.63,861.43,Sugarcane,Vegetative,NPK,,
6.47,51,49,76,11.72,40.73,2464.96,Rice,Sowing,Urea,,
4.57,26,67,61,34.96,45.36,499.03,Sugarcane,Sowing,Urea,,
5.09,39,75,44,31.48,69.59,2928.51,Sugarcane,Harvest,Urea,,
6.01,141,78,71,11.04,66.75,2381.53,Rice,Vegetative,NPK,,
7.23,129,28,21,13.19,50.45,2133.06,Sugarcane,Sowing,DAP,,
5.41,33,87,38,12.27,41.8,2968.16,Potato,Flowering,Urea,,
6.19,28,36,39,30.37,67.44,2128.44,Rice,Sowing,Urea,,
6.73,119,39,31,26.83,37.85,491.1,Rice,Harvest,DAP,,
8.05,109,54,90,20.77,38.77,1103.28,Maize,Flowering,Zinc Sulphate,,
5.8,112,87,62,12.65,53,1839.19,Sugarcane,Vegetative,NPK,,
5.03,35,40,100,21.79,64.04,1811.15,Maize,Flowering,Urea,,
6.46,155,45,31,30.47,73.7,228.16,Maize,Vegetative,MOP,,
7.49,98,48,69,12.8,71.22,927.94,Tomato,Vegetative,NPK,,
4.94,133,59,58,35.7,52.71,2261.62,Maize,Flowering,Compost,,
6.2,157,47,58,11.89,69.28,2046.88,Wheat,Harvest,DAP,,
4.57,43,20,16,28.25,42.68,2713.09,Cotton,Vegetative,Urea,,
4.63,155,83,55,15.67,59.62,2888.57,Potato,Harvest,Compost,,
6.43,20,25,20,12.75,66.92,2634.67,Sugarcane,Flowering,Urea,,
5.69,93,60,25,20.65,74.66,1748.78,Maize,Flowering,MOP,,
7.88,130,84,63,30.01,34.78,1720.31,Potato,Sowing,Zinc Sulphate,,
6.91,121,48,66,13.63,36.07,1234.59,Wheat,Sowing,MOP,,
6.32,50,32,45,24.27,34.43,2716.62,Wheat,Flowering,Urea,,
6.13,96,74,60,22.18,62.79,2525.81,Sugarcane,Flowering,Urea,,
6.49,81,58,31,22.82,64.2,2381.21,Sugarcane,Flowering,MOP,,
4.66,54,70,113,38.3,30.66,2379.57,Cotton,Sowing,Urea,,
8.07,41,63,46,20.47,69.4,2576.79,Cotton,Harvest,Urea,,
8.49,154,22,12,39.75,75.8,2772.91,Wheat,Harvest,DAP,,
5.23,153,81,44,26.15,37,2498.91,Rice,Harvest,Compost,,
4.98,31,33,47,35.27,50.24,2482.12,Maize,Sowing,Urea,,
5.07,150,58,115,20.47,81,2048.88,Sugarcane,Vegetative,Compost,,
7.14,119,46,64,12.54,71.23,1482.7,Tomato,Vegetative,NPK,,
7.15,62,35,50,12.53,48.28,1742.49,Sugarcane,Harvest,DAP,,
7.89,93,51,47,27.22,74.53,1698.88,Cotton,Harvest,Zinc Sulphate,,
7.51,27,12,97,37.9,83.24,2507.77,Maize,Flowering,Urea,,
6.3,42,70,43,12.14,48.56,944.73,Sugarcane,Sowing,Urea,,
6.95,62,52,108,30.67,71.06,1216.84,Cotton,Vegetative,NPK,,
7.25,43,82,20,26.9,35.61,1760.09,Rice,Harvest,Urea,,
6.55,150,74,88,29.57,33.52,2957.86,Maize,Flowering,MOP,,
6.4,106,27,23,16.47,65.18,1570.25,Maize,Harvest,DAP,,
7.08,159,76,118,12.12,59.55,554.05,Cotton,Harvest,Compost,,
6.73,65,23,90,12.24,78.61,2087.4,Tomato,Vegetative,DAP,,
7.08,130,73,30,17.4,76.82,1925.71,Cotton,Flowering,MOP,,
6.95,65,41,37,16.41,47.2,2570.46,Wheat,Flowering,MOP,,
7.38,101,77,116,13.79,60.74,2593.67,Sugarcane,Harvest,MOP,,
7.07,77,69,111,17.94,75.35,925.54,Rice,Sowing,Urea,,
6.58,104,30,95,26.02,46.26,326.97,Cotton,Harvest,DAP,,
7.23,44,36,69,38.49,51.72,2398.05,Wheat,Sowing,Urea,,
6.3,121,14,43,37.67,33.59,2026.67,Sugarcane,Vegetative,DAP,,
5.47,93,76,74,18.15,37.83,595.81,Maize,Vegetative,Compost,,
4.51,63,50,96,11.99,66.61,2959.51,Maize,Sowing,Compost,,
6.74,156,11,105,39.87,59.81,2792.6,Wheat,Vegetative,DAP,,
6.86,111,52,13,24.29,40.12,2224.76,Rice,Vegetative,MOP,,
8.39,101,10,114,39.35,30.44,350.39,Sugarcane,Harvest,DAP,,
5.95,158,32,116,26.13,40.14,797.31,Wheat,Sowing,DAP,,
6.08,121,72,65,36.59,74.98,1108.8,Maize,Sowing,SSP,,
5.31,85,57,79,23.42,35.62,356.53,Cotton,Sowing,Compost,,
4.78,41,34,89,28.66,54.15,2516.68,Maize,Flowering,Urea,,
7.59,106,76,19,26.07,44.33,414.53,Rice,Sowing,MOP,,
5.5,128,86,44,16.6,62.96,775.1,Maize,Flowering,MOP,,
6.94,109,56,97,32.91,60.69,1092.98,Rice,Harvest,DAP,,
7.25,60,65,19,11.64,88.98,1129.42,Maize,Sowing,MOP,,
6.38,142,68,85,20.87,76.37,942.29,Maize,Sowing,Urea,,
8.01,131,25,72,36.1,86.3,2940.08,Rice,Vegetative,DAP,,
6.28,112,56,106,25.08,64.68,2890.3,Rice,Flowering,DAP,,
5.64,102,63,100,12.33,74.27,1936.84,Tomato,Sowing,MOP,,
8.08,67,56,34,16.23,83.7,550.32,Rice,Harvest,MOP,,
7.95,46,61,83,13.29,32.46,2178.7,Maize,Vegetative,Urea,,
5.16,113,27,98,18.33,84.93,2931.22,Rice,Harvest,DAP,,
4.6,111,55,41,14.96,42.71,2995.34,Potato,Vegetative,Compost,,
4.86,75,35,115,31.36,72.3,1926.49,Sugarcane,Harvest,DAP,,
5.65,154,27,65,29.78,76.4,728.04,Tomato,Vegetative,DAP,,
8.39,89,58,35,14.05,36.56,2528.71,Cotton,Harvest,MOP,,
6.73,40,74,77,23.35,87.19,1943.73,Tomato,Harvest,Urea,,
5.99,66,16,82,18.88,85.59,1465.96,Tomato,Harvest,DAP,,
8.05,79,39,36,20.12,69.27,619.92,Wheat,Flowering,DAP,,
6.31,131,34,82,27.28,39.32,871.41,Maize,Flowering,DAP,,
5.76,109,34,117,36.96,63.96,1820.27,Rice,Flowering,DAP,,
8.26,36,36,99,36.92,50.65,929.83,Rice,Vegetative,Urea,,
7.9,45,44,20,22.39,85.85,1538.06,Tomato,Sowing,Urea,,
7.87,25,39,62,21.8,54.4,2203.63,Sugarcane,Vegetative,Urea,,
6.55,29,23,111,25.54,71.62,2964.61,Maize,Flowering,Urea,,
7.66,100,44,41,24.22,68.22,322.95,Wheat,Flowering,MOP,,
5.22,150,43,68,11.85,46.26,2430.96,Maize,Sowing,Compost,,
6.79,78,24,39,27.36,62.13,558.02,Potato,Harvest,DAP,,
8.44,131,16,112,27.54,54.6,2841.89,Cotton,Vegetative,DAP,,
5.66,99,22,18,23.51,52.48,2355.89,Maize,Sowing,DAP,,
7.68,67,49,20,22.42,81.84,1313.99,Wheat,Vegetative,MOP,,
6.46,110,69,96,38.17,38.39,1635.24,Cotton,Flowering,NPK,,
4.66,152,43,26,28.02,54.62,2094.77,Potato,Vegetative,MOP,,
7.55,95,22,105,34.49,30.41,1770.86,Cotton,Harvest,DAP,,
5.17,104,13,20,38.62,45.71,2944.13,Wheat,Flowering,DAP,,
7.03,26,22,66,34.3,67.3,2996.15,Sugarcane,Vegetative,Urea,,
4.84,28,57,95,38.29,35.25,359.73,Rice,Flowering,Urea,,
8.29,108,22,59,32.78,46.27,2238.08,Sugarcane,Vegetative,DAP,,
5.67,56,42,105,15.1,82.81,2290.99,Cotton,Harvest,Urea,,
5.41,154,32,82,16.81,71.51,2412.37,Wheat,Flowering,DAP,,
5.02,36,76,90,15.82,34.22,2767.82,Sugarcane,Harvest,Urea,,
8.28,138,41,62,19.66,89.54,1861.43,Sugarcane,Vegetative,Zinc Sulphate,,
7.35,60,64,98,20.65,86.71,912.72,Rice,Flowering,Urea,,
7.47,83,12,89,34.34,38.5,2080.67,Sugarcane,Vegetative,DAP,,
6.5,102,21,119,20.83,85.31,1104.27,Maize,Vegetative,DAP,,
6.4,76,65,106,31.82,63,1159.08,Potato,Flowering,SSP,,
4.94,64,77,75,37.11,85.76,1916.28,Tomato,Vegetative,Compost,,
6.74,92,42,52,13.44,88.08,1009.36,Wheat,Flowering,Urea,,
5.49,128,41,48,10.01,71.61,2144.62,Tomato,Flowering,Compost,,
8.41,129,26,51,36.66,47.48,2588.73,Sugarcane,Harvest,DAP,,
7.69,155,61,85,17.15,85.48,2959.34,Rice,Harvest,NPK,,
6.15,129,82,116,14.6,64.41,671.51,Cotton,Sowing,MOP,,
5.11,128,14,43,18.86,50.49,1474.98,Maize,Vegetative,DAP,,
7.64,110,30,34,15.58,57.6,2273.87,Maize,Vegetative,DAP,,
4.99,106,12,87,33.81,54.37,1816.69,Rice,Flowering,DAP,,
5.26,157,76,18,29.04,86.12,380.87,Cotton,Harvest,MOP,,
5.35,63,46,103,15.02,79.19,1174.53,Sugarcane,Vegetative,Compost,,
6.73,67,44,21,27.51,31.88,2422.45,Maize,Vegetative,MOP,,
7.65,90,42,19,16.24,30.59,1579.9,Wheat,Vegetative,MOP,,
5.76,21,63,97,15.93,34.16,2144.24,Maize,Vegetative,Urea,,
4.84,99,12,43,27.86,66.62,1993.45,Maize,Flowering,DAP,,
6.36,137,57,85,29.94,78.87,2841.37,Maize,Flowering,Zinc Sulphate,,
7.49,25,27,35,20.39,60.9,2602.86,Maize,Flowering,Urea,,
5.39,99,12,105,32.9,62.08,1162.64,Tomato,Sowing,DAP,,
5.38,108,14,44,35.12,44.43,1593.55,Cotton,Sowing,DAP,,
8.29,64,18,86,37.49,57.56,1533.85,Rice,Sowing,DAP,,
8.32,29,85,92,28.78,45.41,981.06,Maize,Sowing,Urea,,
8.46,156,25,65,16.6,46.44,1939.03,Sugarcane,Harvest,DAP,,
7.73,51,82,86,32.45,53.47,929.51,Rice,Sowing,Urea,,
5.25,21,59,65,13.24,32.85,647.07,Maize,Flowering,Urea,,
5.35,40,66,95,15.44,87.3,508.83,Maize,Sowing,Urea,,
5.86,150,66,57,34.98,84.86,1002.09,Tomato,Sowing,Urea,,
5.77,112,26,32,37.32,77.78,1525.01,Potato,Vegetative,DAP,,
8.33,140,74,74,12,64.11,523.84,Wheat,Sowing,Zinc Sulphate,,
7.66,42,66,17,19.36,78.78,2092.22,Cotton,Flowering,Urea,,
7.4,55,72,118,28.88,88.45,2636.67,Rice,Sowing,Urea,,
5.24,33,76,112,38.16,47.02,1395.85,Maize,Vegetative,Urea,,
8.14,34,14,107,27.12,51.86,2645.1,Rice,Flowering,Urea,,
7.81,54,31,22,34.63,73.74,622.75,Tomato,Harvest,Urea,,
5.15,139,10,117,37.68,68.57,417.05,Tomato,Flowering,DAP,,
7.98,41,56,58,25.57,79.49,2478.81,Cotton,Vegetative,Urea,,
5.59,55,58,114,32.21,50.82,2929.35,Tomato,Flowering,Urea,,
4.82,34,13,19,29.87,48.63,1153.75,Rice,Flowering,Urea,,
7.13,140,31,12,30.14,65.13,2040.47,Wheat,Flowering,DAP,,
7.12,115,64,37,25.51,38.75,2032.64,Rice,Vegetative,MOP,,
4.88,119,41,36,28.7,32.37,2119.4,Rice,Sowing,MOP,,
5.78,108,75,94,26.63,44.65,1802.37,Wheat,Harvest,Compost,,
8.47,93,78,20,29.13,39.5,918.01,Cotton,Vegetative,MOP,,
7.21,45,80,97,25.16,30.4,426.32,Tomato,Flowering,Urea,,
7.42,49,17,21,16.67,76.68,238.15,Sugarcane,Vegetative,Urea,,
5.35,141,45,16,30.81,62.59,704.85,Cotton,Vegetative,MOP,,
4.82,122,21,51,21.52,70.14,535.95,Maize,Sowing,DAP,,
5.61,159,37,105,13.83,39.78,307.02,Maize,Vegetative,DAP,,
5.5,50,11,19,35.54,45.4,453.23,Wheat,Sowing,Urea,,
5.44,128,87,70,15.44,33.61,336.54,Rice,Sowing,Compost,,
5.27,130,28,73,26.22,89.85,1734.7,Wheat,Flowering,DAP,,
6.8,130,58,37,31.63,36.19,360.03,Rice,Sowing,MOP,,
5.81,101,46,35,29.43,35.42,2989.33,Potato,Vegetative,MOP,,
7.78,21,61,102,14.83,66.85,1604.89,Maize,Harvest,Urea,,
5.24,97,69,100,15.82,49.91,2723.14,Potato,Vegetative,Compost,,
6.36,53,51,61,14.47,83.25,1565.88,Maize,Sowing,Urea,,
4.55,79,16,83,12.18,79.89,580.46,Rice,Sowing,DAP,,
6.43,53,51,13,18.5,82.09,2553.77,Sugarcane,Vegetative,Urea,,
4.72,146,66,115,25.72,74.11,865.65,Potato,Vegetative,Compost,,
8.41,38,25,31,15.19,37.91,313.26,Potato,Flowering,Urea,,
7.66,71,34,19,39.13,33.82,734.82,Tomato,Harvest,DAP,,
6.46,63,47,13,30.96,33.88,1878.58,Sugarcane,Sowing,MOP,,
4.85,105,53,16,27.5,78.11,1417.05,Maize,Harvest,MOP,,
6.87,57,47,72,30.44,69.43,652.54,Cotton,Harvest,Urea,,
7.54,111,54,96,23.08,88.86,1692.37,Wheat,Sowing,MOP,,
5.26,32,39,76,24.1,68.61,2868.55,Wheat,Flowering,Urea,,
6.77,112,25,97,36.66,44.96,2234.51,Cotton,Flowering,DAP,,
7.76,61,13,110,31.66,35.37,393.88,Wheat,Flowering,DAP,,
7.57,115,44,39,27.65,51.94,1095.4,Potato,Sowing,MOP,,
7.71,67,70,114,38.51,41.98,2138.7,Rice,Sowing,Urea,,
8.02,65,14,85,29.88,67.7,592.39,Tomato,Vegetative,DAP,,
8.25,133,87,30,21.96,35.76,1708.23,Rice,Sowing,MOP,,
6.12,97,50,57,11.42,76.35,1729.13,Sugarcane,Flowering,MOP,,
6.78,76,50,116,21.72,71.79,447.64,Rice,Vegetative,NPK,,
7.66,71,37,26,37.74,74.18,1897.16,Cotton,Sowing,DAP,,
7.29,41,19,76,11.34,87.93,2720.2,Potato,Sowing,Urea,,
8.48,36,61,88,15.54,69.03,2024.81,Wheat,Harvest,Urea,,
4.55,116,41,109,34.26,77.31,2763.35,Tomato,Vegetative,Compost,,
5.92,121,85,105,20.95,35.12,1917.93,Rice,Harvest,SSP,,
5.62,45,54,18,15.58,86.59,2305.04,Wheat,Harvest,Urea,,
5.55,90,25,49,34.47,43.11,2699.32,Rice,Harvest,DAP,,
5.39,60,73,95,26.75,59.58,1497.37,Sugarcane,Vegetative,Compost,,
7.34,69,44,109,26.45,87.43,642.35,Sugarcane,Flowering,DAP,,
4.84,47,89,105,18.81,40.76,534.02,Potato,Sowing,Urea,,
7.47,93,26,68,30.25,32.13,2869.8,Rice,Flowering,DAP,,
7.27,147,51,78,35.85,47.82,1731.39,Tomato,Harvest,DAP,,
5.5,85,31,50,32.51,39.38,2112.68,Wheat,Harvest,DAP,,
5.51,133,59,77,28.37,70.08,1913.01,Maize,Sowing,NPK,,
7.02,32,30,57,20.52,46.7,1781.82,Wheat,Sowing,Urea,,
7.55,20,55,70,35.64,33.77,1766.36,Sugarcane,Vegetative,Urea,,
8.01,108,66,14,26.98,83.58,1524.52,Sugarcane,Sowing,MOP,,
7.91,29,14,16,36.69,32.97,2676.37,Sugarcane,Harvest,Urea,,
8.36,146,61,84,17.63,46.28,538.49,Wheat,Sowing,Zinc Sulphate,,
6.83,73,40,112,29.63,44.42,2204.39,Tomato,Flowering,Urea,,
8.13,90,42,15,38.06,31.41,2106.11,Maize,Harvest,MOP,,
7.73,69,56,38,21.22,39.91,374.72,Sugarcane,Sowing,MOP,,
8.08,78,12,60,38.54,78.89,807.76,Maize,Harvest,DAP,,
4.55,25,62,90,21.77,32.25,2405.59,Tomato,Harvest,Urea,,
8.36,128,65,37,23.13,31.39,854.57,Tomato,Harvest,MOP,,
6.39,51,27,66,34.19,68.04,1817.66,Rice,Vegetative,Urea,,
7.69,72,37,72,17.82,35.34,434.4,Wheat,Flowering,DAP,,
5.01,127,24,47,31.18,52.29,824.07,Sugarcane,Sowing,DAP,,
6.08,88,59,92,18.95,30.13,2694.43,Rice,Sowing,Urea,,
5.59,102,42,58,27.81,51.74,1213.03,Cotton,Harvest,Urea,,
5.67,21,37,117,33.28,49.08,2456.46,Maize,Sowing,Urea,,
4.99,62,55,21,10.78,66.76,1539.71,Sugarcane,Harvest,MOP,,
7.72,59,81,54,12.65,59.95,1102.36,Maize,Flowering,Urea,,
4.54,23,10,111,38.03,70.71,1786.38,Rice,Harvest,Urea,,
5.75,94,80,92,34.47,86.15,1695.13,Sugarcane,Flowering,SSP,,
5.2,124,64,106,36.31,77.71,2957.38,Wheat,Vegetative,Compost,,
6.86,141,67,54,23.17,86.01,1164.4,Tomato,Harvest,DAP,,
5.52,33,87,14,31.49,33.25,2030.35,Rice,Sowing,Urea,,
5.54,118,30,74,39.95,89.42,2130.73,Cotton,Vegetative,DAP,,
6.45,128,65,44,22.98,49.32,1953.75,Sugarcane,Sowing,NPK,,
7.11,150,79,44,35.4,46.6,1541.85,Potato,Sowing,NPK,,
4.99,40,26,40,12.38,54.21,2393.73,Tomato,Sowing,Urea,,
5.2,80,87,45,26.32,77,2350.92,Sugarcane,Sowing,Compost,,
5.49,21,16,49,20,87.26,2885.3,Tomato,Sowing,Urea,,
8.39,29,88,108,25.69,63.25,2935.5,Rice,Vegetative,Urea,,
6.09,110,81,49,13.42,39.26,802.7,Maize,Flowering,Urea,,
6.9,137,69,70,21.03,42.84,2032.44,Tomato,Harvest,Zinc Sulphate,,
5.47,95,57,21,12.3,54.32,2598.13,Cotton,Vegetative,MOP,,
6.46,99,19,91,23.59,51.95,2894.47,Cotton,Vegetative,DAP,,
4.8,27,50,101,23.25,44.3,599.69,Sugarcane,Vegetative,Urea,,
4.64,120,28,22,19.89,81.01,2857.44,Wheat,Vegetative,DAP,,
6.37,108,71,39,38.45,46.81,831.3,Sugarcane,Harvest,MOP,,
6.09,66,75,49,12.49,65.57,1802.86,Wheat,Sowing,Compost,,
5.05,101,17,26,34.75,58.76,2032.01,Wheat,Flowering,DAP,,
7.25,143,39,82,20.65,85.41,2662.65,Sugarcane,Sowing,DAP,,
8.47,27,45,112,15.98,67.74,2450.29,Rice,Sowing,Urea,,
6.08,49,59,31,18.18,49.93,2816.68,Wheat,Harvest,Urea,,
7,110,11,65,37.06,68.32,2404.64,Rice,Flowering,DAP,,
8.35,135,14,71,34.75,49.13,1148.46,Rice,Sowing,DAP,,
7.83,124,55,66,10.47,35.45,700.78,Potato,Vegetative,Zinc Sulphate,,
6.35,97,86,24,14.42,59.11,635.84,Rice,Sowing,MOP,,
7.45,83,49,102,30.25,81.61,445.1,Cotton,Vegetative,NPK,,
5.01,49,66,63,19.52,84.55,2810.72,Sugarcane,Flowering,Urea,,
6.55,77,20,25,37.57,62.62,1561.35,Tomato,Vegetative,DAP,,
5.62,50,81,93,33.6,71.97,2903.03,Potato,Sowing,Urea,,
5.14,109,47,98,36.25,66.64,2369.68,Maize,Harvest,Compost,,
6.21,119,26,113,15.79,78.65,2870.58,Tomato,Sowing,DAP,,
5.02,147,84,33,14.52,36.19,2632,Rice,Vegetative,MOP,,
7.3,78,35,89,37.96,54.08,1833.33,Cotton,Flowering,DAP,,
6.32,130,48,89,22.13,45.18,832.33,Wheat,Harvest,NPK,,
6.62,135,76,34,22.47,30.39,911.33,Potato,Sowing,MOP,,
5.09,31,34,55,30.54,79.8,1239.86,Sugarcane,Flowering,Urea,,
5.06,64,39,64,21.92,38.05,268.03,Tomato,Sowing,DAP,,
6.83,85,55,10,36.26,49.4,2067.15,Potato,Harvest,MOP,,
8.44,123,50,59,38.77,82.01,1754.48,Maize,Sowing,Zinc Sulphate,,
4.89,117,59,59,19.98,73.28,482.87,Rice,Flowering,Compost,,
5.64,88,53,42,16.24,64.06,2509.67,Cotton,Harvest,Urea,,
7.98,24,19,80,12.26,48.62,2503.49,Sugarcane,Flowering,Urea,,
4.79,82,82,111,16.43,60.92,532,Maize,Flowering,Compost,,
8,23,11,118,14.18,33.37,770.89,Tomato,Harvest,Urea,,
6.6,134,30,101,10.87,73.64,901.09,Potato,Harvest,DAP,,
6.13,60,84,112,11.4,44.24,1671.81,Potato,Harvest,SSP,,
5.74,159,83,37,25.28,58.75,2845.77,Sugarcane,Harvest,MOP,,
5.69,117,34,41,31.23,35.67,2062.78,Maize,Harvest,DAP,,
5.72,74,78,97,39.5,72.65,2107.05,Maize,Sowing,MOP,,
8.04,64,31,17,14.67,83.75,1015.92,Sugarcane,Sowing,DAP,,
7.4,78,78,53,30.95,57.36,1947.6,Tomato,Sowing,Urea,,
7.18,154,82,105,26.62,34.99,791.64,Tomato,Vegetative,NPK,,
7.69,140,20,37,24.34,86.7,2190.91,Tomato,Sowing,DAP,,
5.53,144,53,76,31.66,56.82,857.6,Sugarcane,Vegetative,NPK,,
6.97,71,14,16,17.16,34.82,239.16,Maize,Sowing,DAP,,
6.34,30,15,15,19.34,41.31,1666.34,Potato,Vegetative,Urea,,
7.63,115,25,102,21.54,37.19,1034.39,Wheat,Sowing,DAP,,
5.74,69,55,54,15.47,41.85,1961.11,Rice,Vegetative,NPK,,
7.07,115,33,23,24.36,39.35,2288.98,Rice,Vegetative,DAP,,
8.03,142,23,54,13.96,85.37,2478.61,Cotton,Harvest,DAP,,
6.11,67,33,68,19.54,42.54,2948.14,Potato,Harvest,DAP,,
4.77,153,85,49,13.39,56.52,1755.62,Tomato,Sowing,Compost,,
6.56,69,32,92,11.08,73.79,1550.93,Tomato,Flowering,DAP,,
5.88,101,48,55,20.66,70.62,887.58,Sugarcane,Sowing,MOP,,
7.19,150,15,68,28.53,87.39,2291.2,Maize,Flowering,DAP,,
8.3,60,30,98,14.56,87.96,1551.57,Potato,Flowering,DAP,,
6.44,47,82,46,39.8,64.24,1115.74,Maize,Vegetative,Urea,,
6.36,148,55,91,18.23,75.14,1409.86,Maize,Flowering,DAP,,
7.12,52,50,77,10.68,53.16,1237.37,Potato,Harvest,Urea,,
4.91,30,68,74,10.84,55.76,2939.81,Rice,Sowing,Urea,,
5.51,47,78,106,30,36.26,833.78,Cotton,Vegetative,Urea,,
8.18,66,51,37,30.1,70.41,1360.66,Cotton,Vegetative,MOP,,
7.18,93,68,50,37.08,46.24,1060.43,Maize,Harvest,Compost,,
4.55,91,44,92,12.73,34.79,680.58,Maize,Vegetative,Compost,,
5.32,156,50,106,21.29,35.89,1038.54,Maize,Sowing,Compost,,
7.23,102,76,24,36.68,73.34,1570.09,Maize,Sowing,MOP,,
7.56,133,74,118,33.93,43.74,1968.52,Cotton,Harvest,MOP,,
7.86,27,28,96,17,76.2,1927.25,Tomato,Harvest,Urea,,
5.67,88,88,102,36.7,84.36,2363.49,Sugarcane,Vegetative,NPK,,
8.22,97,28,48,30.42,50.45,399.57,Cotton,Flowering,DAP,,
6.71,64,34,87,17.93,77.63,1080.2,Maize,Flowering,DAP,,
7.29,126,48,103,11.34,55.72,1187.23,Wheat,Flowering,Zinc Sulphate,,
6.89,57,42,75,24.92,76.33,2138.19,Sugarcane,Harvest,Urea,,
4.99,159,89,86,31.39,48.4,781.01,Wheat,Vegetative,Compost,,
8.35,86,49,113,18.06,85.89,800.05,Tomato,Sowing,Zinc Sulphate,,
4.99,123,21,37,15.06,89.23,466.57,Rice,Sowing,DAP,,
5.52,89,39,40,12.26,53.17,1693.23,Maize,Harvest,DAP,,
7.75,118,79,21,35.26,41.94,2234.94,Potato,Flowering,MOP,,
6.97,63,51,22,11.64,71.12,2153.42,Wheat,Flowering,MOP,,
7.85,65,23,12,28.28,65.02,2279.83,Maize,Flowering,DAP,,
6.56,148,14,72,32.9,89.49,674.8,Maize,Flowering,DAP,,
6.01,141,45,38,33.41,78.7,1842.36,Rice,Harvest,MOP,,
8.19,63,68,73,29.61,80.11,461.3,Sugarcane,Sowing,Zinc Sulphate,,
4.65,103,66,103,29.58,73.59,2906.7,Maize,Sowing,Compost,,
7.92,106,69,85,24.22,51.05,494.25,Sugarcane,Sowing,Zinc Sulphate,,
5.42,103,87,94,22.5,86.15,2657.3,Cotton,Harvest,Compost,,
7.89,115,72,75,14.12,57.94,307.47,Rice,Vegetative,Zinc Sulphate,,
5.06,65,58,59,26.06,53.97,1687.18,Cotton,Sowing,Compost,,
6.82,91,74,89,12.13,41.65,2587.72,Rice,Flowering,SSP,,
8.05,113,61,105,24.05,48.24,1976.93,Wheat,Harvest,Zinc Sulphate,,
6.39,150,18,101,31.93,30.14,1582.69,Wheat,Sowing,DAP,,
7.49,90,25,82,23.29,69.59,556.64,Maize,Flowering,DAP,,
7.72,59,44,26,25.25,66.33,2045.86,Sugarcane,Sowing,Urea,,
7.45,93,83,65,35.27,54.18,1886.52,Tomato,Flowering,DAP,,
8.2,34,25,92,29.4,88.03,1484.24,Potato,Sowing,Urea,,
6.29,138,42,16,13.83,71.59,857.82,Sugarcane,Flowering,MOP,,
5.19,40,60,45,26.29,44.56,816.31,Sugarcane,Vegetative,Urea,,
4.69,40,70,49,20.94,52.72,2916.03,Potato,Harvest,Urea,,
5.49,79,88,10,16.2,60.95,2902.16,Sugarcane,Vegetative,MOP,,
5.07,125,68,51,29.44,62.72,2823.5,Rice,Vegetative,Compost,,
6.73,84,81,45,21.6,46.54,1644.78,Tomato,Harvest,NPK,,
5.24,88,13,48,33.02,44.97,2967.17,Tomato,Sowing,DAP,,
4.66,129,11,10,27.6,47.97,1032.81,Potato,Flowering,DAP,,
4.64,45,80,97,13.13,87.8,1395.28,Maize,Sowing,Urea,,
7.83,94,67,72,20.51,51.57,688.13,Tomato,Sowing,Zinc Sulphate,,
6.87,74,71,83,18.1,52.45,1499.5,Sugarcane,Sowing,DAP,,
5.93,132,34,84,14.5,73.21,718.07,Maize,Harvest,DAP,,
8.08,65,80,111,34.01,39.77,385.47,Maize,Sowing,Zinc Sulphate,,
4.78,89,34,95,21.36,68.59,227.95,Sugarcane,Sowing,DAP,,
8.42,151,75,65,28.4,69.97,1259.7,Tomato,Harvest,Zinc Sulphate,,
6.97,73,35,40,36.46,33.87,2713.29,Maize,Vegetative,DAP,,
5.23,106,64,10,26.29,41.4,1424.7,Potato,Flowering,MOP,,
7.22,115,12,50,17.74,57.99,2007.72,Rice,Harvest,DAP,,
7.55,139,55,20,33.72,80.13,2490.11,Tomato,Flowering,MOP,,
6.22,55,38,15,23.07,73.94,1748.26,Tomato,Vegetative,Urea,,
7.95,53,67,60,26.92,82.41,1776.95,Maize,Flowering,Urea,,
5.1,153,20,73,37.06,81.06,1667.56,Tomato,Flowering,DAP,,
5.62,105,30,118,24.68,60.69,550.24,Sugarcane,Harvest,DAP,,
4.87,52,52,90,20.04,67.34,1979.83,Tomato,Sowing,Urea,,
5.34,74,13,87,31.82,85.25,2224.89,Potato,Sowing,DAP,,
5.45,42,78,105,14.01,74.46,200.78,Potato,Sowing,Urea,,
8.17,144,79,29,37.41,51.47,433.38,Maize,Sowing,MOP,,
4.81,63,31,13,37.47,51.02,1716.71,Maize,Vegetative,DAP,,
6.21,119,15,48,27.38,52,2549.05,Sugarcane,Harvest,DAP,,
6.63,47,87,56,14.63,59.71,1692.74,Rice,Harvest,Urea,,
8.09,83,31,31,23.56,51.75,1416.71,Sugarcane,Sowing,DAP,,
8.49,67,25,102,22.7,41.25,2823,Wheat,Flowering,DAP,,
7.51,78,45,51,18.95,65.7,413.65,Wheat,Harvest,Urea,,
8.38,78,59,110,15.25,82.15,586.96,Maize,Sowing,Zinc Sulphate,,
7.65,62,67,86,17.91,59.55,2118.39,Cotton,Flowering,SSP,,
8.35,91,80,88,26.67,43.15,504.71,Tomato,Flowering,Zinc Sulphate,,
7.33,62,60,44,30.57,78.78,578.38,Wheat,Sowing,NPK,,
4.82,32,87,34,39.39,75.34,2641.4,Wheat,Sowing,Urea,,
6.11,158,56,12,16.47,72.01,788.54,Tomato,Vegetative,MOP,,
7.09,125,62,60,16.12,70.48,1942.81,Wheat,Flowering,DAP,,
5.9,113,15,21,13.51,76.94,1310.93,Cotton,Sowing,DAP,,
5.59,69,34,23,38.17,79.82,582.83,Cotton,Vegetative,DAP,,
6.81,68,12,49,21.46,83.89,1281.05,Tomato,Flowering,DAP,,
8.23,122,22,41,37.72,66.6,1365.48,Rice,Sowing,DAP,,
4.64,109,62,59,36.68,53.62,1960.18,Cotton,Flowering,Compost,,
7.58,110,76,77,11.32,35.39,629.77,Tomato,Flowering,Compost,,
7.39,105,40,38,18.39,73.34,304.59,Rice,Harvest,MOP,,
8.36,32,76,40,19.08,38.47,1896.77,Sugarcane,Flowering,Urea,,
8.22,26,64,105,18.32,82.11,383.14,Potato,Harvest,Urea,,
7.55,61,75,33,22.76,54.35,630.83,Potato,Vegetative,MOP,,
6.58,159,14,20,24.98,82.57,2948.12,Rice,Harvest,DAP,,
5.32,32,18,39,32.75,61.11,263.74,Rice,Sowing,Urea,,
6.68,31,38,28,18.03,57.21,1998.38,Wheat,Sowing,Urea,,
7.56,57,44,45,18.96,51.81,588.71,Maize,Sowing,Urea,,
8.08,22,44,15,27.96,33.68,2499.3,Wheat,Flowering,Urea,,
7.66,81,59,11,15.38,30.69,1828.94,Wheat,Vegetative,MOP,,
5.28,56,39,112,24.2,60.52,1522.92,Sugarcane,Sowing,Urea,,
6.9,43,24,28,17.53,84.07,1489.14,Potato,Sowing,Urea,,
5.83,111,38,55,15.94,65.17,2078.64,Rice,Vegetative,DAP,,
4.54,87,34,49,33.87,81.74,2548.31,Rice,Harvest,DAP,,
5.3,83,84,27,31.21,89.99,219.4,Tomato,Harvest,MOP,,
4.95,37,66,114,17.49,40.72,256.7,Wheat,Vegetative,Urea,,
7.87,87,60,45,22.46,69.57,962.87,Potato,Sowing,Zinc Sulphate,,
5.53,77,77,55,14.63,55.01,2267.13,Cotton,Vegetative,NPK,,
5.64,142,67,65,11.6,42.53,742.59,Maize,Vegetative,NPK,,
8.34,64,21,61,27.56,44.45,1338.85,Wheat,Harvest,DAP,,
6.02,72,78,63,20.91,44.68,1621.26,Maize,Vegetative,NPK,,
4.54,46,46,65,16.22,73.78,1244.22,Wheat,Flowering,Urea,,
5.64,137,34,29,13.44,51.3,1500.98,Wheat,Harvest,DAP,,
4.98,55,77,110,30.4,45.34,2436.5,Sugarcane,Vegetative,Urea,,
4.91,119,33,10,18.14,83.16,841.76,Tomato,Flowering,DAP,,
4.81,125,45,32,37.22,32.06,1114.87,Wheat,Sowing,MOP,,
6.87,120,11,47,15.78,74.14,1674.42,Cotton,Harvest,DAP,,
5.26,130,44,29,17.31,87.63,2622.26,Cotton,Harvest,MOP,,
5.94,33,17,13,35.55,67.54,774.65,Potato,Flowering,Urea,,
7.95,22,82,111,27.17,62.89,1669.31,Tomato,Flowering,Urea,,
6.2,53,37,78,13.25,33.69,2652.17,Rice,Harvest,Urea,,
8.16,67,69,15,26.48,60.18,515.01,Potato,Harvest,MOP,,
6.49,91,63,72,19.24,51.68,2220.02,Wheat,Sowing,Compost,,
6.1,124,53,99,32.11,76.69,826.44,Potato,Flowering,Compost,,
7.5,54,19,10,12.33,78.71,686.1,Rice,Sowing,Urea,,
4.79,116,14,72,37.54,40.06,861.78,Rice,Flowering,DAP,,
4.86,128,56,88,24.35,61.33,1608.02,Maize,Vegetative,Compost,,
7.11,128,40,89,32.03,81.6,1889.51,Potato,Flowering,Urea,,
6.45,52,38,96,31.14,67.47,743.9,Sugarcane,Flowering,Urea,,
7.66,134,12,114,15.35,58.86,513.5,Potato,Vegetative,DAP,,
8.17,73,35,95,36.4,83.88,1467.46,Maize,Harvest,DAP,,
6.05,58,11,63,16.98,87.99,360.71,Tomato,Flowering,Urea,,
6.89,129,88,78,15.72,44.12,1709.02,Cotton,Sowing,DAP,,
6.5,57,86,52,25.62,40.97,2112.04,Tomato,Sowing,Urea,,
8.43,92,65,14,39.54,81.89,2848.21,Maize,Flowering,MOP,,
7.82,131,23,79,19.4,44.58,600.23,Sugarcane,Sowing,DAP,,
8.15,120,85,75,38.93,80.87,1413.27,Cotton,Flowering,Zinc Sulphate,,
5.52,66,24,19,23.05,48.07,918.78,Tomato,Sowing,DAP,,
7.59,145,54,45,35.04,31.15,810.13,Maize,Vegetative,NPK,,
5.56,84,56,119,25.9,55.32,1654.67,Sugarcane,Vegetative,NPK,,
5.33,119,29,44,16.16,32.42,601.63,Wheat,Vegetative,DAP,,
8.28,61,27,54,36.4,42.48,243.16,Wheat,Flowering,DAP,,
4.58,121,88,32,12.16,58.76,653.98,Rice,Vegetative,MOP,,
8.36,74,70,71,30.48,32.31,1139.44,Maize,Harvest,Zinc Sulphate,,
5.1,78,85,56,34.92,31.99,230.72,Cotton,Harvest,Compost,,
7.78,93,14,25,34.96,39.31,2599.97,Tomato,Harvest,DAP,,
5.6,70,67,46,29.66,57.77,1834,Rice,Sowing,Compost,,
5.9,158,86,51,17.53,88.44,276.04,Potato,Flowering,DAP,,
5.37,55,69,44,25.95,35.6,840.12,Maize,Harvest,Urea,,
6.84,61,22,49,28.89,67.32,2060.12,Potato,Vegetative,DAP,,
5.89,121,89,25,36.69,59.82,283.83,Cotton,Sowing,MOP,,
7.13,118,49,78,14.79,33.61,1255.5,Wheat,Flowering,SSP,,
4.56,147,76,20,23.95,32.05,470.66,Rice,Vegetative,MOP,,
4.76,32,61,60,19.99,43.31,1296.48,Cotton,Flowering,Urea,,
4.9,118,11,102,22.83,71.09,2910.46,Maize,Flowering,DAP,,
6.18,71,62,119,15.49,87.74,1474.02,Rice,Sowing,DAP,,
7.76,159,76,84,16.52,63.36,1918.35,Cotton,Flowering,NPK,,
8.05,159,20,119,33.1,32.75,1343.64,Maize,Sowing,DAP,,
5.48,81,20,89,24.35,45.48,1082.06,Potato,Flowering,DAP,,
6.8,139,19,98,25.42,86.54,1909.74,Cotton,Flowering,DAP,,
7.57,112,37,59,36.92,30.75,1938.05,Rice,Sowing,DAP,,
5.66,63,20,76,17.2,66.14,1922.93,Maize,Sowing,DAP,,
6.14,151,16,76,19.88,40.74,275.09,Sugarcane,Flowering,DAP,,
6.6,142,38,74,19.26,33.97,2150.29,Rice,Vegetative,DAP,,
5.04,109,74,21,29.78,45.27,2092.34,Cotton,Harvest,MOP,,
4.6,155,61,16,26.87,86.22,396.37,Sugarcane,Flowering,MOP,,
5.11,67,24,52,24.15,75.71,732.47,Maize,Flowering,DAP,,
7.01,155,16,118,30.04,40.27,1656.98,Wheat,Flowering,DAP,,
4.79,79,77,55,24.52,33.94,1210.18,Cotton,Sowing,Compost,,
5.26,43,64,105,34.48,59.59,1812.85,Tomato,Sowing,Urea,,
5.85,36,12,31,22.31,33.16,2329.16,Potato,Harvest,Urea,,
4.81,84,29,85,36.72,54.24,1734.57,Cotton,Sowing,DAP,,
5.27,125,12,15,13.59,78.02,1485.14,Rice,Sowing,DAP,,
8.15,74,38,47,12.82,60.04,938.21,Wheat,Flowering,DAP,,
4.58,96,29,48,29.67,83.81,1923.38,Rice,Sowing,DAP,,
7.11,80,19,111,21.69,77.48,2516.22,Tomato,Harvest,DAP,,
6.04,50,70,69,23.67,63.32,934.72,Sugarcane,Sowing,Urea,,
7.19,120,46,114,30.88,77.42,2406.79,Wheat,Sowing,NPK,,
6.85,47,60,94,16.44,35.69,1369.3,Wheat,Harvest,Urea,,
5.39,51,51,71,11.32,42.08,513.21,Rice,Harvest,Urea,,
7.89,26,82,101,23.17,72.03,2749.77,Wheat,Flowering,Urea,,
6.47,33,84,105,36.84,30.34,2108.58,Cotton,Harvest,Urea,,
7.79,92,39,36,23.52,30.28,2554.82,Maize,Vegetative,DAP,,
6.12,89,54,58,27.16,52.82,2033.74,Potato,Flowering,MOP,,
8.44,49,33,24,16.25,82.02,545.9,Rice,Sowing,Urea,,
7.58,31,40,42,23.92,88.85,1716.54,Sugarcane,Flowering,Urea,,
8.36,22,32,105,24.42,68.99,1974.16,Potato,Vegetative,Urea,,
6.56,86,62,55,17.05,87.02,931.41,Rice,Flowering,Compost,,
6.39,105,51,107,14.91,80.86,1966.52,Rice,Vegetative,NPK,,
7.52,134,45,80,20.51,42.09,1787.01,Sugarcane,Sowing,MOP,,
8.02,127,43,22,11.17,54.24,260.44,Sugarcane,Sowing,MOP,,
8.36,101,35,62,14.99,67.43,2671.15,Sugarcane,Flowering,DAP,,
5.8,23,80,48,31.94,39.08,1694.78,Maize,Sowing,Urea,,
7.69,39,34,59,29.47,48.79,1836.23,Sugarcane,Harvest,Urea,,
5.34,64,12,79,19.38,75.38,623.72,Sugarcane,Sowing,DAP,,
6.68,114,52,69,26.53,50.68,2451.16,Tomato,Sowing,Zinc Sulphate,,
5.22,149,15,18,34.88,85.56,1688.12,Wheat,Sowing,DAP,,
5.89,113,63,115,35.17,54.41,447.91,Rice,Vegetative,NPK,,
8.23,50,61,13,29.63,43.19,2162.57,Sugarcane,Sowing,Urea,,
5.08,47,22,103,13.72,42.61,1569.01,Sugarcane,Flowering,Urea,,
7.03,92,75,101,14.89,71.23,1137.05,Maize,Flowering,NPK,,
6.87,78,65,30,18.75,52.09,2780.43,Sugarcane,Vegetative,MOP,,
4.98,158,56,21,30.12,44.24,2499.58,Maize,Flowering,MOP,,
5.8,68,86,86,17.74,71.63,319.82,Sugarcane,Vegetative,NPK,,
6.75,137,74,59,23.93,55.28,2156.16,Cotton,Harvest,Urea,,
5.25,36,75,22,34.77,80.76,681.98,Cotton,Vegetative,Urea,,
7.7,145,77,61,36.75,62.94,246.7,Wheat,Vegetative,NPK,,
8.39,151,22,100,35.16,88.33,812.19,Tomato,Sowing,DAP,,
5.36,100,39,101,13.49,52.47,333.71,Wheat,Flowering,DAP,,
5.25,125,85,91,37.32,46.93,1987.06,Maize,Sowing,Compost,,
6.32,109,42,110,30.52,68.67,2320.87,Cotton,Vegetative,NPK,,
7.49,103,47,89,28.56,72.5,698.81,Tomato,Flowering,Urea,,
5.63,61,52,30,17.43,31.02,786.18,Tomato,Sowing,MOP,,
4.58,67,12,64,37.85,70.16,575.37,Maize,Flowering,DAP,,
6.66,61,52,19,10.52,40.86,1774.63,Cotton,Flowering,MOP,,
8.33,73,82,87,12.47,87.53,1570.14,Potato,Flowering,Zinc Sulphate,,
6.07,116,80,101,14.61,64.56,217.22,Sugarcane,Harvest,Compost,,
6.18,156,13,38,30.82,37.6,1234.97,Wheat,Harvest,DAP,,
8.38,27,41,20,28.69,33.16,446.53,Sugarcane,Sowing,Urea,,
7.28,131,10,39,38.34,82.78,1821.16,Potato,Harvest,DAP,,
7.38,129,22,49,20.47,81.04,1526.6,Potato,Vegetative,DAP,,
6.75,89,45,100,20.43,56.05,1484.9,Tomato,Vegetative,NPK,,
8.4,156,35,58,30.09,35.25,2258.38,Tomato,Vegetative,DAP,,
7.26,130,86,12,15.22,53.4,1486.23,Maize,Harvest,MOP,,
8.08,130,31,10,23.92,75.63,1561.31,Cotton,Vegetative,DAP,,
7.3,24,20,41,10.46,69.69,1971.37,Potato,Sowing,Urea,,
7.44,91,34,48,27.76,81.91,1043.8,Maize,Flowering,DAP,,
5.66,83,88,94,33.52,75.07,2824.73,Maize,Flowering,MOP,,
5.71,54,54,11,16.11,49.81,988.14,Cotton,Harvest,Urea,,
7.63,79,45,83,19.22,50.47,2758.57,Wheat,Vegetative,NPK,,
5.69,108,43,40,13.96,68.87,2478.31,Cotton,Flowering,Zinc Sulphate,,
6.75,119,43,27,28.47,48.61,2737.49,Wheat,Sowing,MOP,,
5.5,58,41,16,26.92,82.06,713.18,Sugarcane,Vegetative,Urea,,
7.77,132,34,14,34.79,49.66,847.54,Maize,Sowing,DAP,,
4.94,153,76,38,39.11,59.34,2573.89,Tomato,Sowing,MOP,,
7.82,107,68,77,39.51,32.59,2880.08,Tomato,Harvest,Zinc Sulphate,,
6.91,138,66,55,13.22,37.09,2308.99,Sugarcane,Vegetative,NPK,,
5.25,37,38,65,26.59,37.91,1986.41,Tomato,Vegetative,Urea,,
6.67,131,30,12,33.69,50.65,2466.34,Wheat,Sowing,DAP,,
5.63,20,82,22,29.77,37,316.47,Sugarcane,Sowing,Urea,,
5.79,36,30,76,36.91,57.43,2592.16,Rice,Flowering,Urea,,
5.91,140,80,81,23.25,46.15,987.16,Wheat,Harvest,Urea,,
4.75,133,56,59,22.81,46.35,358.64,Tomato,Vegetative,Compost,,
8.44,153,41,13,10.78,56.73,2108.47,Tomato,Harvest,MOP,,
4.63,77,31,51,10.47,81.23,2307.8,Wheat,Harvest,DAP,,
7.15,91,51,108,30.78,75.7,1956.11,Cotton,Harvest,Zinc Sulphate,,
5.98,142,20,85,24.14,83.02,1180.39,Potato,Vegetative,DAP,,
7.08,143,67,33,29.81,89.41,528.18,Tomato,Flowering,MOP,,
5.92,67,87,111,17.15,30.67,2353.17,Potato,Harvest,DAP,,
7.2,75,50,28,35.89,71.55,332.6,Wheat,Harvest,MOP,,
7.42,156,34,109,37.09,37.19,2327.15,Tomato,Harvest,DAP,,
7.26,140,25,108,29.87,86.21,2880.86,Sugarcane,Harvest,DAP,,
4.96,50,75,91,18.33,43.61,2991.08,Potato,Flowering,Urea,,
7.13,84,79,49,16.48,51,1309.66,Maize,Flowering,Zinc Sulphate,,
5.62,124,43,43,28.76,88.74,504.26,Tomato,Sowing,SSP,,
4.62,80,55,98,38.22,82.03,464.69,Maize,Harvest,Compost,,
6.16,157,57,16,27.34,32.83,1576.29,Cotton,Harvest,MOP,,
6.23,145,46,84,35.18,32.81,2416.91,Rice,Flowering,DAP,,
6.37,96,31,47,26.96,79.13,334.06,Potato,Vegetative,DAP,,
7.32,42,89,28,30.24,34.22,671.32,Potato,Harvest,Urea,,
5.74,146,16,108,27.03,81.1,1848.13,Sugarcane,Flowering,DAP,,
5.76,112,56,54,27.26,85.48,439.28,Tomato,Flowering,Compost,,
4.74,77,86,29,32.18,31.43,2659.55,Rice,Harvest,MOP,,
7.25,116,26,100,21.89,43.2,1608.68,Rice,Harvest,DAP,,
6.77,149,12,104,37.12,31.39,1283.14,Wheat,Flowering,DAP,,
5.9,31,21,98,35.9,34.37,237.05,Potato,Vegetative,Urea,,
7.32,123,79,11,31.76,62.04,516.37,Maize,Vegetative,MOP,,
6.65,111,85,102,32.3,73.81,2517.3,Wheat,Flowering,Urea,,
6.38,54,84,46,22.4,58.77,2157.1,Sugarcane,Sowing,Urea,,
6.55,93,28,40,34.98,53.16,257.08,Rice,Harvest,DAP,,
7.05,130,40,51,37.98,42.4,2927.12,Cotton,Sowing,Urea,,
7.14,127,11,15,33.85,44.19,1189.11,Cotton,Sowing,DAP,,
5.66,140,27,119,13.99,64.94,1897.89,Tomato,Sowing,DAP,,
5.06,83,64,94,33.6,81.35,2223.28,Rice,Sowing,Compost,,
5.13,37,13,106,23.94,54.27,2878.25,Rice,Harvest,Urea,,
7.06,158,31,18,28.26,86.38,2693.21,Rice,Vegetative,DAP,,
7.99,84,87,83,39.73,33.13,1872.76,Cotton,Vegetative,Zinc Sulphate,,
6.14,23,87,95,20.78,79.75,590.18,Tomato,Harvest,Urea,,
5.18,26,43,104,20.46,50.32,2566.06,Tomato,Sowing,Urea,,
7.53,94,57,62,17.89,82.13,2486.91,Cotton,Vegetative,NPK,,
7.83,74,79,20,13.81,85.16,1989.6,Wheat,Sowing,MOP,,
8.02,141,85,92,15.05,72.02,2969.85,Cotton,Flowering,Zinc Sulphate,,
6.93,46,33,114,25.43,51.3,1679.23,Wheat,Sowing,Urea,,
7.94,159,54,85,37.29,57.42,798.45,Sugarcane,Vegetative,Zinc Sulphate,,
4.56,155,19,111,34.3,63.11,910.55,Rice,Flowering,DAP,,
4.93,135,55,25,15.47,57.72,1338.51,Potato,Sowing,MOP,,
4.87,42,45,22,26.85,77.47,1383.57,Sugarcane,Harvest,Urea,,
7.35,45,60,47,35.41,76.29,2527.24,Potato,Flowering,Urea,,
4.78,25,41,22,26.18,30.76,2683.45,Potato,Harvest,Urea,,
6.49,140,41,24,37.34,39.1,1271.67,Tomato,Harvest,MOP,,
6.39,78,24,27,37.24,51.81,2846.84,Cotton,Sowing,DAP,,
5.74,27,18,25,20.45,70.35,2798.64,Potato,Harvest,Urea,,
7.98,59,67,50,36.22,43.78,1349.61,Maize,Sowing,Urea,,
5.18,103,45,59,27.55,49.37,2630.6,Maize,Vegetative,Compost,,
5.91,77,31,115,24.4,57.72,515.9,Cotton,Flowering,DAP,,
7.6,135,22,117,33.23,65.37,1631.45,Maize,Flowering,DAP,,
4.62,150,50,78,33.69,84.11,2195.49,Tomato,Flowering,Compost,,
7.19,98,87,100,30.26,78.28,1167.59,Tomato,Sowing,Zinc Sulphate,,
7.77,84,35,75,34.33,51.55,264.66,Potato,Flowering,DAP,,
8.23,76,70,50,38.54,76.08,355.3,Sugarcane,Sowing,Zinc Sulphate,,
8.01,36,53,36,36.19,79.96,2704.77,Wheat,Vegetative,Urea,,
5.78,71,39,68,12.23,61.34,1651.78,Maize,Vegetative,DAP,,
6.85,77,86,74,35.5,47.76,626.43,Sugarcane,Sowing,SSP,,
4.81,95,46,23,33.45,86.58,2725.93,Tomato,Harvest,MOP,,
5.53,122,67,44,37.8,87.74,2838.11,Wheat,Harvest,Zinc Sulphate,,
4.88,45,44,32,32.19,43.48,1113,Potato,Vegetative,Urea,,
5.76,46,58,116,36.34,77.1,1840.76,Tomato,Flowering,Urea,,
8,43,68,31,10.31,32.51,1112.23,Maize,Sowing,Urea,,
5.89,100,16,36,39.33,30.14,2230.73,Potato,Harvest,DAP,,
6.75,158,44,59,15.73,51.09,2854.21,Sugarcane,Harvest,SSP,,
6.23,105,48,34,35.93,57.75,278,Maize,Flowering,MOP,,
6.34,155,15,107,37.89,62.78,1518.44,Potato,Sowing,DAP,,
8.38,51,87,63,10.07,52.7,2437.41,Tomato,Vegetative,Urea,,
5.68,48,74,58,37.41,37.73,2129.68,Sugarcane,Flowering,Urea,,
7.01,125,36,100,34.88,50.69,710.26,Sugarcane,Vegetative,DAP,,
6.18,115,20,108,37.67,79.31,1298.14,Cotton,Vegetative,DAP,,
4.74,140,18,94,15.31,50.14,1511.19,Rice,Flowering,DAP,,
6.46,123,19,112,33.32,65.54,2285.92,Tomato,Vegetative,DAP,,
7.75,152,63,12,24.62,70.85,1485.48,Cotton,Vegetative,MOP,,
4.9,147,52,34,17.73,73.95,1079.16,Potato,Flowering,MOP,,
4.78,108,59,77,32.69,59.28,1362.01,Cotton,Harvest,Compost,,
5.11,61,55,66,24.2,37.54,2907.29,Maize,Flowering,Compost,,
7.56,29,72,24,37,84.03,330.95,Cotton,Harvest,Urea,,
7.4,45,58,76,31.32,45.62,1134.62,Cotton,Sowing,Urea,,
6.76,95,40,20,14.17,50.34,754.33,Tomato,Flowering,MOP,,
6.37,58,72,101,17.52,76.43,1321.41,Maize,Sowing,Urea,,
8.05,71,17,12,17.94,75.81,1840.11,Sugarcane,Flowering,DAP,,
7.57,142,49,27,20.32,83.78,743.99,Rice,Harvest,MOP,,
7.75,77,69,119,29.99,32.02,1394.19,Maize,Harvest,Zinc Sulphate,,
7.75,95,60,62,36.83,82.47,2517.98,Maize,Flowering,MOP,,
7.07,119,14,18,27.81,77.53,1997.95,Tomato,Flowering,DAP,,
6.33,37,40,88,32.55,61.51,2101.88,Potato,Vegetative,Urea,,
7.96,61,16,113,19.5,39.57,2833.02,Tomato,Harvest,DAP,,
8.2,21,54,81,25.67,62.7,1345.09,Sugarcane,Sowing,Urea,,
4.6,52,56,49,25.12,41.64,2994.43,Rice,Flowering,Urea,,
4.71,78,23,65,31.03,87.9,1269.72,Cotton,Flowering,DAP,,
8.33,119,34,23,25.54,72.53,711.52,Wheat,Sowing,DAP,,
5.61,92,56,111,20.03,65.77,2460.97,Potato,Vegetative,NPK,,
7.99,104,55,70,17.32,78.8,1627.92,Cotton,Flowering,Zinc Sulphate,,
6.06,41,54,22,17.64,61.95,1165.86,Potato,Sowing,Urea,,
4.98,36,40,112,39.43,33.62,889.71,Sugarcane,Flowering,Urea,,
4.82,150,61,56,20.72,45.54,2500.18,Rice,Flowering,Compost,,
5.13,51,13,83,34.2,88.9,1779.19,Maize,Vegetative,Urea,,
5.5,52,55,117,12.14,81.05,1948.36,Tomato,Vegetative,Urea,,
6.45,29,38,103,12.69,85.65,1494.35,Rice,Sowing,Urea,,
7.31,24,58,14,30.58,35.87,800.51,Potato,Harvest,Urea,,
8.45,87,74,95,23.72,44.88,1145.23,Sugarcane,Flowering,Zinc Sulphate,,
6.27,121,10,108,36.41,33.79,560.38,Rice,Vegetative,DAP,,
6.57,92,77,14,35.87,79.33,1155.33,Potato,Flowering,MOP,,
6.59,71,68,21,32.67,40.43,2755.56,Sugarcane,Sowing,MOP,,
6.66,27,46,44,34.46,54.6,1809.62,Rice,Sowing,Urea,,
6.57,117,87,94,36.12,46.17,329.37,Potato,Harvest,Compost,,
4.54,49,61,35,33.51,85.82,2339.62,Rice,Sowing,Urea,,
4.51,93,87,10,25.81,66.5,2349.45,Tomato,Vegetative,MOP,,
4.89,97,11,19,17.94,77.97,2326.58,Rice,Sowing,DAP,,
4.91,143,30,47,33.62,66.13,1926.29,Potato,Vegetative,DAP,,
7.32,78,38,33,19.53,66.75,288.23,Wheat,Harvest,DAP,,
5.32,81,85,104,17.34,52.97,1271.39,Maize,Vegetative,Compost,,
8.08,48,47,118,15.15,44.34,1110.77,Potato,Vegetative,Urea,,
8.21,112,41,56,28.82,50.9,259.18,Wheat,Harvest,Zinc Sulphate,,
8.4,81,50,96,17.27,47.69,439.86,Rice,Vegetative,Zinc Sulphate,,
8.26,154,31,94,21.24,71.47,1377.19,Maize,Harvest,DAP,,
5.59,153,51,11,31.27,55.35,2666.14,Cotton,Sowing,MOP,,
6.54,81,21,104,33.81,63.01,2892.87,Rice,Harvest,DAP,,
5.2,87,66,11,19.44,76.26,2281.59,Rice,Harvest,MOP,,
7.72,36,17,39,35.28,45.99,831.76,Maize,Vegetative,Urea,,
8.05,159,37,34,11.74,55.42,2780.82,Cotton,Harvest,DAP,,
7.91,76,66,92,39.58,61.17,2938.34,Potato,Harvest,Zinc Sulphate,,
6.23,107,62,71,22.51,33.23,1404.69,Tomato,Sowing,MOP,,
7.53,81,89,10,19.75,39.13,1661.31,Potato,Vegetative,MOP,,
4.89,117,85,110,37.71,33.81,1168.81,Potato,Flowering,Compost,,
4.66,97,26,101,13.97,75.14,2585.73,Rice,Vegetative,DAP,,
7.51,46,30,72,20.73,47.99,1033.51,Rice,Flowering,Urea,,
6.2,152,60,93,20.77,55.36,504.38,Sugarcane,Harvest,Compost,,
8.48,59,16,68,22.73,70.34,1476.8,Wheat,Harvest,Urea,,
4.89,156,70,63,35.45,87.99,674.69,Maize,Sowing,Compost,,
7.92,32,63,78,35.48,78.66,1406.67,Tomato,Flowering,Urea,,
6.42,63,50,64,27.75,33.47,1839.2,Wheat,Sowing,MOP,,
7.81,135,69,103,39.75,48.34,2447.29,Rice,Sowing,Zinc Sulphate,,
7.77,137,53,96,35.32,32.94,2137.56,Wheat,Harvest,SSP,,
8.16,114,86,51,30.43,33.7,2267.96,Tomato,Flowering,Zinc Sulphate,,
5.69,66,38,100,15.98,37.65,1853.45,Cotton,Harvest,DAP,,
8.3,103,52,62,26.49,49.26,427.83,Rice,Flowering,Zinc Sulphate,,
5.11,59,46,115,16.42,43.89,2664.08,Tomato,Vegetative,Urea,,
4.83,90,70,74,19.05,51.13,2154.81,Maize,Harvest,Compost,,
6.23,125,68,18,30.58,79.32,2411.69,Sugarcane,Sowing,MOP,,
7.81,114,70,80,15.53,77.86,2834.6,Rice,Sowing,Zinc Sulphate,,
6.39,42,81,60,12.73,51.04,2910.77,Maize,Flowering,Urea,,
7.82,66,29,99,25.95,69.59,2897.77,Cotton,Vegetative,DAP,,
7.42,63,53,25,10.03,52.36,954.84,Sugarcane,Sowing,MOP,,
5.34,101,65,62,28.27,53.16,2584.54,Rice,Harvest,Compost,,
8.3,31,57,79,37.04,70.54,2884.26,Potato,Vegetative,Urea,,
4.74,113,83,71,15.71,53.06,2177.69,Wheat,Vegetative,Compost,,
8.09,98,24,115,21.48,62.96,2204.58,Wheat,Vegetative,DAP,,
5.72,100,85,46,37.49,36.91,2675.76,Rice,Sowing,NPK,,
6.5,139,65,70,31.12,62.33,1005.14,Potato,Vegetative,NPK,,
6.19,120,65,66,14.06,74.52,737.22,Maize,Vegetative,NPK,,
5.19,132,55,54,21.46,83.3,1423.49,Potato,Harvest,Compost,,
5.93,46,66,85,32.68,38.84,2859.66,Cotton,Harvest,Urea,,
5.27,37,54,97,29.94,54.64,369.31,Maize,Flowering,Urea,,
5.32,83,89,26,14.67,59.17,1439.03,Maize,Flowering,MOP,,
5.25,28,51,11,11.87,84.29,2134.24,Wheat,Vegetative,Urea,,
6.46,137,71,104,30.45,45.44,2023.56,Potato,Vegetative,NPK,,
7.69,142,17,46,28.27,39.94,2467.72,Rice,Sowing,DAP,,
6.78,44,23,63,11.78,38.49,954.9,Sugarcane,Vegetative,Urea,,
8.07,132,35,51,39.24,39.29,855.07,Wheat,Sowing,DAP,,
7.05,148,50,38,17.57,82.17,2516.84,Tomato,Vegetative,MOP,,
7.26,78,38,74,21.58,67.19,2512,Wheat,Harvest,DAP,,
7.17,37,72,117,15.33,55.24,896.72,Rice,Flowering,Urea,,
6.3,66,22,87,34.86,82,1432.76,Sugarcane,Sowing,DAP,,
7.26,98,68,49,38.88,47.88,1464.68,Tomato,Vegetative,NPK,,
4.78,41,56,20,16.4,85.67,1637.16,Sugarcane,Vegetative,Urea,,
7.94,107,30,67,18.5,75.53,2541.97,Potato,Sowing,DAP,,
7.61,84,21,105,31.2,31.23,1889.48,Maize,Flowering,DAP,,
5.48,158,33,29,25.84,57.76,1650.99,Wheat,Vegetative,DAP,,
7.57,126,30,75,13.15,80.55,1010.56,Tomato,Sowing,DAP,,
4.55,109,13,40,37.86,53.77,313.14,Maize,Sowing,DAP,,
5.37,57,34,14,28.33,89.23,2770.71,Potato,Vegetative,Urea,,
4.76,145,17,105,19.04,80.8,2205.38,Sugarcane,Vegetative,DAP,,
7.62,68,45,59,24.69,75.18,408.33,Rice,Flowering,NPK,,
7.52,124,43,18,25.01,38.13,1033.13,Maize,Vegetative,MOP,,
7.75,76,59,50,25.76,36.47,2011.71,Tomato,Flowering,Compost,,
4.52,33,37,19,24.92,68.47,785.54,Rice,Harvest,Urea,,
6.5,102,71,62,26.85,69.69,494.24,Maize,Sowing,Compost,,
7.32,27,83,109,21.8,38.85,1740.9,Rice,Vegetative,Urea,,
5.12,42,53,58,14.38,81.24,1121.32,Rice,Vegetative,Urea,,
7.1,63,41,35,29.94,82.42,2517.67,Wheat,Flowering,MOP,,
4.84,85,17,117,33.77,55,2862,Potato,Vegetative,DAP,,
5.23,22,63,76,35.23,66.46,1845.45,Rice,Harvest,Urea,,
6.4,88,26,45,10.66,60.64,2196.11,Sugarcane,Flowering,DAP,,
7.11,101,21,32,22.14,32.14,2953.6,Potato,Vegetative,DAP,,
5.08,20,76,103,39.35,35.42,832.67,Rice,Vegetative,Urea,,
5.24,40,84,48,11.88,76.79,2733.62,Rice,Vegetative,Urea,,
5.32,102,87,68,33.57,59.3,1766.16,Tomato,Flowering,Compost,,
5.45,75,80,32,13.78,66.65,725.39,Potato,Vegetative,MOP,,
5.41,121,35,32,34.74,66.77,1009.67,Cotton,Sowing,DAP,,
6.08,149,42,52,30.17,52.78,2126.63,Wheat,Flowering,NPK,,
7.12,50,53,109,31.75,31.76,2781.53,Wheat,Harvest,Urea,,
6.25,33,41,34,39.32,77.21,533.12,Tomato,Vegetative,Urea,,
7.6,95,47,93,38.18,58.11,1989.91,Wheat,Flowering,Compost,,
7.38,32,19,69,19.13,38.33,1255.29,Wheat,Vegetative,Urea,,
5.01,107,88,111,21.26,31.26,1100.75,Wheat,Sowing,Compost,,
4.7,114,88,42,22.22,31.05,704.12,Cotton,Harvest,Compost,,
8.01,133,79,42,15.42,32,2686.85,Rice,Sowing,Zinc Sulphate,,
4.82,113,10,111,21.43,39.3,1219.92,Maize,Flowering,DAP,,
5.09,119,79,74,39.37,43.89,1441.2,Rice,Sowing,Compost,,
4.59,89,86,56,24.69,44.83,780.66,Wheat,Harvest,Compost,,
7.01,145,84,42,38.58,67.93,1901.96,Tomato,Vegetative,NPK,,
6.83,137,34,47,12.14,44.49,1432.56,Sugarcane,Harvest,DAP,,
8.45,146,61,33,11.18,70.44,740.41,Cotton,Vegetative,MOP,,
8.05,89,61,82,27.26,79.4,1069.35,Maize,Sowing,Zinc Sulphate,,
6.14,75,21,104,32.09,53.09,1295.27,Wheat,Harvest,DAP,,
5.99,107,55,111,16.52,73.1,415.54,Maize,Vegetative,NPK,,
5.69,32,18,58,25.1,36.25,345.21,Cotton,Vegetative,Urea,,
5.11,154,54,101,36.19,49.68,2978.96,Potato,Vegetative,Compost,,
5.05,128,45,96,32.85,70.96,2797.6,Tomato,Vegetative,Compost,,
5.03,121,18,39,16.95,85.91,1860.84,Wheat,Vegetative,DAP,,
4.96,121,49,91,20.03,66.93,885.37,Cotton,Harvest,Compost,,
5.46,22,43,67,19.17,51.83,850.76,Potato,Vegetative,Urea,,
5.73,82,62,99,31.59,48.82,1433.47,Tomato,Sowing,MOP,,
8.35,128,54,106,39.05,53.49,1281.24,Cotton,Vegetative,Zinc Sulphate,,
6.81,31,42,68,18.4,69.17,2252.48,Rice,Sowing,Urea,,
8.45,74,38,25,27.65,49.62,1339.91,Potato,Flowering,DAP,,
5.99,137,47,102,39.66,58.2,2875.05,Wheat,Harvest,Zinc Sulphate,,
6.33,143,57,25,14.73,75.54,908.15,Wheat,Sowing,MOP,,
5.8,110,86,42,29.77,44.27,274.6,Sugarcane,Flowering,Compost,,
5.23,88,68,48,19.96,72.99,1889.26,Potato,Sowing,Compost,,
5.07,74,71,55,39.75,75.69,2966.21,Rice,Sowing,Compost,,
8.28,94,44,47,13.26,81.82,2583.96,Wheat,Flowering,Zinc Sulphate,,
8.45,79,56,32,23.54,31.43,214.6,Tomato,Harvest,MOP,,
4.68,61,68,35,17.65,36.83,1810.57,Tomato,Harvest,MOP,,
5.1,153,68,58,10.95,87.29,1470.62,Potato,Vegetative,Compost,,
6.19,88,11,90,38.91,37.55,2351.42,Wheat,Harvest,DAP,,
5.25,41,69,111,27.05,59.27,907.62,Maize,Vegetative,Urea,,
5.96,84,15,118,31.02,40.02,882.48,Sugarcane,Sowing,DAP,,
5.02,103,34,33,28.61,78.71,1086.78,Cotton,Flowering,DAP,,
6.33,107,62,116,14.45,35.79,889.26,Sugarcane,Harvest,MOP,,
5.59,66,87,92,15.12,35.14,261.43,Potato,Flowering,Compost,,
5.91,43,13,51,28.79,60.28,1958.93,Rice,Vegetative,Urea,,
4.88,91,81,36,33.39,44.29,1915.71,Sugarcane,Sowing,MOP,,
6.21,117,65,11,28.33,69.69,2585,Potato,Flowering,MOP,,
8.43,58,11,17,27.11,71.09,2153.69,Potato,Harvest,Urea,,
5.82,74,26,88,32.38,65.16,1994.43,Sugarcane,Harvest,DAP,,
8.01,135,77,50,17.31,80.08,849.86,Tomato,Harvest,Zinc Sulphate,,
7.87,96,57,22,31.95,71.84,2272.37,Sugarcane,Harvest,MOP,,
8.31,127,36,100,22.34,41.25,2595.06,Maize,Vegetative,DAP,,
7.66,77,43,31,30.22,34.7,1442.94,Rice,Harvest,MOP,,
7.14,120,50,56,18.24,74.87,1713.41,Cotton,Sowing,Zinc Sulphate,,
7.93,110,15,56,14.12,74.4,2396.14,Tomato,Vegetative,DAP,,
4.8,107,15,74,10.87,81.02,1503.74,Potato,Sowing,DAP,,
6.35,150,37,78,34.1,42.14,2066.24,Rice,Harvest,DAP,,
8.46,146,17,38,15.91,43.39,801.51,Potato,Vegetative,DAP,,
7.58,27,10,88,20.9,64.6,1835.91,Tomato,Vegetative,Urea,,
8.35,34,89,39,33.07,39.34,304.1,Cotton,Flowering,Urea,,
7.62,22,27,55,23.51,47.78,785.12,Potato,Sowing,Urea,,
8,128,89,15,16.53,78.75,2778.44,Potato,Vegetative,MOP,,
7.33,158,56,15,15.84,50.05,1866.61,Maize,Vegetative,MOP,,
7.54,28,89,96,22.24,30.68,1475.42,Tomato,Harvest,Urea,,
6.59,23,20,61,26.96,69.05,1661.52,Rice,Vegetative,Urea,,
8.2,132,15,14,21.77,40.84,200.08,Tomato,Harvest,DAP,,
7.8,99,23,95,37.14,41.75,1486.88,Tomato,Harvest,DAP,,
7.88,153,31,50,10.12,30.99,603.15,Tomato,Vegetative,DAP,,
7.19,24,40,29,22.06,64.68,2602.77,Maize,Harvest,Urea,,
5.72,68,37,29,32.29,63.71,1357.87,Potato,Flowering,DAP,,
4.64,102,28,48,36.73,35.79,849.62,Potato,Vegetative,DAP,,
8.24,88,10,39,20.75,33.03,1633.18,Maize,Flowering,DAP,,
6.84,139,76,57,30.21,59.45,1224.01,Wheat,Vegetative,NPK,,
5.69,31,81,90,27.41,76.88,1488.12,Sugarcane,Sowing,Urea,,
5.1,73,22,69,16.05,87.22,2232.1,Cotton,Harvest,DAP,,
7.82,123,60,32,30.43,34.51,1625.84,Wheat,Flowering,MOP,,
7.85,99,10,113,17.49,72.49,2761.87,Maize,Harvest,DAP,,
7.76,92,38,69,33.52,41.49,919.11,Maize,Harvest,DAP,,
7.08,20,22,59,35.98,32.04,1112.98,Wheat,Sowing,Urea,,
5.96,156,51,22,24.35,50.09,2377.13,Cotton,Harvest,MOP,,
5.72,37,38,119,11.62,64.43,2393.49,Sugarcane,Sowing,Urea,,
4.53,121,25,109,32.12,66.08,2934.46,Rice,Sowing,DAP,,
7.83,104,69,115,24.02,32.95,1959.5,Tomato,Flowering,Zinc Sulphate,,
4.85,134,43,83,12.84,85.67,1806.73,Sugarcane,Harvest,Compost,,
7.02,82,49,47,19.93,33.28,1848.77,Tomato,Vegetative,NPK,,
6.52,22,76,48,18.72,43.03,1211.7,Tomato,Sowing,Urea,,
6.61,131,64,112,31.79,55.95,1277.88,Sugarcane,Vegetative,NPK,,
8.21,39,67,77,22.72,86.74,983.59,Tomato,Vegetative,Urea,,
4.63,112,61,28,27.61,89.47,1871.27,Wheat,Vegetative,MOP,,
7.59,55,73,61,25.03,30.02,2552.68,Wheat,Vegetative,Urea,,
4.71,23,13,50,31.73,43.47,1973.76,Wheat,Flowering,Urea,,
4.65,139,57,101,31.54,60.08,1523.23,Cotton,Vegetative,Compost,,
6.22,128,81,36,23.46,71.66,378.16,Potato,Vegetative,MOP,,
4.75,97,27,32,14.05,69.4,893.44,Wheat,Flowering,DAP,,
7.66,36,19,28,22.24,45.09,2566.04,Wheat,Flowering,Urea,,
6.62,68,23,89,14.8,41.85,1309.39,Wheat,Vegetative,DAP,,
4.62,128,60,44,38.77,30.86,2679.58,Maize,Harvest,Compost,,
4.66,135,55,14,38.5,80.57,879.58,Cotton,Flowering,MOP,,
6.95,29,75,97,23.7,52.73,1812.02,Tomato,Vegetative,Urea,,
7.72,139,70,14,10.83,81.86,2898.47,Potato,Vegetative,MOP,,
6.25,142,11,102,21.24,49.42,1759.18,Rice,Sowing,DAP,,
6.72,95,44,15,36.85,75.36,784.98,Sugarcane,Sowing,MOP,,
7.7,142,43,50,18.64,34.18,842.73,Rice,Sowing,Compost,,
6.94,156,79,50,28.66,78.69,641.52,Cotton,Vegetative,NPK,,
5.4,109,77,63,15.52,83.46,259.44,Maize,Flowering,Compost,,
6.95,20,74,53,34.75,45.89,2138.8,Sugarcane,Harvest,Urea,,
7.01,25,44,57,36.76,38.51,2392.64,Wheat,Vegetative,Urea,,
7.44,130,57,46,28.45,41.77,2496.72,Cotton,Sowing,Compost,,
6.98,120,56,102,28.71,82.07,406.43,Sugarcane,Vegetative,NPK,,
8.38,158,20,65,21.36,47.17,2838.34,Tomato,Flowering,DAP,,
5.29,88,71,42,31.21,43.88,1931.71,Sugarcane,Flowering,Compost,,
8.3,126,13,100,24.35,88.73,447.37,Rice,Harvest,DAP,,
6.65,125,42,44,32.36,70.2,437.69,Potato,Vegetative,NPK,,
7.19,28,43,111,39.06,79.93,1627.44,Sugarcane,Flowering,Urea,,
4.9,21,83,113,34.67,74.82,884.02,Potato,Flowering,Urea,,
6.02,132,44,15,25.52,52.44,869.46,Tomato,Sowing,MOP,,
7.58,151,62,55,39.37,81.76,232.95,Sugarcane,Sowing,Urea,,
7.33,109,37,83,28.21,65.29,1550.56,Tomato,Vegetative,DAP,,
4.66,31,32,45,11.95,69.44,442.46,Tomato,Vegetative,Urea,,
6.69,102,58,53,31.91,49.56,414.94,Tomato,Flowering,NPK,,
4.85,102,85,16,34.6,88.87,644.21,Potato,Flowering,MOP,,
8.48,112,11,16,14.05,81.28,229.84,Rice,Flowering,DAP,,
8.09,58,86,38,30.38,38.89,489.8,Maize,Vegetative,Urea,,
4.58,78,35,89,37.63,42.23,1864.16,Maize,Sowing,DAP,,
7.93,147,26,74,17.54,74.92,918.76,Sugarcane,Flowering,DAP,,
8.18,91,52,69,27.55,31.55,392.7,Tomato,Harvest,Zinc Sulphate,,
5.91,153,68,44,18.24,50.13,579.35,Potato,Vegetative,NPK,,
7.38,47,75,66,33.23,61.95,320.8,Cotton,Harvest,Urea,,
6.27,94,83,38,27.42,42.29,2375.48,Cotton,Harvest,MOP,,
7.12,60,48,47,22.84,82.39,1772.17,Tomato,Vegetative,NPK,,
5.86,91,35,86,10.87,83.36,1527.57,Sugarcane,Vegetative,DAP,,
5.79,107,31,113,38.34,87.41,2645.15,Sugarcane,Harvest,DAP,,
6.2,72,84,21,24.93,38.78,423.03,Sugarcane,Vegetative,MOP,,
5.08,142,31,96,34.12,34.76,304.07,Maize,Harvest,DAP,,
7.82,30,67,119,21.76,63.37,1387.46,Sugarcane,Harvest,Urea,,
5.89,106,38,89,35.47,77.55,939.25,Tomato,Vegetative,DAP,,
6.1,24,19,67,14.8,47.46,1532.29,Potato,Harvest,Urea,,
8.08,131,34,87,16.94,44.46,2729.6,Cotton,Sowing,DAP,,
6.49,81,30,89,20,61.06,1449.52,Tomato,Flowering,DAP,,
6.68,66,70,15,12.66,58.92,679.36,Wheat,Harvest,MOP,,
8.33,56,48,45,23.32,58.77,2433.93,Rice,Flowering,Urea,,
8.05,130,86,61,24.58,54.32,1288.62,Wheat,Flowering,Zinc Sulphate,,
5.18,45,75,97,13.44,73.62,2314.13,Cotton,Vegetative,Urea,,
6.39,62,15,36,22.81,66.88,595.9,Tomato,Sowing,DAP,,
8.39,80,10,34,15.92,59.27,1144.04,Cotton,Vegetative,DAP,,
5.99,147,37,49,36.26,73.24,263.29,Potato,Vegetative,DAP,,
5.99,88,20,45,25.28,45.7,859.21,Potato,Sowing,DAP,,
5.28,145,48,69,38.56,83.51,2011.64,Sugarcane,Sowing,Compost,,
4.96,146,78,38,20.24,53.05,1020.81,Wheat,Sowing,MOP,,
7.46,52,27,104,20.24,49.66,589.79,Tomato,Flowering,Urea,,
7.58,83,29,12,20.16,62.54,357.47,Wheat,Flowering,DAP,,
8.38,112,85,22,18.05,46.22,1887.71,Maize,Sowing,MOP,,
7.59,142,67,77,33.53,46.12,415.85,Maize,Vegetative,NPK,,
5.47,34,59,20,18.48,34.67,2436.64,Potato,Flowering,Urea,,
4.66,39,50,57,18.64,69.12,1200.11,Tomato,Sowing,Urea,,
8.44,41,27,88,11.41,84.76,1053.84,Maize,Sowing,Urea,,
5.86,29,43,69,38.96,71.12,1949.43,Wheat,Flowering,Urea,,
5.75,115,75,11,36.59,64.06,1758.53,Sugarcane,Sowing,MOP,,
8.12,156,87,88,18.78,72.71,2965.25,Tomato,Sowing,Zinc Sulphate,,
6.84,50,74,79,25.62,87.99,343.46,Rice,Vegetative,Urea,,
5.36,115,36,22,24.48,50.19,2583.84,Wheat,Flowering,DAP,,
8.06,93,39,44,12.63,55.84,1878.52,Sugarcane,Harvest,DAP,,
8.47,94,85,60,25.94,47.17,2671.33,Rice,Sowing,Zinc Sulphate,,
4.85,93,10,117,13.4,31,2142.95,Sugarcane,Vegetative,DAP,,
7.95,156,50,117,23.02,50.85,2334.58,Tomato,Harvest,Zinc Sulphate,,
6.06,61,71,65,12.63,34.3,2402.76,Sugarcane,Vegetative,NPK,,
6.6,93,10,49,27.67,81.5,242.43,Maize,Flowering,DAP,,
8.16,103,14,86,11.47,72.94,2547.21,Tomato,Harvest,DAP,,
8.39,21,57,68,28.85,48.24,2102.25,Tomato,Flowering,Urea,,
5.55,61,14,21,31.22,49.68,2852.67,Tomato,Flowering,DAP,,
5.35,125,80,25,27.13,64.18,572.94,Wheat,Vegetative,MOP,,
4.82,158,35,62,24.08,77.88,2780.41,Rice,Vegetative,DAP,,
6.75,146,58,116,11.82,73.12,2592.54,Tomato,Flowering,DAP,,
4.55,92,79,50,10.34,31.73,833.73,Maize,Flowering,Compost,,
6.15,114,70,29,20.27,77.12,547.4,Tomato,Sowing,MOP,,
4.79,109,12,49,33.14,82.88,1960.11,Rice,Flowering,DAP,,
6.12,140,48,70,29.42,35.39,2092.68,Potato,Flowering,DAP,,
4.66,39,87,86,13.76,76.2,2190.57,Rice,Flowering,Urea,,
7.84,91,58,43,30.64,45.1,2567.56,Cotton,Harvest,Zinc Sulphate,,
5.34,89,23,28,27.25,40.42,1758.78,Tomato,Vegetative,DAP,,
5.81,136,29,54,15,62.63,995.08,Rice,Flowering,DAP,,
7.98,71,67,100,32.66,63.16,2599.78,Sugarcane,Flowering,Zinc Sulphate,,
7.49,44,53,38,34.91,58.25,1413.5,Rice,Harvest,Urea,,
5.38,85,18,28,16.98,84.11,1416.91,Potato,Flowering,DAP,,
4.79,47,72,116,29.08,44.5,1578.95,Maize,Flowering,Urea,,
7.36,108,71,65,21.34,66.15,2539.55,Potato,Harvest,Zinc Sulphate,,
6.06,39,15,36,11.75,54.59,2918.18,Cotton,Sowing,Urea,,
7.56,89,75,11,35.84,82.43,679.08,Cotton,Vegetative,MOP,,
6.28,56,52,49,34.62,37.97,542,Potato,Sowing,Urea,,
5.88,35,73,112,19.54,34.97,1005.88,Sugarcane,Harvest,Urea,,
6.3,119,53,74,25.95,89.57,2731.89,Tomato,Flowering,NPK,,
7.49,97,14,87,25.37,64.63,1678.74,Maize,Sowing,DAP,,
8.11,33,22,17,15.32,84.72,215.84,Tomato,Harvest,Urea,,
4.7,43,24,36,14.37,54.49,1829.37,Cotton,Flowering,Urea,,
6.6,102,43,106,35.33,66.26,1737.08,Cotton,Harvest,DAP,,
4.63,57,65,104,36.02,71.65,423.53,Tomato,Sowing,Urea,,
6.37,101,82,39,31.76,89.17,617.1,Potato,Sowing,MOP,,
8.04,28,39,34,12.18,36.76,460.49,Cotton,Flowering,Urea,,
5.95,140,65,58,37.27,37.49,1659.23,Tomato,Harvest,Urea,,
8.23,78,34,65,39.42,61.39,1686.75,Tomato,Vegetative,DAP,,
7.02,70,77,109,33.27,33.35,1488.39,Wheat,Vegetative,NPK,,
8.24,128,56,111,20.6,73.65,1462.73,Maize,Flowering,Zinc Sulphate,,
7.53,70,37,74,22.17,89.45,1825.26,Cotton,Harvest,DAP,,
4.91,38,46,40,36.09,78.69,2054.04,Maize,Vegetative,Urea,,
5.42,81,83,108,18.41,45.95,2898.59,Sugarcane,Flowering,Compost,,
6.08,29,82,69,14.26,77.97,1726.37,Maize,Sowing,Urea,,
5.18,150,45,94,34.68,67.67,943.93,Sugarcane,Sowing,Compost,,
6.48,106,10,43,15.8,37.17,2928.88,Wheat,Sowing,DAP,,
6.39,92,84,26,37.22,63.96,496.14,Sugarcane,Flowering,MOP,,
8.33,102,34,82,27.87,83.81,1075.45,Potato,Sowing,DAP,,
6.23,112,84,38,26.66,47.4,2726.79,Tomato,Harvest,MOP,,
7.64,34,50,81,33.27,69.55,2842.82,Sugarcane,Flowering,Urea,,
8.27,125,64,92,10.49,32.49,2006.02,Rice,Harvest,Zinc Sulphate,,
8.01,119,78,15,31.41,80.05,240.94,Sugarcane,Harvest,MOP,,
5.33,95,66,97,27.95,42.36,1439.2,Wheat,Harvest,Compost,,
6.48,97,12,15,25.71,66.52,2811.71,Sugarcane,Vegetative,DAP,,
5.89,134,17,113,16.52,61.45,2691.16,Tomato,Harvest,DAP,,
6.1,114,57,12,34.88,62.89,2702.57,Tomato,Flowering,MOP,,
5.94,152,68,104,17.52,45.22,1022.79,Sugarcane,Vegetative,NPK,,
7.81,63,45,40,24.69,63.55,2509.48,Tomato,Flowering,Zinc Sulphate,,
6.31,22,64,85,14.74,66.17,2082.47,Wheat,Flowering,Urea,,
6.59,66,88,61,39.21,55.53,2702.37,Sugarcane,Vegetative,NPK,,
8.43,31,86,17,15.84,68,1986.16,Sugarcane,Flowering,Urea,,
4.74,34,50,116,34.1,41.49,1250.43,Maize,Sowing,Urea,,
6.45,47,83,99,17.89,60.76,1976.32,Potato,Vegetative,Urea,,
7.6,106,68,35,17.68,73.01,1201.95,Rice,Vegetative,MOP,,
5.1,94,43,24,22.65,52.08,206.99,Sugarcane,Sowing,MOP,,
6.95,113,39,86,35.38,54.67,2486.95,Tomato,Vegetative,DAP,,
5.46,31,71,65,30.63,39.85,2578.23,Cotton,Flowering,Urea,,
7.97,73,79,95,36.15,66.99,2294.62,Wheat,Sowing,Zinc Sulphate,,
5.81,102,64,71,11.42,37.41,836.99,Cotton,Flowering,SSP,,
5.82,51,31,22,38.67,60.05,580.5,Potato,Vegetative,Urea,,
6.89,148,31,55,12.31,42.63,675.82,Tomato,Sowing,DAP,,
5.23,30,22,63,31.63,41.65,1602.76,Cotton,Vegetative,Urea,,
5.64,116,32,18,16.22,35.75,939.93,Cotton,Harvest,DAP,,
6.17,74,27,97,35.23,51.44,2659.29,Tomato,Flowering,DAP,,
5.91,49,83,12,35.87,82.04,1724.24,Potato,Sowing,Urea,,
6.6,87,75,32,26.54,66.29,1460.46,Potato,Harvest,MOP,,
6.9,75,23,21,22.09,76.75,2640.45,Cotton,Sowing,DAP,,
6.77,108,41,50,33.8,36.87,427.01,Wheat,Flowering,MOP,,
7.12,117,39,53,36.22,48.8,2638.75,Rice,Flowering,DAP,,
5.73,36,28,67,32.15,53.32,2445.97,Tomato,Vegetative,Urea,,
5.01,32,78,20,37.21,81.6,2123.84,Potato,Sowing,Urea,,
7.54,159,57,28,28.8,69.86,510.79,Cotton,Vegetative,MOP,,
7.9,143,83,68,30.11,59.43,346.7,Potato,Vegetative,Zinc Sulphate,,
5.53,51,14,82,27.16,48.03,665.11,Potato,Harvest,Urea,,
6.13,106,87,46,24.64,75.6,956.84,Maize,Harvest,NPK,,
6.49,112,48,19,29.65,83.3,1925.46,Sugarcane,Vegetative,MOP,,
6.63,53,52,82,26.83,62.21,424.94,Cotton,Vegetative,Urea,,
7.14,102,28,42,31.94,32.61,712.51,Cotton,Harvest,DAP,,
4.67,31,84,86,38.03,46.31,761.17,Sugarcane,Harvest,Urea,,
7.39,23,48,29,21.19,74.75,2077.97,Tomato,Sowing,Urea,,
4.75,108,68,53,22.34,53.26,1169.28,Sugarcane,Vegetative,Compost,,
6.37,101,61,84,10.45,67.56,970.72,Potato,Flowering,Zinc Sulphate,,
7.81,147,59,114,25.81,61.47,281.45,Wheat,Vegetative,Zinc Sulphate,,
6.3,141,84,102,13.94,84.46,464.19,Potato,Harvest,Zinc Sulphate,,
5.1,52,19,22,31.48,48.42,1739.24,Sugarcane,Harvest,Urea,,
8.44,75,24,117,33.39,56.76,1973.37,Rice,Sowing,DAP,,
8.06,81,69,72,31.68,33.89,2278.31,Tomato,Harvest,Zinc Sulphate,,
7.59,50,44,23,26.4,78.3,1592.96,Maize,Sowing,Urea,,
6.15,43,44,82,26.03,49.55,953.26,Cotton,Sowing,Urea,,
5.24,88,10,63,29.4,73.32,1018.85,Wheat,Flowering,DAP,,
8.27,117,56,51,26.64,30.18,2022.32,Cotton,Sowing,Zinc Sulphate,,
6.63,28,72,47,32.51,82.05,1393.91,Tomato,Vegetative,Urea,,
7.91,27,27,92,36.84,88.32,643.46,Tomato,Harvest,Urea,,
5.87,126,35,115,26.08,58.2,210.88,Rice,Sowing,DAP,,
5.84,112,69,81,13.31,58.96,927.99,Potato,Sowing,Urea,,
8.44,88,27,91,13.93,66.98,2315.57,Cotton,Flowering,DAP,,
6.59,65,72,107,21.28,88.51,2061.25,Maize,Vegetative,NPK,,
5.06,157,50,45,24.89,63.51,473.24,Tomato,Harvest,Compost,,
5.38,121,52,18,16.75,34.43,1443.67,Rice,Flowering,MOP,,
6.43,93,47,89,23.58,63.91,604.91,Cotton,Sowing,DAP,,
4.67,146,36,14,14.07,55.14,1524.22,Potato,Flowering,DAP,,
6.35,158,58,24,17.22,75.65,509.91,Sugarcane,Harvest,MOP,,
6.18,135,65,33,32.02,48.2,2102.45,Sugarcane,Vegetative,MOP,,
7.62,27,58,73,39.57,85.47,1835.11,Potato,Vegetative,Urea,,
5.92,87,50,117,15.59,78,925.24,Maize,Harvest,Compost,,
8.43,147,69,57,20.17,49.59,2978.79,Rice,Harvest,Zinc Sulphate,,
5.22,141,65,52,20.52,51.12,1848.19,Wheat,Vegetative,Compost,,
6.86,22,85,48,16.7,61.07,952.47,Sugarcane,Vegetative,Urea,,
4.86,127,71,34,16.12,35.98,1201.69,Tomato,Vegetative,MOP,,
7.44,147,71,89,13.95,71.41,2765.26,Tomato,Flowering,Urea,,
8.48,139,51,115,37.23,66.55,768.94,Sugarcane,Harvest,Zinc Sulphate,,
7.78,74,37,95,29.48,49.12,770.55,Cotton,Vegetative,DAP,,
6.72,89,46,89,18.71,68.28,1797.58,Tomato,Flowering,MOP,,
6.44,140,29,106,17.74,35.89,1129.99,Rice,Sowing,DAP,,
7.84,119,44,14,27.69,87.12,1051.72,Sugarcane,Vegetative,MOP,,
8.24,51,63,69,30.92,34.02,1348.87,Cotton,Flowering,Urea,,
8.46,25,80,16,17.59,49.73,2527.13,Wheat,Sowing,Urea,,
6.09,35,15,27,20.41,88.23,2554.83,Wheat,Harvest,Urea,,
8.46,33,28,15,18.72,53.9,2064.43,Sugarcane,Harvest,Urea,,
5.12,81,17,21,12.63,83.14,1816.43,Sugarcane,Vegetative,DAP,,
5.51,27,57,117,21.6,39.05,243.76,Sugarcane,Vegetative,Urea,,
4.86,152,75,42,26.01,34,1782.3,Rice,Sowing,Compost,,
5.59,107,25,107,29.66,36.49,2871.45,Sugarcane,Vegetative,DAP,,
7.57,60,33,30,22.5,88.32,2544.52,Cotton,Sowing,DAP,,
7.91,130,34,67,39.5,35.33,604.37,Wheat,Harvest,DAP,,
7.62,78,22,91,28.78,69.1,2927.13,Rice,Harvest,DAP,,
7.02,28,82,87,36.6,56.44,806.58,Wheat,Sowing,Urea,,
6.56,61,39,51,37.48,81.65,546.68,Tomato,Vegetative,DAP,,
7.33,37,18,103,34.64,47.66,1009.03,Rice,Harvest,Urea,,
6.06,65,72,55,18.1,31.73,595.2,Wheat,Sowing,Zinc Sulphate,,
7.87,142,49,12,22.94,74.92,829.1,Potato,Sowing,MOP,,
7.21,47,16,66,10.01,65.33,1064.65,Tomato,Vegetative,Urea,,
7.29,56,89,62,23.54,56.07,1854.19,Tomato,Flowering,Urea,,
6.64,93,41,71,18.81,49.38,1918.6,Tomato,Harvest,MOP,,
8.04,39,70,22,13.36,83.97,1696.42,Sugarcane,Harvest,Urea,,
5.51,131,69,60,35.16,37.31,1034.88,Sugarcane,Flowering,Compost,,
6.02,143,60,110,30.2,38.48,2869.53,Cotton,Harvest,NPK,,
7.61,69,49,28,39.97,30.89,1031.04,Sugarcane,Sowing,MOP,,
6.47,152,88,68,24.95,34.35,1322.89,Tomato,Sowing,Compost,,
8.06,92,20,71,19.92,81.44,1382.35,Wheat,Sowing,DAP,,
5.89,62,82,46,17.91,77.62,262.86,Cotton,Flowering,MOP,,
5.98,145,25,86,23.06,36.15,1400.59,Wheat,Vegetative,DAP,,
8.05,124,34,24,19.3,76.79,1147.37,Maize,Vegetative,DAP,,
6.36,55,41,99,39.72,68.46,397.97,Cotton,Flowering,Urea,,
6.56,120,83,79,15.48,53.25,2471.2,Cotton,Harvest,SSP,,
5.83,22,19,100,10.57,35.05,2192.81,Rice,Flowering,Urea,,
5.61,55,66,21,13.9,66.14,993.66,Potato,Vegetative,Urea,,
7.12,131,50,98,36.75,80.38,929.7,Wheat,Sowing,DAP,,
4.98,64,74,59,30.82,55.24,2733.23,Wheat,Harvest,Compost,,
8.02,119,41,56,33.52,55.46,729.58,Wheat,Vegetative,Zinc Sulphate,,
7.62,155,57,25,19.61,79.6,2646.34,Sugarcane,Vegetative,MOP,,
5.26,92,63,119,28.68,42.64,417.87,Rice,Sowing,Compost,,
7.28,88,84,25,31.24,40.35,2550.74,Rice,Vegetative,MOP,,
6.91,68,50,76,19.79,71.73,1716.61,Wheat,Harvest,MOP,,
5.24,128,70,43,31.74,69.39,2372.4,Sugarcane,Harvest,Compost,,
5.59,138,16,97,28.89,84.73,460.22,Wheat,Harvest,DAP,,
6.14,36,62,115,18.89,50.06,1376.1,Sugarcane,Flowering,Urea,,
7.3,143,62,55,11.59,42.12,1460.95,Potato,Vegetative,NPK,,
7.05,23,35,96,17.14,55.73,1642.88,Maize,Flowering,Urea,,
6.63,103,70,73,28.59,53.03,1957.84,Rice,Vegetative,NPK,,
7.57,154,44,103,27.97,86.29,1290.29,Maize,Flowering,SSP,,
7.53,122,12,58,25.23,85.06,1452.83,Cotton,Harvest,DAP,,
6.97,136,78,30,17.54,55.69,1236.75,Rice,Vegetative,MOP,,
7.65,81,73,62,23.34,54.75,2156.23,Maize,Flowering,MOP,,
5.84,77,20,71,14.32,56.7,2743.55,Maize,Harvest,DAP,,
8.02,77,15,90,29.87,73.85,520.09,Tomato,Vegetative,DAP,,
6.96,125,11,63,36.07,63,1005.03,Cotton,Harvest,DAP,,
7.79,91,86,91,23.91,47.28,815.3,Sugarcane,Sowing,DAP,,
6.69,156,74,12,16.39,76.12,2830.22,Potato,Sowing,MOP,,
5.37,25,49,62,34.84,84.23,1864.5,Potato,Sowing,Urea,,
6.67,38,24,21,19.39,73.07,600.1,Potato,Sowing,Urea,,
5.98,105,39,89,27.82,41.68,1314.19,Cotton,Harvest,DAP,,
7.29,130,15,47,12.26,77.51,1526.34,Sugarcane,Vegetative,DAP,,
6.4,83,30,87,31.54,89.34,1944.34,Potato,Sowing,DAP,,
7.84,154,66,100,23.82,71.11,802.82,Cotton,Flowering,Zinc Sulphate,,
7.21,137,64,27,22.7,44.63,1605.69,Rice,Flowering,MOP,,
7.24,43,72,93,38.05,30.33,2444.24,Potato,Harvest,Urea,,
5.37,142,18,44,24.74,53.12,2047.96,Maize,Sowing,DAP,,
8.44,27,61,90,10.5,58.22,491.77,Maize,Sowing,Urea,,
7.87,86,46,93,38.79,84.58,2754.42,Tomato,Sowing,Zinc Sulphate,,
7.66,30,79,79,10.37,67.18,1147.96,Sugarcane,Flowering,Urea,,
5.82,119,83,99,26.08,46.9,1388.72,Tomato,Vegetative,NPK,,
6.64,85,18,80,29.01,71.5,2138.66,Cotton,Sowing,DAP,,
5.05,148,25,111,36.83,35.53,1491.54,Tomato,Harvest,DAP,,
6.65,26,41,85,30.38,42.81,1846.39,Wheat,Vegetative,Urea,,
5.08,43,12,26,34.33,74.67,1537.68,Rice,Vegetative,Urea,,
6.71,159,23,30,33.1,47.83,1061.85,Wheat,Harvest,DAP,,
7.09,82,30,79,16.41,31.87,1434.63,Tomato,Flowering,DAP,,
6.06,91,81,56,31.01,59.81,1072.44,Maize,Sowing,MOP,,
6.49,107,56,46,29.13,69.48,1456.2,Potato,Harvest,Urea,,
8,135,30,98,17.32,77.34,767.04,Cotton,Harvest,DAP,,
4.93,43,51,63,13.85,48.36,369.91,Sugarcane,Harvest,Urea,,
7.67,57,26,24,32.55,55.47,2156.57,Sugarcane,Sowing,Urea,,
5.18,29,49,20,39.13,63.39,552.61,Potato,Harvest,Urea,,
4.65,107,67,18,32.15,34.48,2502.41,Potato,Vegetative,MOP,,
5.24,46,13,77,32.48,41.86,1218.99,Sugarcane,Flowering,Urea,,
7.56,49,51,12,15,52.16,896.98,Tomato,Harvest,Urea,,
6.12,147,66,22,17.41,46.03,1347.38,Maize,Sowing,MOP,,
7.99,136,45,105,27.57,57.95,618.93,Rice,Harvest,Zinc Sulphate,,
6.6,21,61,15,10.94,69.04,2577.23,Wheat,Sowing,Urea,,
4.59,27,31,10,30.04,62.38,666.89,Maize,Flowering,Urea,,
7.37,67,77,115,14.34,76.45,1582.7,Cotton,Flowering,Zinc Sulphate,,
4.94,83,19,14,22.4,67.58,653.59,Sugarcane,Vegetative,DAP,,
7.66,126,33,75,19.61,47.51,327.97,Cotton,Sowing,DAP,,
5.17,149,44,95,13.19,37.2,2433.64,Maize,Sowing,Compost,,
5.88,146,87,105,27.36,68.38,1760.73,Cotton,Vegetative,NPK,,
7.55,103,29,50,20.84,42.72,418.71,Wheat,Harvest,DAP,,
8.32,35,61,59,11.32,49.12,2700.14,Tomato,Flowering,Urea,,
5.99,151,23,16,23.33,77.71,1299.2,Sugarcane,Harvest,DAP,,
7.82,21,48,30,27.71,43.19,1393.08,Wheat,Sowing,Urea,,
5.26,133,82,90,13.91,62.27,1585.67,Sugarcane,Flowering,Compost,,
7.73,84,43,62,27.55,35.69,828.97,Sugarcane,Vegetative,NPK,,
7.13,45,76,29,19.06,54.99,1742.17,Tomato,Sowing,Urea,,
5.27,49,85,74,17.79,88.82,899.91,Cotton,Sowing,Urea,,
5.71,137,21,41,33.86,87.26,2540.85,Cotton,Flowering,DAP,,
5.03,57,51,113,24.03,86.8,2513.24,Sugarcane,Flowering,Urea,,
6.03,44,40,105,21.34,65.71,1535.83,Sugarcane,Vegetative,Urea,,
5.31,144,80,93,34.39,47.68,1689.05,Cotton,Sowing,Compost,,
7.08,71,18,83,37.31,51.3,2980.04,Cotton,Vegetative,DAP,,
8.48,102,60,15,19.45,42.36,2427.01,Tomato,Flowering,MOP,,
4.55,110,46,50,11.51,35.86,376.11,Tomato,Sowing,Compost,,
6.66,157,31,42,26.22,40.13,683.29,Maize,Vegetative,DAP,,
6.79,80,18,83,31.45,58.04,1869.08,Cotton,Sowing,DAP,,
8.16,130,89,34,27.63,31.62,1240.69,Wheat,Sowing,MOP,,
6.52,21,73,33,30.64,86.35,2451.05,Maize,Sowing,Urea,,
6.67,100,72,104,29.4,63.7,1994.95,Tomato,Flowering,Compost,,
6.39,154,82,102,38.68,40.41,2973.92,Potato,Vegetative,NPK,,
5.58,79,21,21,35.98,54.98,236.07,Wheat,Vegetative,DAP,,
4.72,99,36,116,13.96,52.58,1427.47,Tomato,Vegetative,DAP,,
6.13,132,56,46,23.58,80.12,1341.03,Maize,Sowing,MOP,,
4.71,46,82,115,23.64,37.23,1415.83,Maize,Vegetative,Urea,,
6.7,20,37,59,23.69,55.79,2678.59,Sugarcane,Vegetative,Urea,,
5.73,105,44,18,37.92,72.68,1336.79,Maize,Sowing,MOP,,
6.63,99,47,102,19.82,52.39,2429.69,Tomato,Flowering,Urea,,
5.04,79,50,76,28.43,51.46,1971.4,Tomato,Harvest,Compost,,
8.23,72,76,13,36.89,50.43,1565.62,Potato,Sowing,MOP,,
8.08,55,65,63,11.52,75.72,2139.94,Rice,Sowing,Urea,,
5.26,54,18,94,36.36,37.16,841.44,Maize,Flowering,Urea,,
5.87,52,12,15,32.95,81.4,598.42,Tomato,Sowing,Urea,,
6.95,88,60,75,16.24,34.25,2908.1,Maize,Flowering,SSP,,
4.88,126,86,46,19.77,49.14,1296.27,Wheat,Sowing,Compost,,
5.92,117,58,93,19.32,53.34,1050.37,Maize,Vegetative,NPK,,
5.5,115,89,54,16.64,53.62,942.94,Tomato,Sowing,Urea,,
8.16,108,44,106,29.16,41.26,1942.47,Cotton,Harvest,Zinc Sulphate,,
7.91,78,25,23,39.48,66.19,2990.01,Potato,Harvest,DAP,,
6.82,80,49,93,15,57.21,2705.68,Wheat,Sowing,Compost,,
6.58,46,78,52,16.97,64.05,1321.29,Wheat,Sowing,Urea,,
8.22,131,17,75,18.71,66.89,2706.83,Wheat,Harvest,DAP,,
8.23,109,63,16,38.13,41.48,1479.87,Wheat,Flowering,MOP,,
8.38,34,42,64,28.77,85.22,506.05,Cotton,Flowering,Urea,,
5,128,60,46,16.38,79.81,726.02,Wheat,Harvest,Compost,,
5.14,60,11,85,34.12,79.7,880.36,Potato,Flowering,DAP,,
7.21,31,47,25,37.69,61.9,2769.63,Wheat,Sowing,Urea,,
6.67,115,65,26,22.1,79.2,2941.15,Cotton,Flowering,MOP,,
4.57,23,29,104,15.18,67.65,835.9,Potato,Sowing,Urea,,
4.75,138,61,80,19.3,57.03,1328.55,Maize,Sowing,Compost,,
8.05,24,18,99,16.51,75.15,2948.34,Rice,Sowing,Urea,,
7.98,149,74,10,16.04,66,2572.15,Maize,Flowering,MOP,,
5.93,65,75,11,15.12,30.12,1439.94,Potato,Harvest,MOP,,
8.06,94,28,104,36.28,89.82,1467.35,Cotton,Harvest,DAP,,
6.87,145,25,93,12.58,55.79,2660.11,Maize,Flowering,DAP,,
7.72,156,78,110,22.4,64.3,282.16,Wheat,Flowering,DAP,,
6.21,155,29,42,10.44,54.36,2805.9,Cotton,Sowing,DAP,,
4.95,77,61,22,18.8,36.02,450.22,Cotton,Harvest,MOP,,
6.23,122,23,74,31.21,80.04,2724.01,Rice,Vegetative,DAP,,
6.33,82,86,60,16.09,70.95,379.38,Rice,Flowering,Compost,,
6.7,92,44,42,39.96,79.71,2913.5,Potato,Sowing,DAP,,
4.92,113,66,12,11.45,59.04,223.94,Potato,Vegetative,MOP,,
8.47,41,43,110,14.09,77.5,2901.79,Tomato,Vegetative,Urea,,
5.48,113,68,69,33.61,77.86,373.95,Maize,Flowering,Compost,,
5.29,136,89,92,39.28,50.18,550.44,Wheat,Harvest,Compost,,
6.61,93,37,53,38.62,30.24,2896.19,Rice,Sowing,DAP,,
6.65,83,52,113,33.95,81.59,2416.95,Maize,Flowering,Urea,,
6.26,66,44,105,39.19,41.08,2551.47,Maize,Flowering,Zinc Sulphate,,
7.59,110,24,14,35.22,82.12,1408.16,Sugarcane,Harvest,DAP,,
6.57,40,12,56,11.74,67.1,424.54,Sugarcane,Vegetative,Urea,,
6.94,50,36,52,35.37,68.08,616.92,Tomato,Flowering,Urea,,
7.39,140,13,56,24.51,44.83,2786.37,Wheat,Flowering,DAP,,
4.6,57,31,110,23.7,54.16,1276.41,Sugarcane,Harvest,Urea,,
6.78,58,78,15,10.08,48.73,2315.9,Tomato,Flowering,Urea,,
8.04,119,32,69,28.61,41.42,2132.43,Wheat,Vegetative,DAP,,
4.57,30,22,45,30.15,73.47,1526.63,Wheat,Harvest,Urea,,
6.12,88,69,46,33.72,35.75,2609.66,Potato,Harvest,Urea,,
8.2,53,36,86,19.78,60.72,2032.61,Cotton,Vegetative,Urea,,
5.91,24,59,85,13.84,62.16,2271.46,Tomato,Flowering,Urea,,
6.33,39,88,15,23.2,87.32,2543.29,Maize,Vegetative,Urea,,
8.43,82,21,39,20.87,82.16,823.4,Sugarcane,Vegetative,DAP,,
5.3,64,19,110,32.59,59.5,1021.18,Rice,Harvest,DAP,,
4.76,32,58,101,16.88,80.65,2315.45,Wheat,Flowering,Urea,,
7.94,156,44,19,14.15,77.43,2521.77,Wheat,Harvest,MOP,,
7.97,152,47,37,23.21,31.67,1873.36,Maize,Sowing,MOP,,
6.39,113,63,15,28.84,85.33,2981.22,Maize,Flowering,MOP,,
6.56,111,29,82,18.43,71.27,2658.45,Sugarcane,Sowing,DAP,,
7.84,120,21,33,13.43,70.32,2441.48,Sugarcane,Harvest,DAP,,
7.45,140,12,61,23.17,72.81,886.99,Tomato,Harvest,DAP,,
5.56,143,11,91,38.86,43.49,1132.47,Wheat,Vegetative,DAP,,
4.57,87,31,77,39.02,31.75,1210.06,Cotton,Sowing,DAP,,
6.42,44,44,54,31.26,43.91,459.97,Potato,Harvest,Urea,,
7.94,33,18,96,33.31,77.67,2248.03,Rice,Sowing,Urea,,
8.08,81,26,36,16.11,65.84,1354.14,Rice,Harvest,DAP,,
8.32,136,23,77,21.24,51.68,1938.81,Wheat,Vegetative,DAP,,
8.02,119,41,22,28.14,44.49,2186.47,Maize,Flowering,MOP,,
6.82,85,68,84,32.51,77.99,223.41,Potato,Flowering,NPK,,
6.28,64,67,84,15,57.47,333.9,Wheat,Vegetative,NPK,,
7.6,90,45,28,23.73,66.7,1138.29,Wheat,Harvest,MOP,,
7.46,47,42,42,14.88,30.75,2035.54,Rice,Flowering,Urea,,
6.65,78,83,87,29,55.8,1539.11,Potato,Sowing,NPK,,
4.85,27,73,22,33.16,30.93,2828.89,Wheat,Sowing,Urea,,
8.2,29,22,16,35,77.25,919.28,Potato,Harvest,Urea,,
6.32,40,43,42,31.97,44.96,490.84,Wheat,Sowing,Urea,,
5.95,54,14,41,14.77,40.03,520.2,Maize,Vegetative,Urea,,
7.02,23,79,54,34.85,85.58,830.11,Cotton,Sowing,Urea,,
7.2,104,42,65,20.03,31.08,861.43,Tomato,Vegetative,NPK,,
5.34,44,14,110,35.07,41.87,1261.03,Rice,Flowering,Urea,,
7.85,39,81,81,17.53,44.43,1779.44,Cotton,Vegetative,Urea,,
5.66,115,27,55,24.27,79.37,897.72,Potato,Vegetative,DAP,,
5.25,115,27,107,27.3,72.61,1643.02,Maize,Vegetative,DAP,,
6.13,146,35,28,11.04,88.04,1537.88,Sugarcane,Vegetative,DAP,,
7.42,41,29,109,37.11,71.69,1065.44,Potato,Sowing,Urea,,
8.36,68,13,43,25.35,44.18,1415.36,Potato,Harvest,DAP,,
7.74,108,31,109,15.76,40.01,1273.38,Potato,Sowing,DAP,,
8.26,25,82,72,14.82,75.32,2860.13,Wheat,Vegetative,Urea,,
5.06,31,18,79,30.6,84.05,392.85,Cotton,Vegetative,Urea,,
4.78,47,68,63,12.45,84.7,2347.5,Tomato,Harvest,Urea,,
6.73,38,42,64,23.19,76.27,1066.35,Tomato,Sowing,Urea,,
5.66,62,16,59,26.21,77.66,719.11,Wheat,Sowing,DAP,,
7.81,118,42,74,16.99,69.74,2637.96,Wheat,Sowing,Zinc Sulphate,,
7.19,55,75,54,13.88,74.15,1514.71,Rice,Flowering,Urea,,
8.38,116,81,39,24.72,36.96,1628.39,Tomato,Harvest,MOP,,
5.52,104,68,88,20.21,49.75,1364.24,Cotton,Sowing,MOP,,
6.44,61,44,82,14.21,57.49,1332.66,Potato,Flowering,DAP,,
6.5,110,41,70,16.31,69.86,2139.99,Sugarcane,Harvest,Compost,,
5.46,145,10,102,24.13,55.06,2326.34,Rice,Flowering,DAP,,
6.86,64,61,68,13.99,52.5,2409.35,Wheat,Harvest,Zinc Sulphate,,
6.27,49,44,11,38.08,63.82,1670.57,Tomato,Flowering,Urea,,
6.29,58,49,39,33.26,53.67,2165.59,Cotton,Sowing,Urea,,
5.95,49,53,55,19.77,34.35,2377.28,Cotton,Harvest,Urea,,
4.57,128,48,77,17.75,88.17,2113.32,Rice,Sowing,Compost,,
6.59,107,29,28,36.23,85.57,742.22,Sugarcane,Harvest,DAP,,
5.84,105,12,93,22.81,32.34,2192.97,Rice,Sowing,DAP,,
4.51,56,62,14,35.88,61.75,2014.82,Sugarcane,Vegetative,Urea,,
5.73,109,21,82,32.27,72.77,469.41,Rice,Harvest,DAP,,
5.61,116,17,93,12.76,66.59,2009.37,Cotton,Harvest,DAP,,
6.07,43,73,66,34.41,51.2,2650.25,Wheat,Harvest,Urea,,
5.03,88,50,72,26.2,78.2,1357.08,Sugarcane,Flowering,Compost,,
6.53,107,20,61,30.33,66.88,573.96,Tomato,Sowing,DAP,,
7.27,118,35,68,16.57,44.34,1909.78,Tomato,Sowing,DAP,,
7.02,141,47,69,10.01,66.67,869.15,Cotton,Sowing,DAP,,
7.72,105,14,89,20.01,46.48,1726.14,Sugarcane,Vegetative,DAP,,
6.31,36,41,93,15.72,65.75,2073.93,Sugarcane,Vegetative,Urea,,
6.58,31,78,29,23.06,75.86,1628.79,Sugarcane,Harvest,Urea,,
7.74,49,24,99,12.73,48.15,1064.05,Potato,Flowering,Urea,,
6.21,25,70,112,36.85,46.95,2599.71,Rice,Vegetative,Urea,,
7.31,144,61,42,13.56,73.6,580.58,Potato,Sowing,MOP,,
6.24,30,37,21,32.93,60.5,319.84,Sugarcane,Harvest,Urea,,
6.17,147,28,30,38.18,38.33,2520.48,Potato,Sowing,DAP,,
7.54,143,63,65,14.45,62.74,295.68,Wheat,Sowing,NPK,,
5.2,79,24,32,20.39,69.79,1564.13,Sugarcane,Vegetative,DAP,,
5.85,29,22,29,31.93,59.48,1705.91,Rice,Harvest,Urea,,
5.4,35,32,96,31.43,67.45,1147.43,Sugarcane,Flowering,Urea,,
5.94,103,89,58,11.12,51.89,972.4,Rice,Harvest,NPK,,
5.42,119,71,56,12.12,82.67,2272.73,Cotton,Vegetative,Compost,,
6.82,34,34,79,13.6,44.4,1225.77,Wheat,Vegetative,Urea,,
7.69,104,41,54,27.04,46.88,546.44,Rice,Harvest,NPK,,
7.65,58,30,85,11.65,76.42,1496.91,Maize,Vegetative,Urea,,
5.96,24,10,44,27.65,33.47,2233.84,Maize,Sowing,Urea,,
8.46,105,37,81,20.27,89.24,1062.73,Cotton,Vegetative,DAP,,
6.88,50,21,36,30.08,67.74,569.89,Sugarcane,Vegetative,Urea,,
6.1,57,88,89,33.46,78.45,1155.1,Wheat,Flowering,Urea,,
7.84,38,29,56,33.74,65.04,1727.31,Tomato,Sowing,Urea,,
7.42,34,60,41,11.13,77.18,484.84,Potato,Harvest,Urea,,
7.5,133,35,38,38.42,56.05,856.72,Cotton,Vegetative,DAP,,
5.28,107,52,80,27.6,64.6,2918.32,Sugarcane,Sowing,Compost,,
6.37,28,59,89,36.87,69.72,771.65,Cotton,Vegetative,Urea,,
7.95,24,83,62,28.45,84.12,377.83,Sugarcane,Sowing,Urea,,
6.52,158,37,102,24.52,32.09,1410.05,Sugarcane,Flowering,DAP,,
7.23,137,35,65,31.89,36.53,406.72,Maize,Vegetative,DAP,,
6.85,122,86,98,16.58,71.44,237.95,Cotton,Flowering,NPK,,
7.87,110,34,52,13.1,50.66,243.37,Sugarcane,Harvest,DAP,,
5.64,21,40,109,12.71,70.66,1030.05,Potato,Harvest,Urea,,
6.8,40,88,13,35.47,43.66,406.62,Wheat,Flowering,Urea,,
4.99,70,27,73,37.37,67.7,740.11,Wheat,Flowering,DAP,,
7.26,20,49,100,34.43,58.69,2015.12,Cotton,Sowing,Urea,,
7.43,28,76,96,37.13,37.38,1007.4,Rice,Sowing,Urea,,
4.67,132,72,32,39.54,85.77,1811.37,Potato,Flowering,MOP,,
7.2,40,20,69,25.78,77.53,1351.67,Maize,Harvest,Urea,,
6.16,99,36,39,14.62,76.86,2677.24,Tomato,Sowing,DAP,,
5,159,46,52,28.24,71.82,2149.98,Potato,Flowering,Compost,,
6.18,56,21,97,20.62,31.28,2587.03,Maize,Harvest,Urea,,
5.28,110,37,57,20.39,60.28,1652.89,Wheat,Sowing,DAP,,
6.16,90,15,89,31.83,75.06,2387.35,Maize,Sowing,DAP,,
6.04,129,79,16,12.72,43,1923.62,Cotton,Vegetative,MOP,,
7.45,123,53,96,11.13,66.92,2283,Tomato,Harvest,Urea,,
7.6,128,56,111,30.86,85.77,2116.89,Rice,Vegetative,NPK,,
6.93,23,45,40,17.82,75.18,1041.43,Potato,Flowering,Urea,,
4.59,159,53,115,21.57,62.86,551.16,Cotton,Vegetative,Compost,,
8.22,86,78,28,19.23,48.6,2458,Wheat,Sowing,MOP,,
7.24,23,32,61,28.45,68.19,416.54,Maize,Sowing,Urea,,
4.64,34,32,77,14.64,72.86,1894.47,Tomato,Sowing,Urea,,
7.78,56,44,15,31.62,68.27,2968.58,Cotton,Sowing,Urea,,
5.3,156,78,92,37.75,75.33,711.55,Rice,Vegetative,Compost,,
6.82,33,70,69,35.08,46.75,2281.76,Potato,Sowing,Urea,,
6.37,142,47,100,37.21,60.47,2868.84,Sugarcane,Sowing,MOP,,
6.18,130,61,102,38.11,62.92,1587.35,Maize,Sowing,DAP,,
8.06,145,11,21,21.17,35.39,1804.42,Maize,Sowing,DAP,,
6.25,101,28,47,33.87,40.59,1229.46,Sugarcane,Flowering,DAP,,
4.8,69,72,22,24.84,48.4,1436.94,Tomato,Harvest,MOP,,
8.29,97,76,37,18.09,32.87,1964.29,Maize,Harvest,MOP,,
8.18,44,32,14,32.41,44.02,2640.07,Cotton,Harvest,Urea,,
7.24,58,35,55,17.32,61.33,2866.53,Potato,Vegetative,Urea,,
6.37,45,39,55,13.29,62.5,1721.03,Tomato,Harvest,Urea,,
4.87,79,28,90,31.14,44.97,2390.33,Potato,Harvest,DAP,,
7.66,71,48,36,18.63,86.79,2262.13,Tomato,Flowering,MOP,,
4.8,89,37,35,19.18,58.03,891.66,Wheat,Sowing,DAP,,
4.77,67,82,71,36.43,68.24,1493.21,Maize,Harvest,Compost,,
6.65,73,70,77,14.07,31.82,2113.84,Wheat,Sowing,Zinc Sulphate,,
5.14,134,57,81,32.95,53.95,560.9,Wheat,Sowing,Compost,,
4.53,135,88,99,21.59,62.53,2675.12,Potato,Sowing,Compost,,
6.19,148,22,106,36.79,48.74,1327.12,Cotton,Flowering,DAP,,
5.05,133,20,21,23.21,40.28,1469.79,Potato,Sowing,DAP,,
5.14,40,49,86,22.27,42.07,2635.28,Sugarcane,Flowering,Urea,,
4.81,129,60,94,22.9,57.99,682.33,Potato,Harvest,Compost,,
5.32,91,79,61,35.13,34.26,299.48,Maize,Vegetative,Compost,,
7.36,37,89,46,10.32,44.07,1000.9,Rice,Sowing,Urea,,
7.74,34,39,34,31.15,73.17,620.64,Maize,Vegetative,Urea,,
6.31,61,39,48,16.16,42.88,2959.64,Cotton,Vegetative,DAP,,
6.53,39,87,76,36.46,37.02,1785.27,Cotton,Sowing,Urea,,
4.63,35,63,28,21.28,35.03,1780.67,Tomato,Vegetative,Urea,,
4.78,154,16,80,20.17,89.32,2423.51,Sugarcane,Flowering,DAP,,
5.53,114,76,90,31.38,35.21,923.84,Wheat,Sowing,NPK,,
6.68,112,19,86,31.67,56.01,1663.5,Rice,Harvest,DAP,,
7.46,100,70,33,29.01,60.66,598.01,Maize,Harvest,MOP,,
6.92,152,46,60,19.89,87.87,461.78,Rice,Sowing,DAP,,
6.07,97,24,54,28.31,83.47,1431.17,Wheat,Flowering,DAP,,
4.97,114,59,17,11.63,44.26,2756.11,Wheat,Sowing,MOP,,
7.62,83,13,81,38.66,35.08,1434.99,Rice,Sowing,DAP,,
5.96,45,51,54,23.58,56.28,1464.85,Cotton,Flowering,Urea,,
7.44,96,77,11,19.13,36.05,2622.28,Tomato,Harvest,MOP,,
6.55,77,19,39,35.82,82.27,1000.92,Wheat,Sowing,DAP,,
7.45,115,31,76,19.73,72.23,1571.64,Potato,Vegetative,DAP,,
8.13,66,40,54,39.92,86.63,660.34,Maize,Vegetative,Zinc Sulphate,,
8.18,90,85,35,30.72,64.17,2569.29,Rice,Sowing,MOP,,
6.64,142,82,26,29.49,51.87,304.14,Wheat,Flowering,MOP,,
6.55,65,37,47,14.56,60.04,1356.71,Cotton,Harvest,DAP,,
5.56,27,78,76,28.3,39.65,974.43,Tomato,Vegetative,Urea,,
8.24,21,89,66,14.65,57.78,920.34,Rice,Vegetative,Urea,,
6.33,55,28,42,33.51,89.92,883.72,Cotton,Flowering,Urea,,
5.01,107,87,103,14.15,71.43,1234.68,Maize,Harvest,Compost,,
6.23,138,56,88,20.76,33.74,2724.18,Tomato,Vegetative,NPK,,
5.01,61,33,81,24.3,73.54,2184.55,Tomato,Vegetative,DAP,,
6.51,121,65,103,34.16,36.04,2690.41,Sugarcane,Harvest,DAP,,
6.75,158,20,73,28.98,53.44,750.05,Rice,Sowing,DAP,,
5.85,78,86,32,32.44,77.18,2577.55,Maize,Sowing,MOP,,
4.79,68,83,21,17.32,37.69,1403.6,Cotton,Harvest,MOP,,
8.27,123,63,112,17.12,47.56,2946.98,Cotton,Vegetative,Zinc Sulphate,,
7.59,147,68,17,21.42,41.72,1862.23,Cotton,Sowing,MOP,,
7.86,93,74,82,10.56,82.21,1564.64,Rice,Sowing,Zinc Sulphate,,
5.97,49,41,81,34.92,38.87,2790.59,Maize,Sowing,Urea,,
7.54,47,27,47,21.1,62.15,1267.71,Cotton,Vegetative,Urea,,
6.44,112,13,42,12.03,46.52,2296.49,Cotton,Harvest,DAP,,
5.3,46,89,57,36.17,60.44,1525.44,Sugarcane,Vegetative,Urea,,
5,146,60,106,39.03,40.04,2254.11,Maize,Harvest,Compost,,
5.88,117,56,54,29.4,75.45,971.92,Potato,Flowering,SSP,,
5.05,71,63,84,20.7,68.59,1338.72,Maize,Vegetative,Compost,,
8.49,63,34,32,22.41,32.61,1166.93,Sugarcane,Vegetative,DAP,,
4.7,151,19,116,17.68,86.85,2632.71,Cotton,Flowering,DAP,,
6.26,67,16,52,31.34,83.58,2799.97,Wheat,Sowing,DAP,,
6.31,117,74,34,20.68,47.87,2259.46,Potato,Flowering,MOP,,
5.7,35,28,24,10.97,47.51,2500.45,Tomato,Flowering,Urea,,
6.79,66,16,19,11.38,59.95,1190.89,Cotton,Sowing,DAP,,
5.1,129,54,29,28.44,67.15,621.83,Wheat,Sowing,MOP,,
7.64,94,87,25,18.71,47.46,2122.44,Potato,Harvest,MOP,,
5.83,34,47,108,15.06,77.72,1984.45,Cotton,Harvest,Urea,,
6.87,121,16,107,26.57,34.71,938.54,Maize,Flowering,DAP,,
7.36,113,55,94,18.35,53.87,2754.67,Potato,Flowering,Compost,,
8.06,148,76,66,12.2,63.35,1201.14,Maize,Vegetative,Zinc Sulphate,,
7.84,83,84,55,15.81,77.98,2482.62,Wheat,Harvest,Zinc Sulphate,,
6.93,111,17,113,33.34,82.31,561.45,Rice,Sowing,DAP,,
6.05,62,12,10,35.56,44.66,1002.86,Tomato,Vegetative,DAP,,
6.51,33,21,34,36.16,44.46,1920.38,Rice,Sowing,Urea,,
7.57,87,52,65,26.04,52.1,877.41,Cotton,Flowering,MOP,,
8.01,33,16,55,38.53,55.65,2878.19,Sugarcane,Harvest,Urea,,
4.92,111,57,68,14.55,80.9,1744.38,Tomato,Harvest,Compost,,
6.04,157,89,71,30.35,30.45,2248.07,Cotton,Sowing,MOP,,
7.6,36,54,87,31.13,71.1,1772.18,Wheat,Flowering,Urea,,
6.23,155,34,70,11.6,43.2,1338.93,Tomato,Sowing,DAP,,
5.83,21,13,92,18.47,82.94,2502.02,Wheat,Harvest,Urea,,
6.15,84,13,17,38.47,49.04,263.36,Tomato,Sowing,DAP,,
6.91,138,59,50,32.77,62.25,1395.03,Maize,Sowing,Urea,,
8.5,118,67,24,11.64,49.74,2667.13,Cotton,Flowering,MOP,,
6.47,126,74,53,26.22,55.52,438.36,Sugarcane,Sowing,NPK,,
5.33,136,76,91,29.46,61.33,780.87,Tomato,Vegetative,Compost,,
5.15,28,37,10,39.19,74.85,2889.75,Cotton,Sowing,Urea,,
4.67,93,84,106,31.49,37.25,2885.11,Cotton,Harvest,Compost,,
6.74,41,46,74,29.16,51.13,1276.74,Cotton,Harvest,Urea,,
6.68,35,11,43,37.26,68.38,2306.34,Rice,Vegetative,Urea,,
5.32,113,82,13,29.83,65.33,1952.25,Sugarcane,Flowering,MOP,,
7.28,105,70,90,37.96,76.85,1580.43,Cotton,Flowering,SSP,,
7.46,51,60,11,24.78,83.34,2479.01,Rice,Sowing,Urea,,
5.54,30,40,48,31.56,35.64,2022.42,Cotton,Sowing,Urea,,
5.88,39,52,63,28.95,72.83,454.97,Sugarcane,Vegetative,Urea,,
8.46,103,37,19,26.58,47.04,2550.93,Maize,Harvest,DAP,,
6,86,48,51,19.72,58.88,968.42,Rice,Sowing,NPK,,
7.54,63,74,54,37.11,67.67,1972.29,Wheat,Sowing,Urea,,
6.31,114,25,110,18.1,39.04,2371.25,Wheat,Vegetative,DAP,,
7.67,125,76,35,14.78,50.8,2713.4,Rice,Sowing,MOP,,
7.58,154,88,36,31.36,88.56,2790.71,Wheat,Vegetative,MOP,,
7.17,113,77,48,26.4,38.18,2792.24,Wheat,Flowering,MOP,,
7.92,73,45,34,17.89,35,2040.09,Wheat,Sowing,MOP,,
8.26,101,39,38,36.11,80.21,1947.7,Sugarcane,Vegetative,DAP,,
6.82,32,32,119,18.59,55.84,241.32,Potato,Flowering,Urea,,
5.45,52,72,91,11.91,70.49,436.74,Tomato,Harvest,Urea,,
6.09,154,78,31,10.46,48.34,1299.24,Tomato,Vegetative,MOP,,
7.53,30,56,99,37.69,41.91,2419.98,Wheat,Harvest,Urea,,
7.1,89,20,69,22.07,42.75,1857.78,Maize,Sowing,DAP,,
5.21,40,28,99,16.4,41.74,858.69,Tomato,Harvest,Urea,,
4.7,51,71,61,27.01,44.82,544.08,Tomato,Harvest,Urea,,
7.23,152,81,94,24.64,43.27,1510.97,Sugarcane,Vegetative,NPK,,
5.5,125,52,30,40,78.82,2756.24,Rice,Flowering,MOP,,
